term,split,kind,bodies,family,events,pivot_matches,match_rate,calendar_baseline,lift,interpretation
short,validation,aspect,Uranus/Moon,square,80,37,0.4625,0.4206204379562044,1.0995661605206073,Descriptive retrospective association; no significance claim
short,validation,aspect,Sun/Moon,conjunction,37,17,0.4594594594594595,0.4206204379562044,1.0923374567626194,Descriptive retrospective association; no significance claim
short,validation,aspect,Pluto/Moon,conjunction,40,20,0.5,0.4206204379562044,1.1887201735357917,Descriptive retrospective association; no significance claim
short,validation,aspect,Mars/Moon,square,77,38,0.4935064935064935,0.4206204379562044,1.173282249204158,Descriptive retrospective association; no significance claim
short,validation,aspect,Mercury/Moon,conjunction,37,16,0.43243243243243246,0.4206204379562044,1.0280823122471712,Descriptive retrospective association; no significance claim
short,validation,aspect,Sun/Pluto,conjunction,3,2,0.6666666666666666,0.4206204379562044,1.5849602313810556,Descriptive retrospective association; no significance claim
short,validation,aspect,Jupiter/Moon,opposition,40,14,0.35,0.4206204379562044,0.8321041214750541,Descriptive retrospective association; no significance claim
short,validation,24_band,Mars,,56,35,0.625,0.4206204379562044,1.4859002169197395,Descriptive retrospective association; no significance claim
short,validation,24_band,Moon,,640,272,0.425,0.4206204379562044,1.0104121475054229,Descriptive retrospective association; no significance claim
short,validation,simultaneous_24,Mars/Moon,,23,15,0.6521739130434783,0.4206204379562044,1.5505045741771195,Descriptive retrospective association; no significance claim
short,validation,aspect,Saturn/Moon,sextile,80,39,0.4875,0.4206204379562044,1.1590021691973968,Descriptive retrospective association; no significance claim
short,validation,aspect,Venus/Moon,conjunction,37,16,0.43243243243243246,0.4206204379562044,1.0280823122471712,Descriptive retrospective association; no significance claim
short,validation,ingress,Moon,,482,204,0.42323651452282157,0.4206204379562044,1.0062195659805042,Descriptive retrospective association; no significance claim
short,validation,aspect,Neptune/Moon,semisextile,80,32,0.4,0.4206204379562044,0.9509761388286334,Descriptive retrospective association; no significance claim
short,validation,aspect,Sun/Mars,square,2,0,0.0,0.4206204379562044,0.0,Descriptive retrospective association; no significance claim
short,validation,aspect,Uranus/Moon,sextile,80,32,0.4,0.4206204379562044,0.9509761388286334,Descriptive retrospective association; no significance claim
short,validation,aspect,Mercury/Jupiter,opposition,3,1,0.3333333333333333,0.4206204379562044,0.7924801156905278,Descriptive retrospective association; no significance claim
short,validation,aspect,Pluto/Moon,semisextile,80,35,0.4375,0.4206204379562044,1.0401301518438177,Descriptive retrospective association; no significance claim
short,validation,aspect,Mars/Moon,trine,77,28,0.36363636363636365,0.4206204379562044,0.8645237625714849,Descriptive retrospective association; no significance claim
short,validation,aspect,Sun/Moon,semisextile,74,27,0.36486486486486486,0.4206204379562044,0.8674444509585507,Descriptive retrospective association; no significance claim
short,validation,aspect,Jupiter/Moon,quincunx,80,29,0.3625,0.4206204379562044,0.861822125813449,Descriptive retrospective association; no significance claim
short,validation,aspect,Mercury/Moon,semisextile,74,29,0.3918918918918919,0.4206204379562044,0.9316995954739988,Descriptive retrospective association; no significance claim
short,validation,aspect,Saturn/Moon,square,80,33,0.4125,0.4206204379562044,0.9806941431670281,Descriptive retrospective association; no significance claim
short,validation,aspect,Venus/Moon,semisextile,73,29,0.3972602739726027,0.4206204379562044,0.9444626036311768,Descriptive retrospective association; no significance claim
short,validation,24_band,Mercury,,101,38,0.37623762376237624,0.4206204379562044,0.8944825068190115,Descriptive retrospective association; no significance claim
short,validation,aspect,Neptune/Moon,conjunction,40,18,0.45,0.4206204379562044,1.0698481561822126,Descriptive retrospective association; no significance claim
short,validation,simultaneous_24,Mercury/Moon,,30,14,0.4666666666666667,0.4206204379562044,1.109472161966739,Descriptive retrospective association; no significance claim
short,validation,aspect,Uranus/Moon,semisextile,80,27,0.3375,0.4206204379562044,0.8023861171366594,Descriptive retrospective association; no significance claim
short,validation,aspect,Pluto/Moon,sextile,81,39,0.48148148148148145,0.4206204379562044,1.1446935004418735,Descriptive retrospective association; no significance claim
short,validation,aspect,Mars/Moon,quincunx,77,29,0.37662337662337664,0.4206204379562044,0.8953996112347522,Descriptive retrospective association; no significance claim
short,validation,aspect,Sun/Moon,sextile,75,29,0.38666666666666666,0.4206204379562044,0.9192769342010122,Descriptive retrospective association; no significance claim
short,validation,aspect,Jupiter/Moon,trine,80,29,0.3625,0.4206204379562044,0.861822125813449,Descriptive retrospective association; no significance claim
short,validation,aspect,Sun/Jupiter,opposition,3,2,0.6666666666666666,0.4206204379562044,1.5849602313810556,Descriptive retrospective association; no significance claim
short,validation,aspect,Mercury/Moon,sextile,74,29,0.3918918918918919,0.4206204379562044,0.9316995954739988,Descriptive retrospective association; no significance claim
short,validation,aspect,Saturn/Moon,trine,80,33,0.4125,0.4206204379562044,0.9806941431670281,Descriptive retrospective association; no significance claim
short,validation,aspect,Mercury/Saturn,sextile,10,3,0.3,0.4206204379562044,0.713232104121475,Descriptive retrospective association; no significance claim
short,validation,aspect,Venus/Moon,sextile,74,26,0.35135135135135137,0.4206204379562044,0.8353168787008266,Descriptive retrospective association; no significance claim
short,validation,aspect,Uranus/Moon,conjunction,40,16,0.4,0.4206204379562044,0.9509761388286334,Descriptive retrospective association; no significance claim
short,validation,aspect,Pluto/Moon,square,80,35,0.4375,0.4206204379562044,1.0401301518438177,Descriptive retrospective association; no significance claim
short,validation,aspect,Mars/Moon,opposition,38,19,0.5,0.4206204379562044,1.1887201735357917,Descriptive retrospective association; no significance claim
short,validation,aspect,Mercury/Venus,conjunction,8,4,0.5,0.4206204379562044,1.1887201735357917,Descriptive retrospective association; no significance claim
short,validation,aspect,Jupiter/Moon,square,80,35,0.4375,0.4206204379562044,1.0401301518438177,Descriptive retrospective association; no significance claim
short,validation,aspect,Sun/Moon,square,74,32,0.43243243243243246,0.4206204379562044,1.0280823122471712,Descriptive retrospective association; no significance claim
short,validation,24_band,Sun,,90,46,0.5111111111111111,0.4206204379562044,1.2151361773921425,Descriptive retrospective association; no significance claim
short,validation,aspect,Saturn/Moon,quincunx,80,31,0.3875,0.4206204379562044,0.9212581344902385,Descriptive retrospective association; no significance claim
short,validation,aspect,Venus/Moon,square,74,29,0.3918918918918919,0.4206204379562044,0.9316995954739988,Descriptive retrospective association; no significance claim
short,validation,simultaneous_24,Moon/Sun,,18,11,0.6111111111111112,0.4206204379562044,1.452880212099301,Descriptive retrospective association; no significance claim
short,validation,aspect,Mercury/Moon,square,74,30,0.40540540540540543,0.4206204379562044,0.9638271677317231,Descriptive retrospective association; no significance claim
short,validation,aspect,Mars/Jupiter,square,5,1,0.2,0.4206204379562044,0.4754880694143167,Descriptive retrospective association; no significance claim
short,validation,aspect,Neptune/Moon,sextile,80,34,0.425,0.4206204379562044,1.0104121475054229,Descriptive retrospective association; no significance claim
short,validation,aspect,Pluto/Moon,trine,80,35,0.4375,0.4206204379562044,1.0401301518438177,Descriptive retrospective association; no significance claim
short,validation,aspect,Jupiter/Moon,sextile,79,38,0.4810126582278481,0.4206204379562044,1.1435789011230402,Descriptive retrospective association; no significance claim
short,validation,aspect,Sun/Moon,trine,74,29,0.3918918918918919,0.4206204379562044,0.9316995954739988,Descriptive retrospective association; no significance claim
short,validation,aspect,Saturn/Moon,opposition,40,12,0.3,0.4206204379562044,0.713232104121475,Descriptive retrospective association; no significance claim
short,validation,aspect,Venus/Moon,trine,74,38,0.5135135135135135,0.4206204379562044,1.2208477457935156,Descriptive retrospective association; no significance claim
short,validation,aspect,Venus/Saturn,sextile,6,2,0.3333333333333333,0.4206204379562044,0.7924801156905278,Descriptive retrospective association; no significance claim
short,validation,aspect,Mercury/Moon,trine,74,34,0.4594594594594595,0.4206204379562044,1.0923374567626194,Descriptive retrospective association; no significance claim
short,validation,aspect,Sun/Venus,conjunction,3,3,1.0,0.4206204379562044,2.3774403470715835,Descriptive retrospective association; no significance claim
short,validation,aspect,Sun/Saturn,sextile,6,1,0.16666666666666666,0.4206204379562044,0.3962400578452639,Descriptive retrospective association; no significance claim
short,validation,aspect,Neptune/Moon,square,80,31,0.3875,0.4206204379562044,0.9212581344902385,Descriptive retrospective association; no significance claim
short,validation,ingress,Mercury,,43,17,0.3953488372093023,0.4206204379562044,0.9399182767492306,Descriptive retrospective association; no significance claim
short,validation,aspect,Pluto/Moon,quincunx,80,31,0.3875,0.4206204379562044,0.9212581344902385,Descriptive retrospective association; no significance claim
short,validation,aspect,Jupiter/Moon,semisextile,80,41,0.5125,0.4206204379562044,1.2184381778741864,Descriptive retrospective association; no significance claim
short,validation,aspect,Venus/Moon,quincunx,74,36,0.4864864864864865,0.4206204379562044,1.1565926012780676,Descriptive retrospective association; no significance claim
short,validation,aspect,Sun/Moon,quincunx,74,36,0.4864864864864865,0.4206204379562044,1.1565926012780676,Descriptive retrospective association; no significance claim
short,validation,aspect,Mercury/Neptune,semisextile,8,2,0.25,0.4206204379562044,0.5943600867678959,Descriptive retrospective association; no significance claim
short,validation,aspect,Neptune/Moon,trine,81,34,0.41975308641975306,0.4206204379562044,0.997937923462146,Descriptive retrospective association; no significance claim
short,validation,aspect,Mercury/Moon,quincunx,74,33,0.44594594594594594,0.4206204379562044,1.0602098845048953,Descriptive retrospective association; no significance claim
short,validation,aspect,Pluto/Moon,opposition,40,13,0.325,0.4206204379562044,0.7726681127982646,Descriptive retrospective association; no significance claim
short,validation,24_band,Venus,,91,31,0.34065934065934067,0.4206204379562044,0.8098972610903197,Descriptive retrospective association; no significance claim
short,validation,aspect,Jupiter/Moon,conjunction,40,18,0.45,0.4206204379562044,1.0698481561822126,Descriptive retrospective association; no significance claim
short,validation,aspect,Venus/Moon,opposition,37,15,0.40540540540540543,0.4206204379562044,0.9638271677317231,Descriptive retrospective association; no significance claim
short,validation,aspect,Sun/Moon,opposition,37,17,0.4594594594594595,0.4206204379562044,1.0923374567626194,Descriptive retrospective association; no significance claim
short,validation,simultaneous_24,Moon/Venus,,23,9,0.391304347826087,0.4206204379562044,0.9303027445062718,Descriptive retrospective association; no significance claim
short,validation,aspect,Venus/Mars,square,5,4,0.8,0.4206204379562044,1.9019522776572668,Descriptive retrospective association; no significance claim
short,validation,aspect,Neptune/Moon,quincunx,80,37,0.4625,0.4206204379562044,1.0995661605206073,Descriptive retrospective association; no significance claim
short,validation,aspect,Mercury/Uranus,sextile,10,4,0.4,0.4206204379562044,0.9509761388286334,Descriptive retrospective association; no significance claim
short,validation,aspect,Uranus/Moon,trine,80,31,0.3875,0.4206204379562044,0.9212581344902385,Descriptive retrospective association; no significance claim
short,validation,aspect,Mercury/Moon,opposition,37,19,0.5135135135135135,0.4206204379562044,1.2208477457935156,Descriptive retrospective association; no significance claim
short,validation,aspect,Mars/Moon,sextile,77,35,0.45454545454545453,0.4206204379562044,1.080654703214356,Descriptive retrospective association; no significance claim
short,validation,aspect,Mercury/Pluto,semisextile,8,4,0.5,0.4206204379562044,1.1887201735357917,Descriptive retrospective association; no significance claim
short,validation,aspect,Neptune/Moon,opposition,40,17,0.425,0.4206204379562044,1.0104121475054229,Descriptive retrospective association; no significance claim
short,validation,aspect,Uranus/Moon,quincunx,80,39,0.4875,0.4206204379562044,1.1590021691973968,Descriptive retrospective association; no significance claim
short,validation,aspect,Mercury/Jupiter,quincunx,6,1,0.16666666666666666,0.4206204379562044,0.3962400578452639,Descriptive retrospective association; no significance claim
short,validation,ingress,Sun,,36,12,0.3333333333333333,0.4206204379562044,0.7924801156905278,Descriptive retrospective association; no significance claim
short,validation,aspect,Mars/Moon,semisextile,77,30,0.38961038961038963,0.4206204379562044,0.9262754598980195,Descriptive retrospective association; no significance claim
short,validation,aspect,Mercury/Venus,semisextile,18,11,0.6111111111111112,0.4206204379562044,1.452880212099301,Descriptive retrospective association; no significance claim
short,validation,aspect,Uranus/Moon,opposition,40,23,0.575,0.4206204379562044,1.3670281995661604,Descriptive retrospective association; no significance claim
short,validation,aspect,Mars/Moon,conjunction,38,17,0.4473684210526316,0.4206204379562044,1.0635917342162347,Descriptive retrospective association; no significance claim
short,validation,aspect,Saturn/Moon,semisextile,80,34,0.425,0.4206204379562044,1.0104121475054229,Descriptive retrospective association; no significance claim
short,validation,aspect,Sun/Neptune,semisextile,6,3,0.5,0.4206204379562044,1.1887201735357917,Descriptive retrospective association; no significance claim
short,validation,aspect,Mercury/Mars,trine,2,1,0.5,0.4206204379562044,1.1887201735357917,Descriptive retrospective association; no significance claim
short,validation,aspect,Mercury/Saturn,square,8,3,0.375,0.4206204379562044,0.8915401301518437,Descriptive retrospective association; no significance claim
short,validation,aspect,Saturn/Moon,conjunction,40,21,0.525,0.4206204379562044,1.2481561822125813,Descriptive retrospective association; no significance claim
short,validation,aspect,Sun/Uranus,sextile,6,1,0.16666666666666666,0.4206204379562044,0.3962400578452639,Descriptive retrospective association; no significance claim
short,validation,aspect,Mars/Saturn,semisextile,2,1,0.5,0.4206204379562044,1.1887201735357917,Descriptive retrospective association; no significance claim
short,validation,station,Venus,,3,3,1.0,0.4206204379562044,2.3774403470715835,Descriptive retrospective association; no significance claim
short,validation,aspect,Sun/Jupiter,quincunx,6,2,0.3333333333333333,0.4206204379562044,0.7924801156905278,Descriptive retrospective association; no significance claim
short,validation,aspect,Sun/Pluto,semisextile,6,3,0.5,0.4206204379562044,1.1887201735357917,Descriptive retrospective association; no significance claim
short,validation,aspect,Sun/Venus,semisextile,7,5,0.7142857142857143,0.4206204379562044,1.6981716764797024,Descriptive retrospective association; no significance claim
short,validation,station,Mercury,,18,7,0.3888888888888889,0.4206204379562044,0.9245601349722824,Descriptive retrospective association; no significance claim
short,validation,aspect,Sun/Saturn,square,6,3,0.5,0.4206204379562044,1.1887201735357917,Descriptive retrospective association; no significance claim
short,validation,aspect,Sun/Mars,trine,2,2,1.0,0.4206204379562044,2.3774403470715835,Descriptive retrospective association; no significance claim
short,validation,aspect,Sun/Mercury,conjunction,19,4,0.21052631578947367,0.4206204379562044,0.500513757278228,Descriptive retrospective association; no significance claim
short,validation,aspect,Sun/Neptune,conjunction,3,2,0.6666666666666666,0.4206204379562044,1.5849602313810556,Descriptive retrospective association; no significance claim
short,validation,aspect,Jupiter/Uranus,square,1,0,0.0,0.4206204379562044,0.0,Descriptive retrospective association; no significance claim
short,validation,aspect,Sun/Jupiter,trine,6,3,0.5,0.4206204379562044,1.1887201735357917,Descriptive retrospective association; no significance claim
short,validation,aspect,Sun/Uranus,semisextile,6,3,0.5,0.4206204379562044,1.1887201735357917,Descriptive retrospective association; no significance claim
short,validation,station,Mars,,2,1,0.5,0.4206204379562044,1.1887201735357917,Descriptive retrospective association; no significance claim
short,validation,station,Saturn,,6,2,0.3333333333333333,0.4206204379562044,0.7924801156905278,Descriptive retrospective association; no significance claim
short,validation,aspect,Sun/Pluto,sextile,6,1,0.16666666666666666,0.4206204379562044,0.3962400578452639,Descriptive retrospective association; no significance claim
short,validation,ingress,Venus,,38,19,0.5,0.4206204379562044,1.1887201735357917,Descriptive retrospective association; no significance claim
short,validation,station,Jupiter,,6,3,0.5,0.4206204379562044,1.1887201735357917,Descriptive retrospective association; no significance claim
short,validation,aspect,Venus/Neptune,semisextile,6,2,0.3333333333333333,0.4206204379562044,0.7924801156905278,Descriptive retrospective association; no significance claim
short,validation,aspect,Sun/Saturn,trine,6,3,0.5,0.4206204379562044,1.1887201735357917,Descriptive retrospective association; no significance claim
short,validation,aspect,Sun/Mars,quincunx,2,1,0.5,0.4206204379562044,1.1887201735357917,Descriptive retrospective association; no significance claim
short,validation,aspect,Venus/Jupiter,quincunx,6,3,0.5,0.4206204379562044,1.1887201735357917,Descriptive retrospective association; no significance claim
short,validation,aspect,Venus/Uranus,sextile,6,4,0.6666666666666666,0.4206204379562044,1.5849602313810556,Descriptive retrospective association; no significance claim
short,validation,aspect,Venus/Pluto,semisextile,7,3,0.42857142857142855,0.4206204379562044,1.0189030058878215,Descriptive retrospective association; no significance claim
short,validation,aspect,Mercury/Neptune,conjunction,5,1,0.2,0.4206204379562044,0.4754880694143167,Descriptive retrospective association; no significance claim
short,validation,aspect,Mercury/Jupiter,trine,8,2,0.25,0.4206204379562044,0.5943600867678959,Descriptive retrospective association; no significance claim
short,validation,aspect,Mercury/Uranus,semisextile,6,2,0.3333333333333333,0.4206204379562044,0.7924801156905278,Descriptive retrospective association; no significance claim
short,validation,aspect,Mercury/Pluto,sextile,10,5,0.5,0.4206204379562044,1.1887201735357917,Descriptive retrospective association; no significance claim
short,validation,aspect,Venus/Mars,trine,3,3,1.0,0.4206204379562044,2.3774403470715835,Descriptive retrospective association; no significance claim
short,validation,aspect,Venus/Saturn,square,6,2,0.3333333333333333,0.4206204379562044,0.7924801156905278,Descriptive retrospective association; no significance claim
short,validation,aspect,Sun/Jupiter,square,6,2,0.3333333333333333,0.4206204379562044,0.7924801156905278,Descriptive retrospective association; no significance claim
short,validation,aspect,Sun/Uranus,conjunction,3,1,0.3333333333333333,0.4206204379562044,0.7924801156905278,Descriptive retrospective association; no significance claim
short,validation,aspect,Mercury/Mars,quincunx,2,0,0.0,0.4206204379562044,0.0,Descriptive retrospective association; no significance claim
short,validation,aspect,Mercury/Saturn,trine,6,4,0.6666666666666666,0.4206204379562044,1.5849602313810556,Descriptive retrospective association; no significance claim
short,validation,aspect,Sun/Pluto,square,6,1,0.16666666666666666,0.4206204379562044,0.3962400578452639,Descriptive retrospective association; no significance claim
short,validation,aspect,Sun/Mars,opposition,1,0,0.0,0.4206204379562044,0.0,Descriptive retrospective association; no significance claim
short,validation,aspect,Sun/Saturn,quincunx,6,5,0.8333333333333334,0.4206204379562044,1.9812002892263196,Descriptive retrospective association; no significance claim
short,validation,aspect,Venus/Neptune,conjunction,3,3,1.0,0.4206204379562044,2.3774403470715835,Descriptive retrospective association; no significance claim
short,validation,aspect,Mercury/Jupiter,square,8,4,0.5,0.4206204379562044,1.1887201735357917,Descriptive retrospective association; no significance claim
short,validation,aspect,Mercury/Uranus,conjunction,3,1,0.3333333333333333,0.4206204379562044,0.7924801156905278,Descriptive retrospective association; no significance claim
short,validation,station,Pluto,,6,3,0.5,0.4206204379562044,1.1887201735357917,Descriptive retrospective association; no significance claim
short,validation,aspect,Mercury/Pluto,square,8,2,0.25,0.4206204379562044,0.5943600867678959,Descriptive retrospective association; no significance claim
short,validation,aspect,Mercury/Mars,opposition,1,1,1.0,0.4206204379562044,2.3774403470715835,Descriptive retrospective association; no significance claim
short,validation,aspect,Venus/Jupiter,trine,6,3,0.5,0.4206204379562044,1.1887201735357917,Descriptive retrospective association; no significance claim
short,validation,aspect,Venus/Uranus,semisextile,8,4,0.5,0.4206204379562044,1.1887201735357917,Descriptive retrospective association; no significance claim
short,validation,aspect,Venus/Pluto,sextile,6,3,0.5,0.4206204379562044,1.1887201735357917,Descriptive retrospective association; no significance claim
short,validation,aspect,Mercury/Saturn,quincunx,6,3,0.5,0.4206204379562044,1.1887201735357917,Descriptive retrospective association; no significance claim
short,validation,aspect,Venus/Mars,quincunx,2,0,0.0,0.4206204379562044,0.0,Descriptive retrospective association; no significance claim
short,validation,aspect,Mars/Uranus,opposition,2,1,0.5,0.4206204379562044,1.1887201735357917,Descriptive retrospective association; no significance claim
short,validation,aspect,Mars/Pluto,square,6,1,0.16666666666666666,0.4206204379562044,0.3962400578452639,Descriptive retrospective association; no significance claim
short,validation,aspect,Venus/Saturn,trine,6,2,0.3333333333333333,0.4206204379562044,0.7924801156905278,Descriptive retrospective association; no significance claim
short,validation,aspect,Mercury/Neptune,sextile,7,3,0.42857142857142855,0.4206204379562044,1.0189030058878215,Descriptive retrospective association; no significance claim
short,validation,aspect,Sun/Neptune,sextile,6,3,0.5,0.4206204379562044,1.1887201735357917,Descriptive retrospective association; no significance claim
short,validation,aspect,Mercury/Pluto,trine,6,4,0.6666666666666666,0.4206204379562044,1.5849602313810556,Descriptive retrospective association; no significance claim
short,validation,aspect,Mercury/Jupiter,sextile,6,2,0.3333333333333333,0.4206204379562044,0.7924801156905278,Descriptive retrospective association; no significance claim
short,validation,aspect,Mercury/Saturn,opposition,3,2,0.6666666666666666,0.4206204379562044,1.5849602313810556,Descriptive retrospective association; no significance claim
short,validation,aspect,Sun/Pluto,trine,6,1,0.16666666666666666,0.4206204379562044,0.3962400578452639,Descriptive retrospective association; no significance claim
short,validation,aspect,Sun/Jupiter,sextile,6,3,0.5,0.4206204379562044,1.1887201735357917,Descriptive retrospective association; no significance claim
short,validation,aspect,Sun/Saturn,opposition,3,2,0.6666666666666666,0.4206204379562044,1.5849602313810556,Descriptive retrospective association; no significance claim
short,validation,aspect,Venus/Mars,opposition,1,0,0.0,0.4206204379562044,0.0,Descriptive retrospective association; no significance claim
short,validation,aspect,Mercury/Neptune,square,8,4,0.5,0.4206204379562044,1.1887201735357917,Descriptive retrospective association; no significance claim
short,validation,aspect,Venus/Pluto,square,6,2,0.3333333333333333,0.4206204379562044,0.7924801156905278,Descriptive retrospective association; no significance claim
short,validation,aspect,Mercury/Pluto,quincunx,6,2,0.3333333333333333,0.4206204379562044,0.7924801156905278,Descriptive retrospective association; no significance claim
short,validation,aspect,Mercury/Venus,sextile,6,2,0.3333333333333333,0.4206204379562044,0.7924801156905278,Descriptive retrospective association; no significance claim
short,validation,aspect,Venus/Uranus,conjunction,3,2,0.6666666666666666,0.4206204379562044,1.5849602313810556,Descriptive retrospective association; no significance claim
short,validation,aspect,Mercury/Jupiter,semisextile,7,3,0.42857142857142855,0.4206204379562044,1.0189030058878215,Descriptive retrospective association; no significance claim
short,validation,aspect,Venus/Jupiter,square,6,2,0.3333333333333333,0.4206204379562044,0.7924801156905278,Descriptive retrospective association; no significance claim
short,validation,aspect,Venus/Saturn,quincunx,6,4,0.6666666666666666,0.4206204379562044,1.5849602313810556,Descriptive retrospective association; no significance claim
short,validation,aspect,Sun/Neptune,square,6,4,0.6666666666666666,0.4206204379562044,1.5849602313810556,Descriptive retrospective association; no significance claim
short,validation,aspect,Sun/Pluto,quincunx,6,2,0.3333333333333333,0.4206204379562044,0.7924801156905278,Descriptive retrospective association; no significance claim
short,validation,aspect,Venus/Neptune,sextile,7,1,0.14285714285714285,0.4206204379562044,0.33963433529594045,Descriptive retrospective association; no significance claim
short,validation,aspect,Venus/Pluto,trine,6,1,0.16666666666666666,0.4206204379562044,0.3962400578452639,Descriptive retrospective association; no significance claim
short,validation,station,Neptune,,6,3,0.5,0.4206204379562044,1.1887201735357917,Descriptive retrospective association; no significance claim
short,validation,aspect,Venus/Saturn,opposition,3,2,0.6666666666666666,0.4206204379562044,1.5849602313810556,Descriptive retrospective association; no significance claim
short,validation,simultaneous_24,Mars/Venus,,1,0,0.0,0.4206204379562044,0.0,Descriptive retrospective association; no significance claim
short,validation,aspect,Sun/Jupiter,semisextile,5,1,0.2,0.4206204379562044,0.4754880694143167,Descriptive retrospective association; no significance claim
short,validation,aspect,Venus/Jupiter,sextile,6,3,0.5,0.4206204379562044,1.1887201735357917,Descriptive retrospective association; no significance claim
short,validation,aspect,Sun/Neptune,trine,6,1,0.16666666666666666,0.4206204379562044,0.3962400578452639,Descriptive retrospective association; no significance claim
short,validation,aspect,Venus/Neptune,square,9,4,0.4444444444444444,0.4206204379562044,1.056640154254037,Descriptive retrospective association; no significance claim
short,validation,aspect,Venus/Pluto,quincunx,6,5,0.8333333333333334,0.4206204379562044,1.9812002892263196,Descriptive retrospective association; no significance claim
short,validation,aspect,Sun/Pluto,opposition,3,2,0.6666666666666666,0.4206204379562044,1.5849602313810556,Descriptive retrospective association; no significance claim
short,validation,aspect,Sun/Uranus,square,6,5,0.8333333333333334,0.4206204379562044,1.9812002892263196,Descriptive retrospective association; no significance claim
short,validation,clock_alignment,Mars/Saturn,clock coincidence,24,13,0.5416666666666666,0.4206204379562044,1.2877801879971076,Descriptive retrospective association; no significance claim
short,validation,ingress,Jupiter,,5,0,0.0,0.4206204379562044,0.0,Descriptive retrospective association; no significance claim
short,validation,24_band,Jupiter,,12,3,0.25,0.4206204379562044,0.5943600867678959,Descriptive retrospective association; no significance claim
short,validation,simultaneous_24,Jupiter/Moon,,34,7,0.20588235294117646,0.4206204379562044,0.4894730126323848,Descriptive retrospective association; no significance claim
short,validation,simultaneous_24,Jupiter/Mercury,,2,0,0.0,0.4206204379562044,0.0,Descriptive retrospective association; no significance claim
short,validation,aspect,Venus/Jupiter,semisextile,5,5,1.0,0.4206204379562044,2.3774403470715835,Descriptive retrospective association; no significance claim
short,validation,aspect,Mercury/Neptune,trine,8,3,0.375,0.4206204379562044,0.8915401301518437,Descriptive retrospective association; no significance claim
short,validation,station,Uranus,,6,4,0.6666666666666666,0.4206204379562044,1.5849602313810556,Descriptive retrospective association; no significance claim
short,validation,aspect,Mercury/Pluto,opposition,3,1,0.3333333333333333,0.4206204379562044,0.7924801156905278,Descriptive retrospective association; no significance claim
short,validation,simultaneous_24,Sun/Venus,,3,0,0.0,0.4206204379562044,0.0,Descriptive retrospective association; no significance claim
short,validation,aspect,Venus/Neptune,trine,6,2,0.3333333333333333,0.4206204379562044,0.7924801156905278,Descriptive retrospective association; no significance claim
short,validation,aspect,Sun/Jupiter,conjunction,2,1,0.5,0.4206204379562044,1.1887201735357917,Descriptive retrospective association; no significance claim
short,validation,aspect,Mercury/Uranus,square,6,4,0.6666666666666666,0.4206204379562044,1.5849602313810556,Descriptive retrospective association; no significance claim
short,validation,ingress,Mars,,21,7,0.3333333333333333,0.4206204379562044,0.7924801156905278,Descriptive retrospective association; no significance claim
short,validation,aspect,Venus/Pluto,opposition,3,2,0.6666666666666666,0.4206204379562044,1.5849602313810556,Descriptive retrospective association; no significance claim
short,validation,aspect,Sun/Neptune,quincunx,6,1,0.16666666666666666,0.4206204379562044,0.3962400578452639,Descriptive retrospective association; no significance claim
short,validation,aspect,Venus/Uranus,square,6,1,0.16666666666666666,0.4206204379562044,0.3962400578452639,Descriptive retrospective association; no significance claim
short,validation,aspect,Mercury/Jupiter,conjunction,4,2,0.5,0.4206204379562044,1.1887201735357917,Descriptive retrospective association; no significance claim
short,validation,aspect,Mercury/Mars,square,7,5,0.7142857142857143,0.4206204379562044,1.6981716764797024,Descriptive retrospective association; no significance claim
short,validation,aspect,Mercury/Neptune,quincunx,8,3,0.375,0.4206204379562044,0.8915401301518437,Descriptive retrospective association; no significance claim
short,validation,aspect,Mars/Neptune,trine,4,1,0.25,0.4206204379562044,0.5943600867678959,Descriptive retrospective association; no significance claim
short,validation,aspect,Mercury/Uranus,trine,7,2,0.2857142857142857,0.4206204379562044,0.6792686705918809,Descriptive retrospective association; no significance claim
short,validation,aspect,Sun/Uranus,trine,5,4,0.8,0.4206204379562044,1.9019522776572668,Descriptive retrospective association; no significance claim
short,validation,aspect,Mars/Pluto,sextile,3,1,0.3333333333333333,0.4206204379562044,0.7924801156905278,Descriptive retrospective association; no significance claim
short,validation,aspect,Venus/Neptune,quincunx,6,2,0.3333333333333333,0.4206204379562044,0.7924801156905278,Descriptive retrospective association; no significance claim
short,validation,aspect,Venus/Jupiter,conjunction,3,1,0.3333333333333333,0.4206204379562044,0.7924801156905278,Descriptive retrospective association; no significance claim
short,validation,aspect,Mercury/Neptune,opposition,3,2,0.6666666666666666,0.4206204379562044,1.5849602313810556,Descriptive retrospective association; no significance claim
short,validation,aspect,Mars/Uranus,quincunx,4,0,0.0,0.4206204379562044,0.0,Descriptive retrospective association; no significance claim
short,validation,aspect,Mercury/Uranus,quincunx,8,1,0.125,0.4206204379562044,0.29718004338394793,Descriptive retrospective association; no significance claim
short,validation,aspect,Mercury/Mars,sextile,7,3,0.42857142857142855,0.4206204379562044,1.0189030058878215,Descriptive retrospective association; no significance claim
short,validation,aspect,Venus/Uranus,trine,7,3,0.42857142857142855,0.4206204379562044,1.0189030058878215,Descriptive retrospective association; no significance claim
short,validation,aspect,Mars/Saturn,conjunction,1,0,0.0,0.4206204379562044,0.0,Descriptive retrospective association; no significance claim
short,validation,aspect,Sun/Neptune,opposition,3,1,0.3333333333333333,0.4206204379562044,0.7924801156905278,Descriptive retrospective association; no significance claim
short,validation,aspect,Sun/Uranus,quincunx,6,3,0.5,0.4206204379562044,1.1887201735357917,Descriptive retrospective association; no significance claim
short,validation,aspect,Venus/Neptune,opposition,3,1,0.3333333333333333,0.4206204379562044,0.7924801156905278,Descriptive retrospective association; no significance claim
short,validation,simultaneous_24,Mercury/Sun,,4,1,0.25,0.4206204379562044,0.5943600867678959,Descriptive retrospective association; no significance claim
short,validation,aspect,Mercury/Uranus,opposition,5,1,0.2,0.4206204379562044,0.4754880694143167,Descriptive retrospective association; no significance claim
short,validation,aspect,Mercury/Saturn,semisextile,8,3,0.375,0.4206204379562044,0.8915401301518437,Descriptive retrospective association; no significance claim
short,validation,aspect,Venus/Uranus,quincunx,7,3,0.42857142857142855,0.4206204379562044,1.0189030058878215,Descriptive retrospective association; no significance claim
short,validation,aspect,Mars/Neptune,square,3,2,0.6666666666666666,0.4206204379562044,1.5849602313810556,Descriptive retrospective association; no significance claim
short,validation,aspect,Jupiter/Uranus,trine,1,1,1.0,0.4206204379562044,2.3774403470715835,Descriptive retrospective association; no significance claim
short,validation,aspect,Mars/Pluto,semisextile,2,1,0.5,0.4206204379562044,1.1887201735357917,Descriptive retrospective association; no significance claim
short,validation,aspect,Mars/Uranus,trine,3,2,0.6666666666666666,0.4206204379562044,1.5849602313810556,Descriptive retrospective association; no significance claim
short,validation,aspect,Sun/Uranus,opposition,3,2,0.6666666666666666,0.4206204379562044,1.5849602313810556,Descriptive retrospective association; no significance claim
short,validation,aspect,Mars/Jupiter,trine,4,2,0.5,0.4206204379562044,1.1887201735357917,Descriptive retrospective association; no significance claim
short,validation,aspect,Venus/Uranus,opposition,3,2,0.6666666666666666,0.4206204379562044,1.5849602313810556,Descriptive retrospective association; no significance claim
short,validation,aspect,Sun/Mars,sextile,3,1,0.3333333333333333,0.4206204379562044,0.7924801156905278,Descriptive retrospective association; no significance claim
short,validation,aspect,Sun/Saturn,semisextile,5,1,0.2,0.4206204379562044,0.4754880694143167,Descriptive retrospective association; no significance claim
short,validation,aspect,Venus/Saturn,semisextile,7,2,0.2857142857142857,0.4206204379562044,0.6792686705918809,Descriptive retrospective association; no significance claim
short,validation,aspect,Venus/Mars,sextile,3,1,0.3333333333333333,0.4206204379562044,0.7924801156905278,Descriptive retrospective association; no significance claim
short,validation,aspect,Mars/Neptune,sextile,3,1,0.3333333333333333,0.4206204379562044,0.7924801156905278,Descriptive retrospective association; no significance claim
short,validation,aspect,Mars/Pluto,conjunction,1,0,0.0,0.4206204379562044,0.0,Descriptive retrospective association; no significance claim
short,validation,aspect,Venus/Saturn,conjunction,3,0,0.0,0.4206204379562044,0.0,Descriptive retrospective association; no significance claim
short,validation,aspect,Mars/Uranus,square,3,2,0.6666666666666666,0.4206204379562044,1.5849602313810556,Descriptive retrospective association; no significance claim
short,validation,aspect,Sun/Saturn,conjunction,3,0,0.0,0.4206204379562044,0.0,Descriptive retrospective association; no significance claim
short,validation,aspect,Mars/Jupiter,quincunx,4,3,0.75,0.4206204379562044,1.7830802603036875,Descriptive retrospective association; no significance claim
short,validation,aspect,Mercury/Saturn,conjunction,3,2,0.6666666666666666,0.4206204379562044,1.5849602313810556,Descriptive retrospective association; no significance claim
short,validation,aspect,Mars/Saturn,sextile,3,2,0.6666666666666666,0.4206204379562044,1.5849602313810556,Descriptive retrospective association; no significance claim
short,validation,aspect,Mars/Neptune,semisextile,5,0,0.0,0.4206204379562044,0.0,Descriptive retrospective association; no significance claim
short,validation,aspect,Venus/Mars,semisextile,4,1,0.25,0.4206204379562044,0.5943600867678959,Descriptive retrospective association; no significance claim
short,validation,aspect,Venus/Pluto,conjunction,5,3,0.6,0.4206204379562044,1.42646420824295,Descriptive retrospective association; no significance claim
short,validation,aspect,Mars/Uranus,sextile,3,1,0.3333333333333333,0.4206204379562044,0.7924801156905278,Descriptive retrospective association; no significance claim
short,validation,ingress,Saturn,,3,0,0.0,0.4206204379562044,0.0,Descriptive retrospective association; no significance claim
short,validation,24_band,Saturn,,10,4,0.4,0.4206204379562044,0.9509761388286334,Descriptive retrospective association; no significance claim
short,validation,simultaneous_24,Moon/Saturn,,33,12,0.36363636363636365,0.4206204379562044,0.8645237625714849,Descriptive retrospective association; no significance claim
short,validation,simultaneous_24,Saturn/Venus,,7,2,0.2857142857142857,0.4206204379562044,0.6792686705918809,Descriptive retrospective association; no significance claim
short,validation,aspect,Mercury/Pluto,conjunction,4,1,0.25,0.4206204379562044,0.5943600867678959,Descriptive retrospective association; no significance claim
short,validation,simultaneous_24,Mercury/Saturn,,4,2,0.5,0.4206204379562044,1.1887201735357917,Descriptive retrospective association; no significance claim
short,validation,aspect,Mercury/Mars,semisextile,8,2,0.25,0.4206204379562044,0.5943600867678959,Descriptive retrospective association; no significance claim
short,validation,aspect,Mars/Jupiter,opposition,2,0,0.0,0.4206204379562044,0.0,Descriptive retrospective association; no significance claim
short,validation,simultaneous_24,Mercury/Venus,,1,1,1.0,0.4206204379562044,2.3774403470715835,Descriptive retrospective association; no significance claim
short,validation,aspect,Mars/Saturn,square,6,5,0.8333333333333334,0.4206204379562044,1.9812002892263196,Descriptive retrospective association; no significance claim
short,validation,aspect,Venus/Jupiter,opposition,3,1,0.3333333333333333,0.4206204379562044,0.7924801156905278,Descriptive retrospective association; no significance claim
short,validation,aspect,Mars/Neptune,conjunction,1,1,1.0,0.4206204379562044,2.3774403470715835,Descriptive retrospective association; no significance claim
short,validation,aspect,Mars/Uranus,semisextile,3,1,0.3333333333333333,0.4206204379562044,0.7924801156905278,Descriptive retrospective association; no significance claim
short,validation,aspect,Sun/Mars,semisextile,3,1,0.3333333333333333,0.4206204379562044,0.7924801156905278,Descriptive retrospective association; no significance claim
short,validation,aspect,Venus/Mars,conjunction,2,0,0.0,0.4206204379562044,0.0,Descriptive retrospective association; no significance claim
short,validation,aspect,Mars/Saturn,trine,4,1,0.25,0.4206204379562044,0.5943600867678959,Descriptive retrospective association; no significance claim
short,validation,aspect,Mars/Uranus,conjunction,2,0,0.0,0.4206204379562044,0.0,Descriptive retrospective association; no significance claim
short,validation,aspect,Mars/Saturn,quincunx,4,1,0.25,0.4206204379562044,0.5943600867678959,Descriptive retrospective association; no significance claim
short,validation,aspect,Mars/Pluto,trine,4,2,0.5,0.4206204379562044,1.1887201735357917,Descriptive retrospective association; no significance claim
short,validation,aspect,Mercury/Mars,conjunction,6,3,0.5,0.4206204379562044,1.1887201735357917,Descriptive retrospective association; no significance claim
short,validation,aspect,Mars/Saturn,opposition,2,1,0.5,0.4206204379562044,1.1887201735357917,Descriptive retrospective association; no significance claim
short,validation,aspect,Mars/Pluto,quincunx,4,1,0.25,0.4206204379562044,0.5943600867678959,Descriptive retrospective association; no significance claim
short,validation,simultaneous_24,Saturn/Sun,,4,4,1.0,0.4206204379562044,2.3774403470715835,Descriptive retrospective association; no significance claim
short,validation,simultaneous_24,Moon/Saturn/Sun,,2,2,1.0,0.4206204379562044,2.3774403470715835,Descriptive retrospective association; no significance claim
short,validation,aspect,Mars/Jupiter,sextile,2,1,0.5,0.4206204379562044,1.1887201735357917,Descriptive retrospective association; no significance claim
short,validation,aspect,Sun/Mars,conjunction,2,1,0.5,0.4206204379562044,1.1887201735357917,Descriptive retrospective association; no significance claim
short,validation,aspect,Mars/Pluto,opposition,2,1,0.5,0.4206204379562044,1.1887201735357917,Descriptive retrospective association; no significance claim
short,validation,aspect,Mars/Jupiter,semisextile,2,2,1.0,0.4206204379562044,2.3774403470715835,Descriptive retrospective association; no significance claim
short,validation,aspect,Mars/Neptune,quincunx,4,2,0.5,0.4206204379562044,1.1887201735357917,Descriptive retrospective association; no significance claim
short,validation,aspect,Mars/Neptune,opposition,2,0,0.0,0.4206204379562044,0.0,Descriptive retrospective association; no significance claim
short,validation,aspect,Mars/Jupiter,conjunction,1,0,0.0,0.4206204379562044,0.0,Descriptive retrospective association; no significance claim
short,validation,simultaneous_24,Jupiter/Mars,,7,5,0.7142857142857143,0.4206204379562044,1.6981716764797024,Descriptive retrospective association; no significance claim
short,validation,simultaneous_24,Jupiter/Mars/Moon,,5,2,0.4,0.4206204379562044,0.9509761388286334,Descriptive retrospective association; no significance claim
short,validation,simultaneous_24,Jupiter/Venus,,3,0,0.0,0.4206204379562044,0.0,Descriptive retrospective association; no significance claim
short,validation,simultaneous_24,Mars/Saturn,,1,0,0.0,0.4206204379562044,0.0,Descriptive retrospective association; no significance claim
short,validation,simultaneous_24,Mars/Moon/Saturn,,1,0,0.0,0.4206204379562044,0.0,Descriptive retrospective association; no significance claim
short,validation,simultaneous_24,Mercury/Moon/Saturn,,2,1,0.5,0.4206204379562044,1.1887201735357917,Descriptive retrospective association; no significance claim
short,validation,simultaneous_24,Mars/Sun,,1,1,1.0,0.4206204379562044,2.3774403470715835,Descriptive retrospective association; no significance claim
short,validation,simultaneous_24,Mars/Mercury,,4,2,0.5,0.4206204379562044,1.1887201735357917,Descriptive retrospective association; no significance claim
short,validation,simultaneous_24,Mercury/Moon/Sun,,2,1,0.5,0.4206204379562044,1.1887201735357917,Descriptive retrospective association; no significance claim
short,validation,ingress,Uranus,,1,1,1.0,0.4206204379562044,2.3774403470715835,Descriptive retrospective association; no significance claim
short,validation,aspect,Jupiter/Saturn,semisextile,2,0,0.0,0.4206204379562044,0.0,Descriptive retrospective association; no significance claim
short,validation,aspect,Jupiter/Neptune,square,3,1,0.3333333333333333,0.4206204379562044,0.7924801156905278,Descriptive retrospective association; no significance claim
short,validation,aspect,Saturn/Neptune,sextile,3,1,0.3333333333333333,0.4206204379562044,0.7924801156905278,Descriptive retrospective association; no significance claim
short,validation,aspect,Jupiter/Pluto,semisextile,6,2,0.3333333333333333,0.4206204379562044,0.7924801156905278,Descriptive retrospective association; no significance claim
short,validation,simultaneous_24,Moon/Saturn/Venus,,4,1,0.25,0.4206204379562044,0.5943600867678959,Descriptive retrospective association; no significance claim
short,validation,simultaneous_24,Jupiter/Sun,,5,2,0.4,0.4206204379562044,0.9509761388286334,Descriptive retrospective association; no significance claim
short,validation,simultaneous_24,Jupiter/Moon/Sun,,3,1,0.3333333333333333,0.4206204379562044,0.7924801156905278,Descriptive retrospective association; no significance claim
short,validation,simultaneous_24,Mercury/Saturn/Sun,,1,1,1.0,0.4206204379562044,2.3774403470715835,Descriptive retrospective association; no significance claim
short,validation,aspect,Saturn/Pluto,conjunction,1,0,0.0,0.4206204379562044,0.0,Descriptive retrospective association; no significance claim
short,validation,simultaneous_24,Mars/Mercury/Venus,,2,0,0.0,0.4206204379562044,0.0,Descriptive retrospective association; no significance claim
short,validation,simultaneous_24,Mars/Mercury/Moon/Venus,,1,0,0.0,0.4206204379562044,0.0,Descriptive retrospective association; no significance claim
short,validation,aspect,Jupiter/Neptune,sextile,3,0,0.0,0.4206204379562044,0.0,Descriptive retrospective association; no significance claim
short,validation,simultaneous_24,Jupiter/Mercury/Sun,,1,0,0.0,0.4206204379562044,0.0,Descriptive retrospective association; no significance claim
short,validation,aspect,Jupiter/Pluto,conjunction,3,0,0.0,0.4206204379562044,0.0,Descriptive retrospective association; no significance claim
short,validation,simultaneous_24,Jupiter/Mars/Sun,,1,1,1.0,0.4206204379562044,2.3774403470715835,Descriptive retrospective association; no significance claim
short,validation,simultaneous_24,Jupiter/Mars/Mercury/Sun,,1,1,1.0,0.4206204379562044,2.3774403470715835,Descriptive retrospective association; no significance claim
short,validation,simultaneous_24,Jupiter/Mars/Mercury/Moon/Sun,,1,1,1.0,0.4206204379562044,2.3774403470715835,Descriptive retrospective association; no significance claim
short,validation,simultaneous_24,Jupiter/Mars/Mercury,,2,2,1.0,0.4206204379562044,2.3774403470715835,Descriptive retrospective association; no significance claim
short,validation,simultaneous_24,Jupiter/Mars/Mercury/Moon,,1,1,1.0,0.4206204379562044,2.3774403470715835,Descriptive retrospective association; no significance claim
short,validation,simultaneous_24,Moon/Sun/Venus,,1,0,0.0,0.4206204379562044,0.0,Descriptive retrospective association; no significance claim
short,validation,aspect,Jupiter/Saturn,conjunction,1,0,0.0,0.4206204379562044,0.0,Descriptive retrospective association; no significance claim
short,validation,simultaneous_24,Jupiter/Mars/Venus,,1,0,0.0,0.4206204379562044,0.0,Descriptive retrospective association; no significance claim
short,validation,aspect,Saturn/Uranus,square,3,2,0.6666666666666666,0.4206204379562044,1.5849602313810556,Descriptive retrospective association; no significance claim
short,validation,aspect,Jupiter/Neptune,semisextile,1,0,0.0,0.4206204379562044,0.0,Descriptive retrospective association; no significance claim
short,validation,simultaneous_24,Moon/Saturn/Sun/Venus,,1,1,1.0,0.4206204379562044,2.3774403470715835,Descriptive retrospective association; no significance claim
short,validation,simultaneous_24,Saturn/Sun/Venus,,1,1,1.0,0.4206204379562044,2.3774403470715835,Descriptive retrospective association; no significance claim
short,test,aspect,Uranus/Moon,square,93,47,0.5053763440860215,0.4588235294117647,1.1014612627515854,Descriptive retrospective association; no significance claim
short,test,aspect,Sun/Moon,conjunction,44,16,0.36363636363636365,0.4588235294117647,0.7925407925407926,Descriptive retrospective association; no significance claim
short,test,aspect,Pluto/Moon,conjunction,47,22,0.46808510638297873,0.4588235294117647,1.0201854882705947,Descriptive retrospective association; no significance claim
short,test,aspect,Mars/Moon,square,90,36,0.4,0.4588235294117647,0.8717948717948719,Descriptive retrospective association; no significance claim
short,test,aspect,Mercury/Moon,conjunction,44,21,0.4772727272727273,0.4588235294117647,1.0402097902097902,Descriptive retrospective association; no significance claim
short,test,aspect,Sun/Pluto,conjunction,4,2,0.5,0.4588235294117647,1.0897435897435899,Descriptive retrospective association; no significance claim
short,test,aspect,Jupiter/Moon,opposition,46,19,0.41304347826086957,0.4588235294117647,0.9002229654403567,Descriptive retrospective association; no significance claim
short,test,24_band,Mars,,60,31,0.5166666666666667,0.4588235294117647,1.1260683760683763,Descriptive retrospective association; no significance claim
short,test,24_band,Moon,,757,344,0.45442536327608984,0.4588235294117647,0.990414253294042,Descriptive retrospective association; no significance claim
short,test,simultaneous_24,Mars/Moon,,21,10,0.47619047619047616,0.4588235294117647,1.037851037851038,Descriptive retrospective association; no significance claim
short,test,aspect,Saturn/Moon,sextile,94,43,0.4574468085106383,0.4588235294117647,0.996999454446263,Descriptive retrospective association; no significance claim
short,test,aspect,Venus/Moon,conjunction,44,22,0.5,0.4588235294117647,1.0897435897435899,Descriptive retrospective association; no significance claim
short,test,ingress,Moon,,560,254,0.45357142857142857,0.4588235294117647,0.9885531135531136,Descriptive retrospective association; no significance claim
short,test,aspect,Neptune/Moon,semisextile,94,45,0.4787234042553192,0.4588235294117647,1.0433715220949265,Descriptive retrospective association; no significance claim
short,test,aspect,Sun/Mars,square,4,1,0.25,0.4588235294117647,0.5448717948717949,Descriptive retrospective association; no significance claim
short,test,aspect,Uranus/Moon,sextile,94,43,0.4574468085106383,0.4588235294117647,0.996999454446263,Descriptive retrospective association; no significance claim
short,test,aspect,Mercury/Jupiter,opposition,7,1,0.14285714285714285,0.4588235294117647,0.31135531135531136,Descriptive retrospective association; no significance claim
short,test,aspect,Pluto/Moon,semisextile,94,39,0.4148936170212766,0.4588235294117647,0.9042553191489362,Descriptive retrospective association; no significance claim
short,test,aspect,Mars/Moon,trine,90,42,0.4666666666666667,0.4588235294117647,1.0170940170940173,Descriptive retrospective association; no significance claim
short,test,aspect,Sun/Moon,semisextile,88,42,0.4772727272727273,0.4588235294117647,1.0402097902097902,Descriptive retrospective association; no significance claim
short,test,aspect,Jupiter/Moon,quincunx,92,43,0.4673913043478261,0.4588235294117647,1.0186733556298775,Descriptive retrospective association; no significance claim
short,test,aspect,Mercury/Moon,semisextile,87,39,0.4482758620689655,0.4588235294117647,0.9770114942528736,Descriptive retrospective association; no significance claim
short,test,aspect,Saturn/Moon,square,93,42,0.45161290322580644,0.4588235294117647,0.9842845326716294,Descriptive retrospective association; no significance claim
short,test,aspect,Venus/Moon,semisextile,88,36,0.4090909090909091,0.4588235294117647,0.8916083916083917,Descriptive retrospective association; no significance claim
short,test,24_band,Mercury,,110,50,0.45454545454545453,0.4588235294117647,0.9906759906759907,Descriptive retrospective association; no significance claim
short,test,aspect,Neptune/Moon,conjunction,47,20,0.425531914893617,0.4588235294117647,0.9274413529732679,Descriptive retrospective association; no significance claim
short,test,simultaneous_24,Mercury/Moon,,20,7,0.35,0.4588235294117647,0.7628205128205128,Descriptive retrospective association; no significance claim
short,test,aspect,Uranus/Moon,semisextile,94,38,0.40425531914893614,0.4588235294117647,0.8810692853246045,Descriptive retrospective association; no significance claim
short,test,aspect,Pluto/Moon,sextile,93,38,0.40860215053763443,0.4588235294117647,0.8905431486076648,Descriptive retrospective association; no significance claim
short,test,aspect,Mars/Moon,quincunx,90,38,0.4222222222222222,0.4588235294117647,0.9202279202279202,Descriptive retrospective association; no significance claim
short,test,aspect,Sun/Moon,sextile,86,42,0.4883720930232558,0.4588235294117647,1.0644007155635062,Descriptive retrospective association; no significance claim
short,test,aspect,Jupiter/Moon,trine,92,39,0.42391304347826086,0.4588235294117647,0.9239130434782609,Descriptive retrospective association; no significance claim
short,test,aspect,Sun/Jupiter,opposition,3,0,0.0,0.4588235294117647,0.0,Descriptive retrospective association; no significance claim
short,test,aspect,Mercury/Moon,sextile,86,35,0.4069767441860465,0.4588235294117647,0.8870005963029219,Descriptive retrospective association; no significance claim
short,test,aspect,Saturn/Moon,trine,93,33,0.3548387096774194,0.4588235294117647,0.7733664185277089,Descriptive retrospective association; no significance claim
short,test,aspect,Mercury/Saturn,sextile,11,4,0.36363636363636365,0.4588235294117647,0.7925407925407926,Descriptive retrospective association; no significance claim
short,test,aspect,Venus/Moon,sextile,87,35,0.40229885057471265,0.4588235294117647,0.8768051871500148,Descriptive retrospective association; no significance claim
short,test,aspect,Uranus/Moon,conjunction,47,24,0.5106382978723404,0.4588235294117647,1.1129296235679214,Descriptive retrospective association; no significance claim
short,test,aspect,Pluto/Moon,square,93,46,0.4946236559139785,0.4588235294117647,1.0780259167355941,Descriptive retrospective association; no significance claim
short,test,aspect,Mars/Moon,opposition,45,18,0.4,0.4588235294117647,0.8717948717948719,Descriptive retrospective association; no significance claim
short,test,aspect,Mercury/Venus,conjunction,8,4,0.5,0.4588235294117647,1.0897435897435899,Descriptive retrospective association; no significance claim
short,test,aspect,Jupiter/Moon,square,92,38,0.41304347826086957,0.4588235294117647,0.9002229654403567,Descriptive retrospective association; no significance claim
short,test,aspect,Sun/Moon,square,86,34,0.3953488372093023,0.4588235294117647,0.8616577221228384,Descriptive retrospective association; no significance claim
short,test,24_band,Sun,,104,44,0.4230769230769231,0.4588235294117647,0.9220907297830375,Descriptive retrospective association; no significance claim
short,test,aspect,Saturn/Moon,quincunx,92,44,0.4782608695652174,0.4588235294117647,1.0423634336677816,Descriptive retrospective association; no significance claim
short,test,aspect,Venus/Moon,square,86,38,0.4418604651162791,0.4588235294117647,0.9630292188431724,Descriptive retrospective association; no significance claim
short,test,simultaneous_24,Moon/Sun,,23,9,0.391304347826087,0.4588235294117647,0.8528428093645486,Descriptive retrospective association; no significance claim
short,test,aspect,Mercury/Moon,square,86,40,0.46511627906976744,0.4588235294117647,1.0137149672033394,Descriptive retrospective association; no significance claim
short,test,aspect,Mars/Jupiter,square,2,1,0.5,0.4588235294117647,1.0897435897435899,Descriptive retrospective association; no significance claim
short,test,aspect,Neptune/Moon,sextile,94,44,0.46808510638297873,0.4588235294117647,1.0201854882705947,Descriptive retrospective association; no significance claim
short,test,aspect,Pluto/Moon,trine,93,46,0.4946236559139785,0.4588235294117647,1.0780259167355941,Descriptive retrospective association; no significance claim
short,test,aspect,Jupiter/Moon,sextile,93,46,0.4946236559139785,0.4588235294117647,1.0780259167355941,Descriptive retrospective association; no significance claim
short,test,aspect,Sun/Moon,trine,86,41,0.47674418604651164,0.4588235294117647,1.0390578413834228,Descriptive retrospective association; no significance claim
short,test,aspect,Saturn/Moon,opposition,46,25,0.5434782608695652,0.4588235294117647,1.1845039018952062,Descriptive retrospective association; no significance claim
short,test,aspect,Venus/Moon,trine,86,36,0.4186046511627907,0.4588235294117647,0.9123434704830055,Descriptive retrospective association; no significance claim
short,test,aspect,Venus/Saturn,sextile,6,4,0.6666666666666666,0.4588235294117647,1.452991452991453,Descriptive retrospective association; no significance claim
short,test,aspect,Mercury/Moon,trine,86,42,0.4883720930232558,0.4588235294117647,1.0644007155635062,Descriptive retrospective association; no significance claim
short,test,aspect,Sun/Venus,conjunction,5,4,0.8,0.4588235294117647,1.7435897435897438,Descriptive retrospective association; no significance claim
short,test,aspect,Sun/Saturn,sextile,7,7,1.0,0.4588235294117647,2.1794871794871797,Descriptive retrospective association; no significance claim
short,test,aspect,Neptune/Moon,square,94,30,0.3191489361702128,0.4588235294117647,0.6955810147299509,Descriptive retrospective association; no significance claim
short,test,ingress,Mercury,,55,22,0.4,0.4588235294117647,0.8717948717948719,Descriptive retrospective association; no significance claim
short,test,aspect,Pluto/Moon,quincunx,93,41,0.44086021505376344,0.4588235294117647,0.9608491866556383,Descriptive retrospective association; no significance claim
short,test,aspect,Jupiter/Moon,semisextile,94,45,0.4787234042553192,0.4588235294117647,1.0433715220949265,Descriptive retrospective association; no significance claim
short,test,aspect,Venus/Moon,quincunx,86,45,0.5232558139534884,0.4588235294117647,1.140429338103757,Descriptive retrospective association; no significance claim
short,test,aspect,Sun/Moon,quincunx,86,42,0.4883720930232558,0.4588235294117647,1.0644007155635062,Descriptive retrospective association; no significance claim
short,test,aspect,Mercury/Neptune,semisextile,8,4,0.5,0.4588235294117647,1.0897435897435899,Descriptive retrospective association; no significance claim
short,test,aspect,Neptune/Moon,trine,93,45,0.4838709677419355,0.4588235294117647,1.054590570719603,Descriptive retrospective association; no significance claim
short,test,aspect,Mercury/Moon,quincunx,86,43,0.5,0.4588235294117647,1.0897435897435899,Descriptive retrospective association; no significance claim
short,test,aspect,Pluto/Moon,opposition,47,25,0.5319148936170213,0.4588235294117647,1.1593016912165848,Descriptive retrospective association; no significance claim
short,test,24_band,Venus,,105,57,0.5428571428571428,0.4588235294117647,1.1831501831501832,Descriptive retrospective association; no significance claim
short,test,aspect,Jupiter/Moon,conjunction,47,25,0.5319148936170213,0.4588235294117647,1.1593016912165848,Descriptive retrospective association; no significance claim
short,test,aspect,Venus/Moon,opposition,43,23,0.5348837209302325,0.4588235294117647,1.16577221228384,Descriptive retrospective association; no significance claim
short,test,aspect,Sun/Moon,opposition,43,22,0.5116279069767442,0.4588235294117647,1.1150864639236733,Descriptive retrospective association; no significance claim
short,test,simultaneous_24,Moon/Venus,,19,9,0.47368421052631576,0.4588235294117647,1.0323886639676114,Descriptive retrospective association; no significance claim
short,test,aspect,Venus/Mars,square,3,1,0.3333333333333333,0.4588235294117647,0.7264957264957265,Descriptive retrospective association; no significance claim
short,test,aspect,Neptune/Moon,quincunx,92,47,0.5108695652173914,0.4588235294117647,1.113433667781494,Descriptive retrospective association; no significance claim
short,test,aspect,Mercury/Uranus,sextile,8,5,0.625,0.4588235294117647,1.3621794871794872,Descriptive retrospective association; no significance claim
short,test,aspect,Uranus/Moon,trine,93,41,0.44086021505376344,0.4588235294117647,0.9608491866556383,Descriptive retrospective association; no significance claim
short,test,aspect,Mercury/Moon,opposition,43,23,0.5348837209302325,0.4588235294117647,1.16577221228384,Descriptive retrospective association; no significance claim
short,test,aspect,Mars/Moon,sextile,90,44,0.4888888888888889,0.4588235294117647,1.0655270655270654,Descriptive retrospective association; no significance claim
short,test,aspect,Mercury/Pluto,semisextile,9,3,0.3333333333333333,0.4588235294117647,0.7264957264957265,Descriptive retrospective association; no significance claim
short,test,aspect,Neptune/Moon,opposition,46,19,0.41304347826086957,0.4588235294117647,0.9002229654403567,Descriptive retrospective association; no significance claim
short,test,aspect,Uranus/Moon,quincunx,93,40,0.43010752688172044,0.4588235294117647,0.9374138406396472,Descriptive retrospective association; no significance claim
short,test,aspect,Mercury/Jupiter,quincunx,6,3,0.5,0.4588235294117647,1.0897435897435899,Descriptive retrospective association; no significance claim
short,test,ingress,Sun,,42,19,0.4523809523809524,0.4588235294117647,0.985958485958486,Descriptive retrospective association; no significance claim
short,test,aspect,Mars/Moon,semisextile,90,46,0.5111111111111111,0.4588235294117647,1.1139601139601139,Descriptive retrospective association; no significance claim
short,test,aspect,Mercury/Venus,semisextile,19,9,0.47368421052631576,0.4588235294117647,1.0323886639676114,Descriptive retrospective association; no significance claim
short,test,aspect,Uranus/Moon,opposition,46,20,0.43478260869565216,0.4588235294117647,0.947603121516165,Descriptive retrospective association; no significance claim
short,test,aspect,Mars/Moon,conjunction,45,23,0.5111111111111111,0.4588235294117647,1.1139601139601139,Descriptive retrospective association; no significance claim
short,test,aspect,Saturn/Moon,semisextile,94,47,0.5,0.4588235294117647,1.0897435897435899,Descriptive retrospective association; no significance claim
short,test,aspect,Sun/Neptune,semisextile,8,4,0.5,0.4588235294117647,1.0897435897435899,Descriptive retrospective association; no significance claim
short,test,aspect,Mercury/Mars,trine,5,3,0.6,0.4588235294117647,1.3076923076923077,Descriptive retrospective association; no significance claim
short,test,aspect,Mercury/Saturn,square,9,3,0.3333333333333333,0.4588235294117647,0.7264957264957265,Descriptive retrospective association; no significance claim
short,test,aspect,Saturn/Moon,conjunction,47,21,0.44680851063829785,0.4588235294117647,0.9738134206219312,Descriptive retrospective association; no significance claim
short,test,aspect,Sun/Uranus,sextile,7,3,0.42857142857142855,0.4588235294117647,0.9340659340659341,Descriptive retrospective association; no significance claim
short,test,aspect,Mars/Saturn,semisextile,4,3,0.75,0.4588235294117647,1.6346153846153846,Descriptive retrospective association; no significance claim
short,test,station,Venus,,5,2,0.4,0.4588235294117647,0.8717948717948719,Descriptive retrospective association; no significance claim
short,test,aspect,Sun/Jupiter,quincunx,6,1,0.16666666666666666,0.4588235294117647,0.36324786324786323,Descriptive retrospective association; no significance claim
short,test,aspect,Sun/Pluto,semisextile,7,5,0.7142857142857143,0.4588235294117647,1.5567765567765568,Descriptive retrospective association; no significance claim
short,test,aspect,Sun/Venus,semisextile,9,1,0.1111111111111111,0.4588235294117647,0.24216524216524216,Descriptive retrospective association; no significance claim
short,test,station,Mercury,,22,12,0.5454545454545454,0.4588235294117647,1.1888111888111887,Descriptive retrospective association; no significance claim
short,test,aspect,Sun/Saturn,square,7,3,0.42857142857142855,0.4588235294117647,0.9340659340659341,Descriptive retrospective association; no significance claim
short,test,aspect,Sun/Mars,trine,4,4,1.0,0.4588235294117647,2.1794871794871797,Descriptive retrospective association; no significance claim
short,test,aspect,Sun/Mercury,conjunction,22,7,0.3181818181818182,0.4588235294117647,0.6934731934731935,Descriptive retrospective association; no significance claim
short,test,aspect,Sun/Neptune,conjunction,4,2,0.5,0.4588235294117647,1.0897435897435899,Descriptive retrospective association; no significance claim
short,test,aspect,Sun/Jupiter,trine,6,2,0.3333333333333333,0.4588235294117647,0.7264957264957265,Descriptive retrospective association; no significance claim
short,test,aspect,Sun/Uranus,semisextile,8,2,0.25,0.4588235294117647,0.5448717948717949,Descriptive retrospective association; no significance claim
short,test,station,Mars,,4,1,0.25,0.4588235294117647,0.5448717948717949,Descriptive retrospective association; no significance claim
short,test,station,Saturn,,6,1,0.16666666666666666,0.4588235294117647,0.36324786324786323,Descriptive retrospective association; no significance claim
short,test,aspect,Sun/Pluto,sextile,7,3,0.42857142857142855,0.4588235294117647,0.9340659340659341,Descriptive retrospective association; no significance claim
short,test,ingress,Venus,,42,16,0.38095238095238093,0.4588235294117647,0.8302808302808302,Descriptive retrospective association; no significance claim
short,test,station,Jupiter,,6,4,0.6666666666666666,0.4588235294117647,1.452991452991453,Descriptive retrospective association; no significance claim
short,test,aspect,Venus/Neptune,semisextile,8,4,0.5,0.4588235294117647,1.0897435897435899,Descriptive retrospective association; no significance claim
short,test,aspect,Sun/Saturn,trine,6,3,0.5,0.4588235294117647,1.0897435897435899,Descriptive retrospective association; no significance claim
short,test,aspect,Sun/Mars,quincunx,4,1,0.25,0.4588235294117647,0.5448717948717949,Descriptive retrospective association; no significance claim
short,test,aspect,Venus/Jupiter,quincunx,6,3,0.5,0.4588235294117647,1.0897435897435899,Descriptive retrospective association; no significance claim
short,test,aspect,Venus/Uranus,sextile,9,6,0.6666666666666666,0.4588235294117647,1.452991452991453,Descriptive retrospective association; no significance claim
short,test,aspect,Venus/Pluto,semisextile,7,4,0.5714285714285714,0.4588235294117647,1.2454212454212454,Descriptive retrospective association; no significance claim
short,test,24_band,Neptune,,2,0,0.0,0.4588235294117647,0.0,Descriptive retrospective association; no significance claim
short,test,simultaneous_24,Neptune/Sun,,2,2,1.0,0.4588235294117647,2.1794871794871797,Descriptive retrospective association; no significance claim
short,test,simultaneous_24,Moon/Neptune/Sun,,1,1,1.0,0.4588235294117647,2.1794871794871797,Descriptive retrospective association; no significance claim
short,test,simultaneous_24,Moon/Neptune,,14,4,0.2857142857142857,0.4588235294117647,0.6227106227106227,Descriptive retrospective association; no significance claim
short,test,simultaneous_24,Mercury/Neptune,,1,0,0.0,0.4588235294117647,0.0,Descriptive retrospective association; no significance claim
short,test,aspect,Mercury/Neptune,conjunction,6,0,0.0,0.4588235294117647,0.0,Descriptive retrospective association; no significance claim
short,test,aspect,Mercury/Jupiter,trine,10,4,0.4,0.4588235294117647,0.8717948717948719,Descriptive retrospective association; no significance claim
short,test,aspect,Mercury/Uranus,semisextile,10,4,0.4,0.4588235294117647,0.8717948717948719,Descriptive retrospective association; no significance claim
short,test,aspect,Mercury/Pluto,sextile,9,2,0.2222222222222222,0.4588235294117647,0.4843304843304843,Descriptive retrospective association; no significance claim
short,test,aspect,Venus/Mars,trine,6,4,0.6666666666666666,0.4588235294117647,1.452991452991453,Descriptive retrospective association; no significance claim
short,test,aspect,Venus/Saturn,square,6,4,0.6666666666666666,0.4588235294117647,1.452991452991453,Descriptive retrospective association; no significance claim
short,test,aspect,Sun/Jupiter,square,6,2,0.3333333333333333,0.4588235294117647,0.7264957264957265,Descriptive retrospective association; no significance claim
short,test,aspect,Sun/Uranus,conjunction,4,1,0.25,0.4588235294117647,0.5448717948717949,Descriptive retrospective association; no significance claim
short,test,aspect,Mercury/Mars,quincunx,6,2,0.3333333333333333,0.4588235294117647,0.7264957264957265,Descriptive retrospective association; no significance claim
short,test,aspect,Mercury/Saturn,trine,6,3,0.5,0.4588235294117647,1.0897435897435899,Descriptive retrospective association; no significance claim
short,test,aspect,Sun/Pluto,square,7,5,0.7142857142857143,0.4588235294117647,1.5567765567765568,Descriptive retrospective association; no significance claim
short,test,aspect,Sun/Mars,opposition,2,1,0.5,0.4588235294117647,1.0897435897435899,Descriptive retrospective association; no significance claim
short,test,aspect,Sun/Saturn,quincunx,6,2,0.3333333333333333,0.4588235294117647,0.7264957264957265,Descriptive retrospective association; no significance claim
short,test,aspect,Venus/Neptune,conjunction,6,2,0.3333333333333333,0.4588235294117647,0.7264957264957265,Descriptive retrospective association; no significance claim
short,test,aspect,Mercury/Jupiter,square,6,3,0.5,0.4588235294117647,1.0897435897435899,Descriptive retrospective association; no significance claim
short,test,aspect,Mercury/Uranus,conjunction,4,4,1.0,0.4588235294117647,2.1794871794871797,Descriptive retrospective association; no significance claim
short,test,station,Pluto,,7,3,0.42857142857142855,0.4588235294117647,0.9340659340659341,Descriptive retrospective association; no significance claim
short,test,aspect,Mercury/Pluto,square,7,2,0.2857142857142857,0.4588235294117647,0.6227106227106227,Descriptive retrospective association; no significance claim
short,test,aspect,Mercury/Mars,opposition,2,2,1.0,0.4588235294117647,2.1794871794871797,Descriptive retrospective association; no significance claim
short,test,aspect,Venus/Jupiter,trine,6,1,0.16666666666666666,0.4588235294117647,0.36324786324786323,Descriptive retrospective association; no significance claim
short,test,aspect,Venus/Uranus,semisextile,7,5,0.7142857142857143,0.4588235294117647,1.5567765567765568,Descriptive retrospective association; no significance claim
short,test,aspect,Venus/Pluto,sextile,9,3,0.3333333333333333,0.4588235294117647,0.7264957264957265,Descriptive retrospective association; no significance claim
short,test,aspect,Mercury/Saturn,quincunx,6,1,0.16666666666666666,0.4588235294117647,0.36324786324786323,Descriptive retrospective association; no significance claim
short,test,aspect,Venus/Mars,quincunx,4,2,0.5,0.4588235294117647,1.0897435897435899,Descriptive retrospective association; no significance claim
short,test,aspect,Mars/Uranus,opposition,1,0,0.0,0.4588235294117647,0.0,Descriptive retrospective association; no significance claim
short,test,aspect,Mars/Pluto,square,3,1,0.3333333333333333,0.4588235294117647,0.7264957264957265,Descriptive retrospective association; no significance claim
short,test,aspect,Venus/Saturn,trine,6,3,0.5,0.4588235294117647,1.0897435897435899,Descriptive retrospective association; no significance claim
short,test,aspect,Mercury/Neptune,sextile,9,3,0.3333333333333333,0.4588235294117647,0.7264957264957265,Descriptive retrospective association; no significance claim
short,test,aspect,Sun/Neptune,sextile,8,3,0.375,0.4588235294117647,0.8173076923076923,Descriptive retrospective association; no significance claim
short,test,aspect,Mercury/Pluto,trine,11,4,0.36363636363636365,0.4588235294117647,0.7925407925407926,Descriptive retrospective association; no significance claim
short,test,aspect,Mercury/Jupiter,sextile,8,5,0.625,0.4588235294117647,1.3621794871794872,Descriptive retrospective association; no significance claim
short,test,aspect,Mercury/Saturn,opposition,3,0,0.0,0.4588235294117647,0.0,Descriptive retrospective association; no significance claim
short,test,aspect,Sun/Pluto,trine,7,5,0.7142857142857143,0.4588235294117647,1.5567765567765568,Descriptive retrospective association; no significance claim
short,test,aspect,Sun/Jupiter,sextile,6,3,0.5,0.4588235294117647,1.0897435897435899,Descriptive retrospective association; no significance claim
short,test,aspect,Sun/Saturn,opposition,3,3,1.0,0.4588235294117647,2.1794871794871797,Descriptive retrospective association; no significance claim
short,test,aspect,Venus/Mars,opposition,2,1,0.5,0.4588235294117647,1.0897435897435899,Descriptive retrospective association; no significance claim
short,test,aspect,Mercury/Neptune,square,9,6,0.6666666666666666,0.4588235294117647,1.452991452991453,Descriptive retrospective association; no significance claim
short,test,aspect,Venus/Pluto,square,7,4,0.5714285714285714,0.4588235294117647,1.2454212454212454,Descriptive retrospective association; no significance claim
short,test,aspect,Mercury/Pluto,quincunx,9,5,0.5555555555555556,0.4588235294117647,1.210826210826211,Descriptive retrospective association; no significance claim
short,test,aspect,Mercury/Venus,sextile,9,6,0.6666666666666666,0.4588235294117647,1.452991452991453,Descriptive retrospective association; no significance claim
short,test,aspect,Venus/Uranus,conjunction,3,2,0.6666666666666666,0.4588235294117647,1.452991452991453,Descriptive retrospective association; no significance claim
short,test,aspect,Mercury/Jupiter,semisextile,11,6,0.5454545454545454,0.4588235294117647,1.1888111888111887,Descriptive retrospective association; no significance claim
short,test,aspect,Venus/Jupiter,square,8,4,0.5,0.4588235294117647,1.0897435897435899,Descriptive retrospective association; no significance claim
short,test,aspect,Venus/Saturn,quincunx,6,4,0.6666666666666666,0.4588235294117647,1.452991452991453,Descriptive retrospective association; no significance claim
short,test,aspect,Sun/Neptune,square,7,4,0.5714285714285714,0.4588235294117647,1.2454212454212454,Descriptive retrospective association; no significance claim
short,test,aspect,Sun/Pluto,quincunx,7,3,0.42857142857142855,0.4588235294117647,0.9340659340659341,Descriptive retrospective association; no significance claim
short,test,aspect,Venus/Neptune,sextile,8,3,0.375,0.4588235294117647,0.8173076923076923,Descriptive retrospective association; no significance claim
short,test,aspect,Venus/Pluto,trine,6,0,0.0,0.4588235294117647,0.0,Descriptive retrospective association; no significance claim
short,test,station,Neptune,,6,2,0.3333333333333333,0.4588235294117647,0.7264957264957265,Descriptive retrospective association; no significance claim
short,test,aspect,Venus/Saturn,opposition,3,2,0.6666666666666666,0.4588235294117647,1.452991452991453,Descriptive retrospective association; no significance claim
short,test,simultaneous_24,Mars/Venus,,3,1,0.3333333333333333,0.4588235294117647,0.7264957264957265,Descriptive retrospective association; no significance claim
short,test,aspect,Sun/Jupiter,semisextile,7,3,0.42857142857142855,0.4588235294117647,0.9340659340659341,Descriptive retrospective association; no significance claim
short,test,aspect,Venus/Jupiter,sextile,6,2,0.3333333333333333,0.4588235294117647,0.7264957264957265,Descriptive retrospective association; no significance claim
short,test,aspect,Sun/Neptune,trine,6,2,0.3333333333333333,0.4588235294117647,0.7264957264957265,Descriptive retrospective association; no significance claim
short,test,aspect,Venus/Neptune,square,6,2,0.3333333333333333,0.4588235294117647,0.7264957264957265,Descriptive retrospective association; no significance claim
short,test,aspect,Venus/Pluto,quincunx,6,2,0.3333333333333333,0.4588235294117647,0.7264957264957265,Descriptive retrospective association; no significance claim
short,test,aspect,Sun/Pluto,opposition,3,2,0.6666666666666666,0.4588235294117647,1.452991452991453,Descriptive retrospective association; no significance claim
short,test,aspect,Sun/Uranus,square,7,2,0.2857142857142857,0.4588235294117647,0.6227106227106227,Descriptive retrospective association; no significance claim
short,test,clock_alignment,Mars/Saturn,clock coincidence,28,14,0.5,0.4588235294117647,1.0897435897435899,Descriptive retrospective association; no significance claim
short,test,ingress,Jupiter,,6,2,0.3333333333333333,0.4588235294117647,0.7264957264957265,Descriptive retrospective association; no significance claim
short,test,24_band,Jupiter,,18,10,0.5555555555555556,0.4588235294117647,1.210826210826211,Descriptive retrospective association; no significance claim
short,test,simultaneous_24,Jupiter/Moon,,36,17,0.4722222222222222,0.4588235294117647,1.0292022792022792,Descriptive retrospective association; no significance claim
short,test,simultaneous_24,Jupiter/Mercury,,5,3,0.6,0.4588235294117647,1.3076923076923077,Descriptive retrospective association; no significance claim
short,test,aspect,Venus/Jupiter,semisextile,6,6,1.0,0.4588235294117647,2.1794871794871797,Descriptive retrospective association; no significance claim
short,test,aspect,Mercury/Neptune,trine,6,2,0.3333333333333333,0.4588235294117647,0.7264957264957265,Descriptive retrospective association; no significance claim
short,test,station,Uranus,,7,2,0.2857142857142857,0.4588235294117647,0.6227106227106227,Descriptive retrospective association; no significance claim
short,test,aspect,Mercury/Pluto,opposition,3,2,0.6666666666666666,0.4588235294117647,1.452991452991453,Descriptive retrospective association; no significance claim
short,test,simultaneous_24,Sun/Venus,,2,1,0.5,0.4588235294117647,1.0897435897435899,Descriptive retrospective association; no significance claim
short,test,aspect,Venus/Neptune,trine,6,1,0.16666666666666666,0.4588235294117647,0.36324786324786323,Descriptive retrospective association; no significance claim
short,test,aspect,Sun/Jupiter,conjunction,4,2,0.5,0.4588235294117647,1.0897435897435899,Descriptive retrospective association; no significance claim
short,test,aspect,Mercury/Uranus,square,9,5,0.5555555555555556,0.4588235294117647,1.210826210826211,Descriptive retrospective association; no significance claim
short,test,ingress,Mars,,23,8,0.34782608695652173,0.4588235294117647,0.758082497212932,Descriptive retrospective association; no significance claim
short,test,aspect,Venus/Pluto,opposition,3,1,0.3333333333333333,0.4588235294117647,0.7264957264957265,Descriptive retrospective association; no significance claim
short,test,aspect,Sun/Neptune,quincunx,6,2,0.3333333333333333,0.4588235294117647,0.7264957264957265,Descriptive retrospective association; no significance claim
short,test,aspect,Venus/Uranus,square,9,5,0.5555555555555556,0.4588235294117647,1.210826210826211,Descriptive retrospective association; no significance claim
short,test,aspect,Mercury/Jupiter,conjunction,4,3,0.75,0.4588235294117647,1.6346153846153846,Descriptive retrospective association; no significance claim
short,test,aspect,Mercury/Mars,square,4,1,0.25,0.4588235294117647,0.5448717948717949,Descriptive retrospective association; no significance claim
short,test,aspect,Mercury/Neptune,quincunx,8,3,0.375,0.4588235294117647,0.8173076923076923,Descriptive retrospective association; no significance claim
short,test,simultaneous_24,Mars/Neptune,,2,0,0.0,0.4588235294117647,0.0,Descriptive retrospective association; no significance claim
short,test,simultaneous_24,Mars/Moon/Neptune,,2,0,0.0,0.4588235294117647,0.0,Descriptive retrospective association; no significance claim
short,test,aspect,Mars/Neptune,trine,5,3,0.6,0.4588235294117647,1.3076923076923077,Descriptive retrospective association; no significance claim
short,test,aspect,Mercury/Uranus,trine,8,5,0.625,0.4588235294117647,1.3621794871794872,Descriptive retrospective association; no significance claim
short,test,aspect,Sun/Uranus,trine,7,2,0.2857142857142857,0.4588235294117647,0.6227106227106227,Descriptive retrospective association; no significance claim
short,test,aspect,Mars/Pluto,sextile,3,1,0.3333333333333333,0.4588235294117647,0.7264957264957265,Descriptive retrospective association; no significance claim
short,test,aspect,Venus/Neptune,quincunx,8,3,0.375,0.4588235294117647,0.8173076923076923,Descriptive retrospective association; no significance claim
short,test,aspect,Venus/Jupiter,conjunction,3,0,0.0,0.4588235294117647,0.0,Descriptive retrospective association; no significance claim
short,test,aspect,Mercury/Neptune,opposition,3,1,0.3333333333333333,0.4588235294117647,0.7264957264957265,Descriptive retrospective association; no significance claim
short,test,aspect,Mars/Uranus,quincunx,2,2,1.0,0.4588235294117647,2.1794871794871797,Descriptive retrospective association; no significance claim
short,test,aspect,Mercury/Uranus,quincunx,6,2,0.3333333333333333,0.4588235294117647,0.7264957264957265,Descriptive retrospective association; no significance claim
short,test,aspect,Mercury/Mars,sextile,10,2,0.2,0.4588235294117647,0.43589743589743596,Descriptive retrospective association; no significance claim
short,test,aspect,Venus/Uranus,trine,7,2,0.2857142857142857,0.4588235294117647,0.6227106227106227,Descriptive retrospective association; no significance claim
short,test,aspect,Mars/Saturn,conjunction,2,1,0.5,0.4588235294117647,1.0897435897435899,Descriptive retrospective association; no significance claim
short,test,aspect,Sun/Neptune,opposition,3,1,0.3333333333333333,0.4588235294117647,0.7264957264957265,Descriptive retrospective association; no significance claim
short,test,aspect,Jupiter/Pluto,quincunx,1,1,1.0,0.4588235294117647,2.1794871794871797,Descriptive retrospective association; no significance claim
short,test,aspect,Sun/Uranus,quincunx,6,5,0.8333333333333334,0.4588235294117647,1.8162393162393164,Descriptive retrospective association; no significance claim
short,test,aspect,Venus/Neptune,opposition,3,0,0.0,0.4588235294117647,0.0,Descriptive retrospective association; no significance claim
short,test,simultaneous_24,Mercury/Sun,,5,1,0.2,0.4588235294117647,0.43589743589743596,Descriptive retrospective association; no significance claim
short,test,aspect,Mercury/Uranus,opposition,3,2,0.6666666666666666,0.4588235294117647,1.452991452991453,Descriptive retrospective association; no significance claim
short,test,aspect,Mercury/Saturn,semisextile,11,4,0.36363636363636365,0.4588235294117647,0.7925407925407926,Descriptive retrospective association; no significance claim
short,test,aspect,Venus/Uranus,quincunx,6,2,0.3333333333333333,0.4588235294117647,0.7264957264957265,Descriptive retrospective association; no significance claim
short,test,aspect,Mars/Neptune,square,6,4,0.6666666666666666,0.4588235294117647,1.452991452991453,Descriptive retrospective association; no significance claim
short,test,aspect,Mars/Pluto,semisextile,4,1,0.25,0.4588235294117647,0.5448717948717949,Descriptive retrospective association; no significance claim
short,test,aspect,Mars/Uranus,trine,3,1,0.3333333333333333,0.4588235294117647,0.7264957264957265,Descriptive retrospective association; no significance claim
short,test,aspect,Sun/Uranus,opposition,3,2,0.6666666666666666,0.4588235294117647,1.452991452991453,Descriptive retrospective association; no significance claim
short,test,aspect,Mars/Jupiter,trine,2,0,0.0,0.4588235294117647,0.0,Descriptive retrospective association; no significance claim
short,test,aspect,Venus/Uranus,opposition,3,2,0.6666666666666666,0.4588235294117647,1.452991452991453,Descriptive retrospective association; no significance claim
short,test,aspect,Sun/Mars,sextile,4,2,0.5,0.4588235294117647,1.0897435897435899,Descriptive retrospective association; no significance claim
short,test,aspect,Sun/Saturn,semisextile,8,1,0.125,0.4588235294117647,0.27243589743589747,Descriptive retrospective association; no significance claim
short,test,aspect,Venus/Saturn,semisextile,9,7,0.7777777777777778,0.4588235294117647,1.6951566951566952,Descriptive retrospective association; no significance claim
short,test,aspect,Venus/Mars,sextile,3,3,1.0,0.4588235294117647,2.1794871794871797,Descriptive retrospective association; no significance claim
short,test,aspect,Mars/Neptune,sextile,4,2,0.5,0.4588235294117647,1.0897435897435899,Descriptive retrospective association; no significance claim
short,test,aspect,Mars/Pluto,conjunction,2,1,0.5,0.4588235294117647,1.0897435897435899,Descriptive retrospective association; no significance claim
short,test,aspect,Venus/Saturn,conjunction,6,4,0.6666666666666666,0.4588235294117647,1.452991452991453,Descriptive retrospective association; no significance claim
short,test,aspect,Mars/Uranus,square,4,0,0.0,0.4588235294117647,0.0,Descriptive retrospective association; no significance claim
short,test,aspect,Sun/Saturn,conjunction,4,1,0.25,0.4588235294117647,0.5448717948717949,Descriptive retrospective association; no significance claim
short,test,aspect,Mars/Jupiter,quincunx,2,1,0.5,0.4588235294117647,1.0897435897435899,Descriptive retrospective association; no significance claim
short,test,aspect,Mercury/Saturn,conjunction,4,2,0.5,0.4588235294117647,1.0897435897435899,Descriptive retrospective association; no significance claim
short,test,aspect,Mars/Saturn,sextile,3,3,1.0,0.4588235294117647,2.1794871794871797,Descriptive retrospective association; no significance claim
short,test,aspect,Mars/Neptune,semisextile,4,1,0.25,0.4588235294117647,0.5448717948717949,Descriptive retrospective association; no significance claim
short,test,aspect,Venus/Mars,semisextile,6,2,0.3333333333333333,0.4588235294117647,0.7264957264957265,Descriptive retrospective association; no significance claim
short,test,aspect,Venus/Pluto,conjunction,4,2,0.5,0.4588235294117647,1.0897435897435899,Descriptive retrospective association; no significance claim
short,test,aspect,Mars/Uranus,sextile,6,4,0.6666666666666666,0.4588235294117647,1.452991452991453,Descriptive retrospective association; no significance claim
short,test,ingress,Saturn,,2,0,0.0,0.4588235294117647,0.0,Descriptive retrospective association; no significance claim
short,test,24_band,Saturn,,10,4,0.4,0.4588235294117647,0.8717948717948719,Descriptive retrospective association; no significance claim
short,test,simultaneous_24,Moon/Saturn,,36,20,0.5555555555555556,0.4588235294117647,1.210826210826211,Descriptive retrospective association; no significance claim
short,test,simultaneous_24,Saturn/Venus,,6,5,0.8333333333333334,0.4588235294117647,1.8162393162393164,Descriptive retrospective association; no significance claim
short,test,aspect,Mercury/Pluto,conjunction,5,1,0.2,0.4588235294117647,0.43589743589743596,Descriptive retrospective association; no significance claim
short,test,simultaneous_24,Mercury/Saturn,,3,3,1.0,0.4588235294117647,2.1794871794871797,Descriptive retrospective association; no significance claim
short,test,aspect,Mercury/Mars,semisextile,8,6,0.75,0.4588235294117647,1.6346153846153846,Descriptive retrospective association; no significance claim
short,test,aspect,Mars/Jupiter,opposition,1,0,0.0,0.4588235294117647,0.0,Descriptive retrospective association; no significance claim
short,test,simultaneous_24,Mercury/Venus,,4,1,0.25,0.4588235294117647,0.5448717948717949,Descriptive retrospective association; no significance claim
short,test,aspect,Mars/Saturn,square,3,1,0.3333333333333333,0.4588235294117647,0.7264957264957265,Descriptive retrospective association; no significance claim
short,test,aspect,Venus/Jupiter,opposition,3,2,0.6666666666666666,0.4588235294117647,1.452991452991453,Descriptive retrospective association; no significance claim
short,test,aspect,Mars/Neptune,conjunction,2,2,1.0,0.4588235294117647,2.1794871794871797,Descriptive retrospective association; no significance claim
short,test,aspect,Mars/Uranus,semisextile,6,4,0.6666666666666666,0.4588235294117647,1.452991452991453,Descriptive retrospective association; no significance claim
short,test,aspect,Sun/Mars,semisextile,3,1,0.3333333333333333,0.4588235294117647,0.7264957264957265,Descriptive retrospective association; no significance claim
short,test,simultaneous_24,Mars/Moon/Venus,,1,0,0.0,0.4588235294117647,0.0,Descriptive retrospective association; no significance claim
short,test,aspect,Venus/Mars,conjunction,3,2,0.6666666666666666,0.4588235294117647,1.452991452991453,Descriptive retrospective association; no significance claim
short,test,aspect,Mars/Saturn,trine,7,4,0.5714285714285714,0.4588235294117647,1.2454212454212454,Descriptive retrospective association; no significance claim
short,test,aspect,Mars/Uranus,conjunction,2,0,0.0,0.4588235294117647,0.0,Descriptive retrospective association; no significance claim
short,test,aspect,Mars/Saturn,quincunx,3,1,0.3333333333333333,0.4588235294117647,0.7264957264957265,Descriptive retrospective association; no significance claim
short,test,aspect,Mars/Pluto,trine,3,1,0.3333333333333333,0.4588235294117647,0.7264957264957265,Descriptive retrospective association; no significance claim
short,test,aspect,Mercury/Mars,conjunction,3,2,0.6666666666666666,0.4588235294117647,1.452991452991453,Descriptive retrospective association; no significance claim
short,test,aspect,Mars/Saturn,opposition,1,0,0.0,0.4588235294117647,0.0,Descriptive retrospective association; no significance claim
short,test,aspect,Mars/Pluto,quincunx,4,3,0.75,0.4588235294117647,1.6346153846153846,Descriptive retrospective association; no significance claim
short,test,simultaneous_24,Saturn/Sun,,4,2,0.5,0.4588235294117647,1.0897435897435899,Descriptive retrospective association; no significance claim
short,test,simultaneous_24,Moon/Saturn/Sun,,1,0,0.0,0.4588235294117647,0.0,Descriptive retrospective association; no significance claim
short,test,aspect,Mars/Jupiter,sextile,4,2,0.5,0.4588235294117647,1.0897435897435899,Descriptive retrospective association; no significance claim
short,test,aspect,Sun/Mars,conjunction,1,0,0.0,0.4588235294117647,0.0,Descriptive retrospective association; no significance claim
short,test,aspect,Mars/Pluto,opposition,4,1,0.25,0.4588235294117647,0.5448717948717949,Descriptive retrospective association; no significance claim
short,test,aspect,Jupiter/Saturn,square,3,0,0.0,0.4588235294117647,0.0,Descriptive retrospective association; no significance claim
short,test,aspect,Mars/Jupiter,semisextile,4,1,0.25,0.4588235294117647,0.5448717948717949,Descriptive retrospective association; no significance claim
short,test,aspect,Mars/Neptune,quincunx,3,2,0.6666666666666666,0.4588235294117647,1.452991452991453,Descriptive retrospective association; no significance claim
short,test,aspect,Mars/Neptune,opposition,1,0,0.0,0.4588235294117647,0.0,Descriptive retrospective association; no significance claim
short,test,aspect,Jupiter/Pluto,trine,1,1,1.0,0.4588235294117647,2.1794871794871797,Descriptive retrospective association; no significance claim
short,test,aspect,Mars/Jupiter,conjunction,2,2,1.0,0.4588235294117647,2.1794871794871797,Descriptive retrospective association; no significance claim
short,test,simultaneous_24,Jupiter/Mars,,3,2,0.6666666666666666,0.4588235294117647,1.452991452991453,Descriptive retrospective association; no significance claim
short,test,simultaneous_24,Jupiter/Mars/Moon,,2,2,1.0,0.4588235294117647,2.1794871794871797,Descriptive retrospective association; no significance claim
short,test,24_band,Uranus,,4,3,0.75,0.4588235294117647,1.6346153846153846,Descriptive retrospective association; no significance claim
short,test,simultaneous_24,Moon/Uranus,,55,33,0.6,0.4588235294117647,1.3076923076923077,Descriptive retrospective association; no significance claim
short,test,simultaneous_24,Sun/Uranus,,7,3,0.42857142857142855,0.4588235294117647,0.9340659340659341,Descriptive retrospective association; no significance claim
short,test,simultaneous_24,Moon/Sun/Uranus,,2,2,1.0,0.4588235294117647,2.1794871794871797,Descriptive retrospective association; no significance claim
short,test,simultaneous_24,Mercury/Uranus,,4,2,0.5,0.4588235294117647,1.0897435897435899,Descriptive retrospective association; no significance claim
short,test,simultaneous_24,Jupiter/Moon/Uranus,,1,1,1.0,0.4588235294117647,2.1794871794871797,Descriptive retrospective association; no significance claim
short,test,simultaneous_24,Jupiter/Uranus,,2,2,1.0,0.4588235294117647,2.1794871794871797,Descriptive retrospective association; no significance claim
short,test,simultaneous_24,Uranus/Venus,,4,2,0.5,0.4588235294117647,1.0897435897435899,Descriptive retrospective association; no significance claim
short,test,simultaneous_24,Mars/Uranus,,3,2,0.6666666666666666,0.4588235294117647,1.452991452991453,Descriptive retrospective association; no significance claim
short,test,simultaneous_24,Mars/Moon/Uranus,,1,1,1.0,0.4588235294117647,2.1794871794871797,Descriptive retrospective association; no significance claim
short,test,simultaneous_24,Mercury/Moon/Uranus,,2,1,0.5,0.4588235294117647,1.0897435897435899,Descriptive retrospective association; no significance claim
short,test,simultaneous_24,Jupiter/Venus,,5,3,0.6,0.4588235294117647,1.3076923076923077,Descriptive retrospective association; no significance claim
short,test,simultaneous_24,Jupiter/Moon/Venus,,4,3,0.75,0.4588235294117647,1.6346153846153846,Descriptive retrospective association; no significance claim
short,test,aspect,Saturn/Pluto,semisextile,1,0,0.0,0.4588235294117647,0.0,Descriptive retrospective association; no significance claim
short,test,aspect,Jupiter/Pluto,square,1,0,0.0,0.4588235294117647,0.0,Descriptive retrospective association; no significance claim
short,test,aspect,Jupiter/Saturn,sextile,1,0,0.0,0.4588235294117647,0.0,Descriptive retrospective association; no significance claim
short,test,simultaneous_24,Mars/Saturn,,5,4,0.8,0.4588235294117647,1.7435897435897438,Descriptive retrospective association; no significance claim
short,test,simultaneous_24,Mars/Moon/Saturn,,3,2,0.6666666666666666,0.4588235294117647,1.452991452991453,Descriptive retrospective association; no significance claim
short,test,simultaneous_24,Mars/Sun,,3,3,1.0,0.4588235294117647,2.1794871794871797,Descriptive retrospective association; no significance claim
short,test,simultaneous_24,Mars/Mercury,,1,1,1.0,0.4588235294117647,2.1794871794871797,Descriptive retrospective association; no significance claim
short,test,simultaneous_24,Sun/Uranus/Venus,,1,0,0.0,0.4588235294117647,0.0,Descriptive retrospective association; no significance claim
short,test,aspect,Jupiter/Pluto,sextile,1,0,0.0,0.4588235294117647,0.0,Descriptive retrospective association; no significance claim
short,test,simultaneous_24,Mercury/Moon/Sun,,1,1,1.0,0.4588235294117647,2.1794871794871797,Descriptive retrospective association; no significance claim
short,test,aspect,Jupiter/Saturn,semisextile,1,0,0.0,0.4588235294117647,0.0,Descriptive retrospective association; no significance claim
short,test,aspect,Jupiter/Neptune,square,1,0,0.0,0.4588235294117647,0.0,Descriptive retrospective association; no significance claim
short,test,simultaneous_24,Moon/Saturn/Venus,,3,3,1.0,0.4588235294117647,2.1794871794871797,Descriptive retrospective association; no significance claim
short,test,simultaneous_24,Jupiter/Sun,,3,2,0.6666666666666666,0.4588235294117647,1.452991452991453,Descriptive retrospective association; no significance claim
short,test,simultaneous_24,Jupiter/Moon/Sun,,1,0,0.0,0.4588235294117647,0.0,Descriptive retrospective association; no significance claim
short,test,aspect,Jupiter/Neptune,sextile,1,0,0.0,0.4588235294117647,0.0,Descriptive retrospective association; no significance claim
short,test,simultaneous_24,Jupiter/Mars/Mercury,,1,1,1.0,0.4588235294117647,2.1794871794871797,Descriptive retrospective association; no significance claim
short,test,simultaneous_24,Jupiter/Mars/Mercury/Moon,,1,1,1.0,0.4588235294117647,2.1794871794871797,Descriptive retrospective association; no significance claim
short,test,simultaneous_24,Moon/Sun/Venus,,1,1,1.0,0.4588235294117647,2.1794871794871797,Descriptive retrospective association; no significance claim
short,test,aspect,Jupiter/Neptune,semisextile,1,0,0.0,0.4588235294117647,0.0,Descriptive retrospective association; no significance claim
short,test,simultaneous_24,Saturn/Sun/Venus,,1,1,1.0,0.4588235294117647,2.1794871794871797,Descriptive retrospective association; no significance claim
short,test,aspect,Jupiter/Uranus,sextile,1,0,0.0,0.4588235294117647,0.0,Descriptive retrospective association; no significance claim
short,test,aspect,Jupiter/Neptune,conjunction,1,1,1.0,0.4588235294117647,2.1794871794871797,Descriptive retrospective association; no significance claim
short,test,aspect,Saturn/Neptune,semisextile,3,2,0.6666666666666666,0.4588235294117647,1.452991452991453,Descriptive retrospective association; no significance claim
short,test,simultaneous_24,Mars/Mercury/Uranus,,2,0,0.0,0.4588235294117647,0.0,Descriptive retrospective association; no significance claim
short,test,simultaneous_24,Mars/Mercury/Moon/Uranus,,1,0,0.0,0.4588235294117647,0.0,Descriptive retrospective association; no significance claim
short,test,simultaneous_24,Mars/Sun/Uranus,,1,1,1.0,0.4588235294117647,2.1794871794871797,Descriptive retrospective association; no significance claim
short,test,aspect,Jupiter/Uranus,semisextile,2,0,0.0,0.4588235294117647,0.0,Descriptive retrospective association; no significance claim
short,test,ingress,Pluto,,5,1,0.2,0.4588235294117647,0.43589743589743596,Descriptive retrospective association; no significance claim
short,test,simultaneous_24,Saturn/Uranus,,2,0,0.0,0.4588235294117647,0.0,Descriptive retrospective association; no significance claim
short,test,simultaneous_24,Moon/Saturn/Uranus,,1,0,0.0,0.4588235294117647,0.0,Descriptive retrospective association; no significance claim
short,test,simultaneous_24,Mars/Mercury/Saturn,,1,1,1.0,0.4588235294117647,2.1794871794871797,Descriptive retrospective association; no significance claim
short,test,aspect,Jupiter/Uranus,conjunction,1,1,1.0,0.4588235294117647,2.1794871794871797,Descriptive retrospective association; no significance claim
short,test,simultaneous_24,Jupiter/Sun/Venus,,1,1,1.0,0.4588235294117647,2.1794871794871797,Descriptive retrospective association; no significance claim
short,test,ingress,Neptune,,1,0,0.0,0.4588235294117647,0.0,Descriptive retrospective association; no significance claim
short,test,aspect,Saturn/Uranus,sextile,1,0,0.0,0.4588235294117647,0.0,Descriptive retrospective association; no significance claim
short,test,simultaneous_24,Mercury/Saturn/Venus,,1,0,0.0,0.4588235294117647,0.0,Descriptive retrospective association; no significance claim
intermediate,validation,aspect,Uranus/Moon,square,80,22,0.275,0.24635036496350365,1.1162962962962963,Descriptive retrospective association; no significance claim
intermediate,validation,aspect,Sun/Moon,conjunction,37,10,0.2702702702702703,0.24635036496350365,1.0970970970970972,Descriptive retrospective association; no significance claim
intermediate,validation,aspect,Pluto/Moon,conjunction,40,11,0.275,0.24635036496350365,1.1162962962962963,Descriptive retrospective association; no significance claim
intermediate,validation,aspect,Mars/Moon,square,77,20,0.2597402597402597,0.24635036496350365,1.0543530543530542,Descriptive retrospective association; no significance claim
intermediate,validation,aspect,Mercury/Moon,conjunction,37,9,0.24324324324324326,0.24635036496350365,0.9873873873873874,Descriptive retrospective association; no significance claim
intermediate,validation,aspect,Sun/Pluto,conjunction,3,1,0.3333333333333333,0.24635036496350365,1.3530864197530863,Descriptive retrospective association; no significance claim
intermediate,validation,aspect,Jupiter/Moon,opposition,40,12,0.3,0.24635036496350365,1.2177777777777776,Descriptive retrospective association; no significance claim
intermediate,validation,24_band,Mars,,56,18,0.32142857142857145,0.24635036496350365,1.3047619047619048,Descriptive retrospective association; no significance claim
intermediate,validation,24_band,Moon,,640,159,0.2484375,0.24635036496350365,1.0084722222222222,Descriptive retrospective association; no significance claim
intermediate,validation,simultaneous_24,Mars/Moon,,23,7,0.30434782608695654,0.24635036496350365,1.235426731078905,Descriptive retrospective association; no significance claim
intermediate,validation,aspect,Saturn/Moon,sextile,80,18,0.225,0.24635036496350365,0.9133333333333333,Descriptive retrospective association; no significance claim
intermediate,validation,aspect,Venus/Moon,conjunction,37,11,0.2972972972972973,0.24635036496350365,1.2068068068068067,Descriptive retrospective association; no significance claim
intermediate,validation,ingress,Moon,,482,120,0.24896265560165975,0.24635036496350365,1.0106039649608114,Descriptive retrospective association; no significance claim
intermediate,validation,aspect,Neptune/Moon,semisextile,80,15,0.1875,0.24635036496350365,0.7611111111111111,Descriptive retrospective association; no significance claim
intermediate,validation,aspect,Sun/Mars,square,2,1,0.5,0.24635036496350365,2.0296296296296297,Descriptive retrospective association; no significance claim
intermediate,validation,aspect,Uranus/Moon,sextile,80,18,0.225,0.24635036496350365,0.9133333333333333,Descriptive retrospective association; no significance claim
intermediate,validation,aspect,Mercury/Jupiter,opposition,3,0,0.0,0.24635036496350365,0.0,Descriptive retrospective association; no significance claim
intermediate,validation,aspect,Pluto/Moon,semisextile,80,20,0.25,0.24635036496350365,1.0148148148148148,Descriptive retrospective association; no significance claim
intermediate,validation,aspect,Mars/Moon,trine,77,22,0.2857142857142857,0.24635036496350365,1.1597883597883598,Descriptive retrospective association; no significance claim
intermediate,validation,aspect,Sun/Moon,semisextile,74,21,0.28378378378378377,0.24635036496350365,1.1519519519519519,Descriptive retrospective association; no significance claim
intermediate,validation,aspect,Jupiter/Moon,quincunx,80,22,0.275,0.24635036496350365,1.1162962962962963,Descriptive retrospective association; no significance claim
intermediate,validation,aspect,Mercury/Moon,semisextile,74,21,0.28378378378378377,0.24635036496350365,1.1519519519519519,Descriptive retrospective association; no significance claim
intermediate,validation,aspect,Saturn/Moon,square,80,18,0.225,0.24635036496350365,0.9133333333333333,Descriptive retrospective association; no significance claim
intermediate,validation,aspect,Venus/Moon,semisextile,73,21,0.2876712328767123,0.24635036496350365,1.167732115677321,Descriptive retrospective association; no significance claim
intermediate,validation,24_band,Mercury,,101,22,0.21782178217821782,0.24635036496350365,0.8841950861752842,Descriptive retrospective association; no significance claim
intermediate,validation,aspect,Neptune/Moon,conjunction,40,9,0.225,0.24635036496350365,0.9133333333333333,Descriptive retrospective association; no significance claim
intermediate,validation,simultaneous_24,Mercury/Moon,,30,4,0.13333333333333333,0.24635036496350365,0.5412345679012346,Descriptive retrospective association; no significance claim
intermediate,validation,aspect,Uranus/Moon,semisextile,80,17,0.2125,0.24635036496350365,0.8625925925925926,Descriptive retrospective association; no significance claim
intermediate,validation,aspect,Pluto/Moon,sextile,81,18,0.2222222222222222,0.24635036496350365,0.9020576131687242,Descriptive retrospective association; no significance claim
intermediate,validation,aspect,Mars/Moon,quincunx,77,19,0.24675324675324675,0.24635036496350365,1.0016354016354017,Descriptive retrospective association; no significance claim
intermediate,validation,aspect,Sun/Moon,sextile,75,21,0.28,0.24635036496350365,1.1365925925925926,Descriptive retrospective association; no significance claim
intermediate,validation,aspect,Jupiter/Moon,trine,80,20,0.25,0.24635036496350365,1.0148148148148148,Descriptive retrospective association; no significance claim
intermediate,validation,aspect,Sun/Jupiter,opposition,3,0,0.0,0.24635036496350365,0.0,Descriptive retrospective association; no significance claim
intermediate,validation,aspect,Mercury/Moon,sextile,74,20,0.2702702702702703,0.24635036496350365,1.0970970970970972,Descriptive retrospective association; no significance claim
intermediate,validation,aspect,Saturn/Moon,trine,80,20,0.25,0.24635036496350365,1.0148148148148148,Descriptive retrospective association; no significance claim
intermediate,validation,aspect,Mercury/Saturn,sextile,10,2,0.2,0.24635036496350365,0.8118518518518519,Descriptive retrospective association; no significance claim
intermediate,validation,aspect,Venus/Moon,sextile,74,21,0.28378378378378377,0.24635036496350365,1.1519519519519519,Descriptive retrospective association; no significance claim
intermediate,validation,aspect,Uranus/Moon,conjunction,40,8,0.2,0.24635036496350365,0.8118518518518519,Descriptive retrospective association; no significance claim
intermediate,validation,aspect,Pluto/Moon,square,80,18,0.225,0.24635036496350365,0.9133333333333333,Descriptive retrospective association; no significance claim
intermediate,validation,aspect,Mars/Moon,opposition,38,10,0.2631578947368421,0.24635036496350365,1.0682261208576997,Descriptive retrospective association; no significance claim
intermediate,validation,aspect,Mercury/Venus,conjunction,8,2,0.25,0.24635036496350365,1.0148148148148148,Descriptive retrospective association; no significance claim
intermediate,validation,aspect,Jupiter/Moon,square,80,19,0.2375,0.24635036496350365,0.964074074074074,Descriptive retrospective association; no significance claim
intermediate,validation,aspect,Sun/Moon,square,74,17,0.22972972972972974,0.24635036496350365,0.9325325325325325,Descriptive retrospective association; no significance claim
intermediate,validation,24_band,Sun,,90,27,0.3,0.24635036496350365,1.2177777777777776,Descriptive retrospective association; no significance claim
intermediate,validation,aspect,Saturn/Moon,quincunx,80,22,0.275,0.24635036496350365,1.1162962962962963,Descriptive retrospective association; no significance claim
intermediate,validation,aspect,Venus/Moon,square,74,19,0.25675675675675674,0.24635036496350365,1.0422422422422422,Descriptive retrospective association; no significance claim
intermediate,validation,simultaneous_24,Moon/Sun,,18,5,0.2777777777777778,0.24635036496350365,1.1275720164609053,Descriptive retrospective association; no significance claim
intermediate,validation,aspect,Mercury/Moon,square,74,18,0.24324324324324326,0.24635036496350365,0.9873873873873874,Descriptive retrospective association; no significance claim
intermediate,validation,aspect,Mars/Jupiter,square,5,0,0.0,0.24635036496350365,0.0,Descriptive retrospective association; no significance claim
intermediate,validation,aspect,Neptune/Moon,sextile,80,20,0.25,0.24635036496350365,1.0148148148148148,Descriptive retrospective association; no significance claim
intermediate,validation,aspect,Pluto/Moon,trine,80,21,0.2625,0.24635036496350365,1.0655555555555556,Descriptive retrospective association; no significance claim
intermediate,validation,aspect,Jupiter/Moon,sextile,79,19,0.24050632911392406,0.24635036496350365,0.9762775433661509,Descriptive retrospective association; no significance claim
intermediate,validation,aspect,Sun/Moon,trine,74,15,0.20270270270270271,0.24635036496350365,0.8228228228228228,Descriptive retrospective association; no significance claim
intermediate,validation,aspect,Saturn/Moon,opposition,40,11,0.275,0.24635036496350365,1.1162962962962963,Descriptive retrospective association; no significance claim
intermediate,validation,aspect,Venus/Moon,trine,74,17,0.22972972972972974,0.24635036496350365,0.9325325325325325,Descriptive retrospective association; no significance claim
intermediate,validation,aspect,Venus/Saturn,sextile,6,1,0.16666666666666666,0.24635036496350365,0.6765432098765432,Descriptive retrospective association; no significance claim
intermediate,validation,aspect,Mercury/Moon,trine,74,17,0.22972972972972974,0.24635036496350365,0.9325325325325325,Descriptive retrospective association; no significance claim
intermediate,validation,aspect,Sun/Venus,conjunction,3,1,0.3333333333333333,0.24635036496350365,1.3530864197530863,Descriptive retrospective association; no significance claim
intermediate,validation,aspect,Sun/Saturn,sextile,6,1,0.16666666666666666,0.24635036496350365,0.6765432098765432,Descriptive retrospective association; no significance claim
intermediate,validation,aspect,Neptune/Moon,square,80,21,0.2625,0.24635036496350365,1.0655555555555556,Descriptive retrospective association; no significance claim
intermediate,validation,ingress,Mercury,,43,10,0.23255813953488372,0.24635036496350365,0.9440137812230835,Descriptive retrospective association; no significance claim
intermediate,validation,aspect,Pluto/Moon,quincunx,80,21,0.2625,0.24635036496350365,1.0655555555555556,Descriptive retrospective association; no significance claim
intermediate,validation,aspect,Jupiter/Moon,semisextile,80,20,0.25,0.24635036496350365,1.0148148148148148,Descriptive retrospective association; no significance claim
intermediate,validation,aspect,Venus/Moon,quincunx,74,15,0.20270270270270271,0.24635036496350365,0.8228228228228228,Descriptive retrospective association; no significance claim
intermediate,validation,aspect,Sun/Moon,quincunx,74,17,0.22972972972972974,0.24635036496350365,0.9325325325325325,Descriptive retrospective association; no significance claim
intermediate,validation,aspect,Mercury/Neptune,semisextile,8,3,0.375,0.24635036496350365,1.5222222222222221,Descriptive retrospective association; no significance claim
intermediate,validation,aspect,Neptune/Moon,trine,81,23,0.2839506172839506,0.24635036496350365,1.1526291723822588,Descriptive retrospective association; no significance claim
intermediate,validation,aspect,Mercury/Moon,quincunx,74,17,0.22972972972972974,0.24635036496350365,0.9325325325325325,Descriptive retrospective association; no significance claim
intermediate,validation,aspect,Pluto/Moon,opposition,40,12,0.3,0.24635036496350365,1.2177777777777776,Descriptive retrospective association; no significance claim
intermediate,validation,24_band,Venus,,91,22,0.24175824175824176,0.24635036496350365,0.9813593813593814,Descriptive retrospective association; no significance claim
intermediate,validation,aspect,Jupiter/Moon,conjunction,40,12,0.3,0.24635036496350365,1.2177777777777776,Descriptive retrospective association; no significance claim
intermediate,validation,aspect,Venus/Moon,opposition,37,8,0.21621621621621623,0.24635036496350365,0.8776776776776777,Descriptive retrospective association; no significance claim
intermediate,validation,aspect,Sun/Moon,opposition,37,8,0.21621621621621623,0.24635036496350365,0.8776776776776777,Descriptive retrospective association; no significance claim
intermediate,validation,simultaneous_24,Moon/Venus,,23,4,0.17391304347826086,0.24635036496350365,0.7059581320450885,Descriptive retrospective association; no significance claim
intermediate,validation,aspect,Venus/Mars,square,5,2,0.4,0.24635036496350365,1.6237037037037039,Descriptive retrospective association; no significance claim
intermediate,validation,aspect,Neptune/Moon,quincunx,80,22,0.275,0.24635036496350365,1.1162962962962963,Descriptive retrospective association; no significance claim
intermediate,validation,aspect,Mercury/Uranus,sextile,10,5,0.5,0.24635036496350365,2.0296296296296297,Descriptive retrospective association; no significance claim
intermediate,validation,aspect,Uranus/Moon,trine,80,23,0.2875,0.24635036496350365,1.1670370370370369,Descriptive retrospective association; no significance claim
intermediate,validation,aspect,Mercury/Moon,opposition,37,10,0.2702702702702703,0.24635036496350365,1.0970970970970972,Descriptive retrospective association; no significance claim
intermediate,validation,aspect,Mars/Moon,sextile,77,16,0.2077922077922078,0.24635036496350365,0.8434824434824435,Descriptive retrospective association; no significance claim
intermediate,validation,aspect,Mercury/Pluto,semisextile,8,3,0.375,0.24635036496350365,1.5222222222222221,Descriptive retrospective association; no significance claim
intermediate,validation,aspect,Neptune/Moon,opposition,40,12,0.3,0.24635036496350365,1.2177777777777776,Descriptive retrospective association; no significance claim
intermediate,validation,aspect,Uranus/Moon,quincunx,80,21,0.2625,0.24635036496350365,1.0655555555555556,Descriptive retrospective association; no significance claim
intermediate,validation,aspect,Mercury/Jupiter,quincunx,6,2,0.3333333333333333,0.24635036496350365,1.3530864197530863,Descriptive retrospective association; no significance claim
intermediate,validation,ingress,Sun,,36,12,0.3333333333333333,0.24635036496350365,1.3530864197530863,Descriptive retrospective association; no significance claim
intermediate,validation,aspect,Mars/Moon,semisextile,77,19,0.24675324675324675,0.24635036496350365,1.0016354016354017,Descriptive retrospective association; no significance claim
intermediate,validation,aspect,Mercury/Venus,semisextile,18,3,0.16666666666666666,0.24635036496350365,0.6765432098765432,Descriptive retrospective association; no significance claim
intermediate,validation,aspect,Uranus/Moon,opposition,40,11,0.275,0.24635036496350365,1.1162962962962963,Descriptive retrospective association; no significance claim
intermediate,validation,aspect,Mars/Moon,conjunction,38,10,0.2631578947368421,0.24635036496350365,1.0682261208576997,Descriptive retrospective association; no significance claim
intermediate,validation,aspect,Saturn/Moon,semisextile,80,19,0.2375,0.24635036496350365,0.964074074074074,Descriptive retrospective association; no significance claim
intermediate,validation,aspect,Sun/Neptune,semisextile,6,3,0.5,0.24635036496350365,2.0296296296296297,Descriptive retrospective association; no significance claim
intermediate,validation,aspect,Mercury/Mars,trine,2,1,0.5,0.24635036496350365,2.0296296296296297,Descriptive retrospective association; no significance claim
intermediate,validation,aspect,Mercury/Saturn,square,8,1,0.125,0.24635036496350365,0.5074074074074074,Descriptive retrospective association; no significance claim
intermediate,validation,aspect,Saturn/Moon,conjunction,40,11,0.275,0.24635036496350365,1.1162962962962963,Descriptive retrospective association; no significance claim
intermediate,validation,aspect,Sun/Uranus,sextile,6,3,0.5,0.24635036496350365,2.0296296296296297,Descriptive retrospective association; no significance claim
intermediate,validation,aspect,Mars/Saturn,semisextile,2,1,0.5,0.24635036496350365,2.0296296296296297,Descriptive retrospective association; no significance claim
intermediate,validation,station,Venus,,3,1,0.3333333333333333,0.24635036496350365,1.3530864197530863,Descriptive retrospective association; no significance claim
intermediate,validation,aspect,Sun/Jupiter,quincunx,6,3,0.5,0.24635036496350365,2.0296296296296297,Descriptive retrospective association; no significance claim
intermediate,validation,aspect,Sun/Pluto,semisextile,6,3,0.5,0.24635036496350365,2.0296296296296297,Descriptive retrospective association; no significance claim
intermediate,validation,aspect,Sun/Venus,semisextile,7,3,0.42857142857142855,0.24635036496350365,1.7396825396825395,Descriptive retrospective association; no significance claim
intermediate,validation,station,Mercury,,18,5,0.2777777777777778,0.24635036496350365,1.1275720164609053,Descriptive retrospective association; no significance claim
intermediate,validation,aspect,Sun/Saturn,square,6,0,0.0,0.24635036496350365,0.0,Descriptive retrospective association; no significance claim
intermediate,validation,aspect,Sun/Mars,trine,2,1,0.5,0.24635036496350365,2.0296296296296297,Descriptive retrospective association; no significance claim
intermediate,validation,aspect,Sun/Mercury,conjunction,19,4,0.21052631578947367,0.24635036496350365,0.8545808966861598,Descriptive retrospective association; no significance claim
intermediate,validation,aspect,Sun/Neptune,conjunction,3,2,0.6666666666666666,0.24635036496350365,2.7061728395061726,Descriptive retrospective association; no significance claim
intermediate,validation,aspect,Jupiter/Uranus,square,1,0,0.0,0.24635036496350365,0.0,Descriptive retrospective association; no significance claim
intermediate,validation,aspect,Sun/Jupiter,trine,6,1,0.16666666666666666,0.24635036496350365,0.6765432098765432,Descriptive retrospective association; no significance claim
intermediate,validation,aspect,Sun/Uranus,semisextile,6,1,0.16666666666666666,0.24635036496350365,0.6765432098765432,Descriptive retrospective association; no significance claim
intermediate,validation,station,Mars,,2,1,0.5,0.24635036496350365,2.0296296296296297,Descriptive retrospective association; no significance claim
intermediate,validation,station,Saturn,,6,0,0.0,0.24635036496350365,0.0,Descriptive retrospective association; no significance claim
intermediate,validation,aspect,Sun/Pluto,sextile,6,2,0.3333333333333333,0.24635036496350365,1.3530864197530863,Descriptive retrospective association; no significance claim
intermediate,validation,ingress,Venus,,38,13,0.34210526315789475,0.24635036496350365,1.3886939571150096,Descriptive retrospective association; no significance claim
intermediate,validation,station,Jupiter,,6,1,0.16666666666666666,0.24635036496350365,0.6765432098765432,Descriptive retrospective association; no significance claim
intermediate,validation,aspect,Venus/Neptune,semisextile,6,1,0.16666666666666666,0.24635036496350365,0.6765432098765432,Descriptive retrospective association; no significance claim
intermediate,validation,aspect,Sun/Saturn,trine,6,0,0.0,0.24635036496350365,0.0,Descriptive retrospective association; no significance claim
intermediate,validation,aspect,Sun/Mars,quincunx,2,0,0.0,0.24635036496350365,0.0,Descriptive retrospective association; no significance claim
intermediate,validation,aspect,Venus/Jupiter,quincunx,6,0,0.0,0.24635036496350365,0.0,Descriptive retrospective association; no significance claim
intermediate,validation,aspect,Venus/Uranus,sextile,6,1,0.16666666666666666,0.24635036496350365,0.6765432098765432,Descriptive retrospective association; no significance claim
intermediate,validation,aspect,Venus/Pluto,semisextile,7,1,0.14285714285714285,0.24635036496350365,0.5798941798941799,Descriptive retrospective association; no significance claim
intermediate,validation,aspect,Mercury/Neptune,conjunction,5,1,0.2,0.24635036496350365,0.8118518518518519,Descriptive retrospective association; no significance claim
intermediate,validation,aspect,Mercury/Jupiter,trine,8,2,0.25,0.24635036496350365,1.0148148148148148,Descriptive retrospective association; no significance claim
intermediate,validation,aspect,Mercury/Uranus,semisextile,6,1,0.16666666666666666,0.24635036496350365,0.6765432098765432,Descriptive retrospective association; no significance claim
intermediate,validation,aspect,Mercury/Pluto,sextile,10,1,0.1,0.24635036496350365,0.40592592592592597,Descriptive retrospective association; no significance claim
intermediate,validation,aspect,Venus/Mars,trine,3,1,0.3333333333333333,0.24635036496350365,1.3530864197530863,Descriptive retrospective association; no significance claim
intermediate,validation,aspect,Venus/Saturn,square,6,1,0.16666666666666666,0.24635036496350365,0.6765432098765432,Descriptive retrospective association; no significance claim
intermediate,validation,aspect,Sun/Jupiter,square,6,1,0.16666666666666666,0.24635036496350365,0.6765432098765432,Descriptive retrospective association; no significance claim
intermediate,validation,aspect,Sun/Uranus,conjunction,3,0,0.0,0.24635036496350365,0.0,Descriptive retrospective association; no significance claim
intermediate,validation,aspect,Mercury/Mars,quincunx,2,1,0.5,0.24635036496350365,2.0296296296296297,Descriptive retrospective association; no significance claim
intermediate,validation,aspect,Mercury/Saturn,trine,6,1,0.16666666666666666,0.24635036496350365,0.6765432098765432,Descriptive retrospective association; no significance claim
intermediate,validation,aspect,Sun/Pluto,square,6,1,0.16666666666666666,0.24635036496350365,0.6765432098765432,Descriptive retrospective association; no significance claim
intermediate,validation,aspect,Sun/Mars,opposition,1,0,0.0,0.24635036496350365,0.0,Descriptive retrospective association; no significance claim
intermediate,validation,aspect,Sun/Saturn,quincunx,6,2,0.3333333333333333,0.24635036496350365,1.3530864197530863,Descriptive retrospective association; no significance claim
intermediate,validation,aspect,Venus/Neptune,conjunction,3,1,0.3333333333333333,0.24635036496350365,1.3530864197530863,Descriptive retrospective association; no significance claim
intermediate,validation,aspect,Mercury/Jupiter,square,8,1,0.125,0.24635036496350365,0.5074074074074074,Descriptive retrospective association; no significance claim
intermediate,validation,aspect,Mercury/Uranus,conjunction,3,0,0.0,0.24635036496350365,0.0,Descriptive retrospective association; no significance claim
intermediate,validation,station,Pluto,,6,0,0.0,0.24635036496350365,0.0,Descriptive retrospective association; no significance claim
intermediate,validation,aspect,Mercury/Pluto,square,8,3,0.375,0.24635036496350365,1.5222222222222221,Descriptive retrospective association; no significance claim
intermediate,validation,aspect,Mercury/Mars,opposition,1,0,0.0,0.24635036496350365,0.0,Descriptive retrospective association; no significance claim
intermediate,validation,aspect,Venus/Jupiter,trine,6,0,0.0,0.24635036496350365,0.0,Descriptive retrospective association; no significance claim
intermediate,validation,aspect,Venus/Uranus,semisextile,8,1,0.125,0.24635036496350365,0.5074074074074074,Descriptive retrospective association; no significance claim
intermediate,validation,aspect,Venus/Pluto,sextile,6,2,0.3333333333333333,0.24635036496350365,1.3530864197530863,Descriptive retrospective association; no significance claim
intermediate,validation,aspect,Mercury/Saturn,quincunx,6,3,0.5,0.24635036496350365,2.0296296296296297,Descriptive retrospective association; no significance claim
intermediate,validation,aspect,Venus/Mars,quincunx,2,0,0.0,0.24635036496350365,0.0,Descriptive retrospective association; no significance claim
intermediate,validation,aspect,Mars/Uranus,opposition,2,0,0.0,0.24635036496350365,0.0,Descriptive retrospective association; no significance claim
intermediate,validation,aspect,Mars/Pluto,square,6,2,0.3333333333333333,0.24635036496350365,1.3530864197530863,Descriptive retrospective association; no significance claim
intermediate,validation,aspect,Venus/Saturn,trine,6,0,0.0,0.24635036496350365,0.0,Descriptive retrospective association; no significance claim
intermediate,validation,aspect,Mercury/Neptune,sextile,7,1,0.14285714285714285,0.24635036496350365,0.5798941798941799,Descriptive retrospective association; no significance claim
intermediate,validation,aspect,Sun/Neptune,sextile,6,1,0.16666666666666666,0.24635036496350365,0.6765432098765432,Descriptive retrospective association; no significance claim
intermediate,validation,aspect,Mercury/Pluto,trine,6,1,0.16666666666666666,0.24635036496350365,0.6765432098765432,Descriptive retrospective association; no significance claim
intermediate,validation,aspect,Mercury/Jupiter,sextile,6,2,0.3333333333333333,0.24635036496350365,1.3530864197530863,Descriptive retrospective association; no significance claim
intermediate,validation,aspect,Mercury/Saturn,opposition,3,0,0.0,0.24635036496350365,0.0,Descriptive retrospective association; no significance claim
intermediate,validation,aspect,Sun/Pluto,trine,6,2,0.3333333333333333,0.24635036496350365,1.3530864197530863,Descriptive retrospective association; no significance claim
intermediate,validation,aspect,Sun/Jupiter,sextile,6,3,0.5,0.24635036496350365,2.0296296296296297,Descriptive retrospective association; no significance claim
intermediate,validation,aspect,Sun/Saturn,opposition,3,0,0.0,0.24635036496350365,0.0,Descriptive retrospective association; no significance claim
intermediate,validation,aspect,Venus/Mars,opposition,1,0,0.0,0.24635036496350365,0.0,Descriptive retrospective association; no significance claim
intermediate,validation,aspect,Mercury/Neptune,square,8,1,0.125,0.24635036496350365,0.5074074074074074,Descriptive retrospective association; no significance claim
intermediate,validation,aspect,Venus/Pluto,square,6,1,0.16666666666666666,0.24635036496350365,0.6765432098765432,Descriptive retrospective association; no significance claim
intermediate,validation,aspect,Mercury/Pluto,quincunx,6,2,0.3333333333333333,0.24635036496350365,1.3530864197530863,Descriptive retrospective association; no significance claim
intermediate,validation,aspect,Mercury/Venus,sextile,6,2,0.3333333333333333,0.24635036496350365,1.3530864197530863,Descriptive retrospective association; no significance claim
intermediate,validation,aspect,Venus/Uranus,conjunction,3,1,0.3333333333333333,0.24635036496350365,1.3530864197530863,Descriptive retrospective association; no significance claim
intermediate,validation,aspect,Mercury/Jupiter,semisextile,7,2,0.2857142857142857,0.24635036496350365,1.1597883597883598,Descriptive retrospective association; no significance claim
intermediate,validation,aspect,Venus/Jupiter,square,6,0,0.0,0.24635036496350365,0.0,Descriptive retrospective association; no significance claim
intermediate,validation,aspect,Venus/Saturn,quincunx,6,1,0.16666666666666666,0.24635036496350365,0.6765432098765432,Descriptive retrospective association; no significance claim
intermediate,validation,aspect,Sun/Neptune,square,6,0,0.0,0.24635036496350365,0.0,Descriptive retrospective association; no significance claim
intermediate,validation,aspect,Sun/Pluto,quincunx,6,1,0.16666666666666666,0.24635036496350365,0.6765432098765432,Descriptive retrospective association; no significance claim
intermediate,validation,aspect,Venus/Neptune,sextile,7,1,0.14285714285714285,0.24635036496350365,0.5798941798941799,Descriptive retrospective association; no significance claim
intermediate,validation,aspect,Venus/Pluto,trine,6,0,0.0,0.24635036496350365,0.0,Descriptive retrospective association; no significance claim
intermediate,validation,station,Neptune,,6,2,0.3333333333333333,0.24635036496350365,1.3530864197530863,Descriptive retrospective association; no significance claim
intermediate,validation,aspect,Venus/Saturn,opposition,3,1,0.3333333333333333,0.24635036496350365,1.3530864197530863,Descriptive retrospective association; no significance claim
intermediate,validation,simultaneous_24,Mars/Venus,,1,1,1.0,0.24635036496350365,4.059259259259259,Descriptive retrospective association; no significance claim
intermediate,validation,aspect,Sun/Jupiter,semisextile,5,1,0.2,0.24635036496350365,0.8118518518518519,Descriptive retrospective association; no significance claim
intermediate,validation,aspect,Venus/Jupiter,sextile,6,1,0.16666666666666666,0.24635036496350365,0.6765432098765432,Descriptive retrospective association; no significance claim
intermediate,validation,aspect,Sun/Neptune,trine,6,2,0.3333333333333333,0.24635036496350365,1.3530864197530863,Descriptive retrospective association; no significance claim
intermediate,validation,aspect,Venus/Neptune,square,9,1,0.1111111111111111,0.24635036496350365,0.4510288065843621,Descriptive retrospective association; no significance claim
intermediate,validation,aspect,Venus/Pluto,quincunx,6,2,0.3333333333333333,0.24635036496350365,1.3530864197530863,Descriptive retrospective association; no significance claim
intermediate,validation,aspect,Sun/Pluto,opposition,3,1,0.3333333333333333,0.24635036496350365,1.3530864197530863,Descriptive retrospective association; no significance claim
intermediate,validation,aspect,Sun/Uranus,square,6,1,0.16666666666666666,0.24635036496350365,0.6765432098765432,Descriptive retrospective association; no significance claim
intermediate,validation,clock_alignment,Mars/Saturn,clock coincidence,24,5,0.20833333333333334,0.24635036496350365,0.845679012345679,Descriptive retrospective association; no significance claim
intermediate,validation,ingress,Jupiter,,5,0,0.0,0.24635036496350365,0.0,Descriptive retrospective association; no significance claim
intermediate,validation,24_band,Jupiter,,12,2,0.16666666666666666,0.24635036496350365,0.6765432098765432,Descriptive retrospective association; no significance claim
intermediate,validation,simultaneous_24,Jupiter/Moon,,34,5,0.14705882352941177,0.24635036496350365,0.5969498910675382,Descriptive retrospective association; no significance claim
intermediate,validation,simultaneous_24,Jupiter/Mercury,,2,0,0.0,0.24635036496350365,0.0,Descriptive retrospective association; no significance claim
intermediate,validation,aspect,Venus/Jupiter,semisextile,5,5,1.0,0.24635036496350365,4.059259259259259,Descriptive retrospective association; no significance claim
intermediate,validation,aspect,Mercury/Neptune,trine,8,1,0.125,0.24635036496350365,0.5074074074074074,Descriptive retrospective association; no significance claim
intermediate,validation,station,Uranus,,6,2,0.3333333333333333,0.24635036496350365,1.3530864197530863,Descriptive retrospective association; no significance claim
intermediate,validation,aspect,Mercury/Pluto,opposition,3,2,0.6666666666666666,0.24635036496350365,2.7061728395061726,Descriptive retrospective association; no significance claim
intermediate,validation,simultaneous_24,Sun/Venus,,3,0,0.0,0.24635036496350365,0.0,Descriptive retrospective association; no significance claim
intermediate,validation,aspect,Venus/Neptune,trine,6,1,0.16666666666666666,0.24635036496350365,0.6765432098765432,Descriptive retrospective association; no significance claim
intermediate,validation,aspect,Sun/Jupiter,conjunction,2,0,0.0,0.24635036496350365,0.0,Descriptive retrospective association; no significance claim
intermediate,validation,aspect,Mercury/Uranus,square,6,2,0.3333333333333333,0.24635036496350365,1.3530864197530863,Descriptive retrospective association; no significance claim
intermediate,validation,ingress,Mars,,21,6,0.2857142857142857,0.24635036496350365,1.1597883597883598,Descriptive retrospective association; no significance claim
intermediate,validation,aspect,Venus/Pluto,opposition,3,1,0.3333333333333333,0.24635036496350365,1.3530864197530863,Descriptive retrospective association; no significance claim
intermediate,validation,aspect,Sun/Neptune,quincunx,6,1,0.16666666666666666,0.24635036496350365,0.6765432098765432,Descriptive retrospective association; no significance claim
intermediate,validation,aspect,Venus/Uranus,square,6,4,0.6666666666666666,0.24635036496350365,2.7061728395061726,Descriptive retrospective association; no significance claim
intermediate,validation,aspect,Mercury/Jupiter,conjunction,4,1,0.25,0.24635036496350365,1.0148148148148148,Descriptive retrospective association; no significance claim
intermediate,validation,aspect,Mercury/Mars,square,7,1,0.14285714285714285,0.24635036496350365,0.5798941798941799,Descriptive retrospective association; no significance claim
intermediate,validation,aspect,Mercury/Neptune,quincunx,8,2,0.25,0.24635036496350365,1.0148148148148148,Descriptive retrospective association; no significance claim
intermediate,validation,aspect,Mars/Neptune,trine,4,1,0.25,0.24635036496350365,1.0148148148148148,Descriptive retrospective association; no significance claim
intermediate,validation,aspect,Mercury/Uranus,trine,7,0,0.0,0.24635036496350365,0.0,Descriptive retrospective association; no significance claim
intermediate,validation,aspect,Sun/Uranus,trine,5,2,0.4,0.24635036496350365,1.6237037037037039,Descriptive retrospective association; no significance claim
intermediate,validation,aspect,Mars/Pluto,sextile,3,1,0.3333333333333333,0.24635036496350365,1.3530864197530863,Descriptive retrospective association; no significance claim
intermediate,validation,aspect,Venus/Neptune,quincunx,6,1,0.16666666666666666,0.24635036496350365,0.6765432098765432,Descriptive retrospective association; no significance claim
intermediate,validation,aspect,Venus/Jupiter,conjunction,3,0,0.0,0.24635036496350365,0.0,Descriptive retrospective association; no significance claim
intermediate,validation,aspect,Mercury/Neptune,opposition,3,0,0.0,0.24635036496350365,0.0,Descriptive retrospective association; no significance claim
intermediate,validation,aspect,Mars/Uranus,quincunx,4,0,0.0,0.24635036496350365,0.0,Descriptive retrospective association; no significance claim
intermediate,validation,aspect,Mercury/Uranus,quincunx,8,2,0.25,0.24635036496350365,1.0148148148148148,Descriptive retrospective association; no significance claim
intermediate,validation,aspect,Mercury/Mars,sextile,7,2,0.2857142857142857,0.24635036496350365,1.1597883597883598,Descriptive retrospective association; no significance claim
intermediate,validation,aspect,Venus/Uranus,trine,7,2,0.2857142857142857,0.24635036496350365,1.1597883597883598,Descriptive retrospective association; no significance claim
intermediate,validation,aspect,Mars/Saturn,conjunction,1,0,0.0,0.24635036496350365,0.0,Descriptive retrospective association; no significance claim
intermediate,validation,aspect,Sun/Neptune,opposition,3,2,0.6666666666666666,0.24635036496350365,2.7061728395061726,Descriptive retrospective association; no significance claim
intermediate,validation,aspect,Sun/Uranus,quincunx,6,0,0.0,0.24635036496350365,0.0,Descriptive retrospective association; no significance claim
intermediate,validation,aspect,Venus/Neptune,opposition,3,0,0.0,0.24635036496350365,0.0,Descriptive retrospective association; no significance claim
intermediate,validation,simultaneous_24,Mercury/Sun,,4,2,0.5,0.24635036496350365,2.0296296296296297,Descriptive retrospective association; no significance claim
intermediate,validation,aspect,Mercury/Uranus,opposition,5,1,0.2,0.24635036496350365,0.8118518518518519,Descriptive retrospective association; no significance claim
intermediate,validation,aspect,Mercury/Saturn,semisextile,8,4,0.5,0.24635036496350365,2.0296296296296297,Descriptive retrospective association; no significance claim
intermediate,validation,aspect,Venus/Uranus,quincunx,7,0,0.0,0.24635036496350365,0.0,Descriptive retrospective association; no significance claim
intermediate,validation,aspect,Mars/Neptune,square,3,1,0.3333333333333333,0.24635036496350365,1.3530864197530863,Descriptive retrospective association; no significance claim
intermediate,validation,aspect,Jupiter/Uranus,trine,1,1,1.0,0.24635036496350365,4.059259259259259,Descriptive retrospective association; no significance claim
intermediate,validation,aspect,Mars/Pluto,semisextile,2,1,0.5,0.24635036496350365,2.0296296296296297,Descriptive retrospective association; no significance claim
intermediate,validation,aspect,Mars/Uranus,trine,3,0,0.0,0.24635036496350365,0.0,Descriptive retrospective association; no significance claim
intermediate,validation,aspect,Sun/Uranus,opposition,3,2,0.6666666666666666,0.24635036496350365,2.7061728395061726,Descriptive retrospective association; no significance claim
intermediate,validation,aspect,Mars/Jupiter,trine,4,2,0.5,0.24635036496350365,2.0296296296296297,Descriptive retrospective association; no significance claim
intermediate,validation,aspect,Venus/Uranus,opposition,3,1,0.3333333333333333,0.24635036496350365,1.3530864197530863,Descriptive retrospective association; no significance claim
intermediate,validation,aspect,Sun/Mars,sextile,3,2,0.6666666666666666,0.24635036496350365,2.7061728395061726,Descriptive retrospective association; no significance claim
intermediate,validation,aspect,Sun/Saturn,semisextile,5,3,0.6,0.24635036496350365,2.4355555555555553,Descriptive retrospective association; no significance claim
intermediate,validation,aspect,Venus/Saturn,semisextile,7,2,0.2857142857142857,0.24635036496350365,1.1597883597883598,Descriptive retrospective association; no significance claim
intermediate,validation,aspect,Venus/Mars,sextile,3,1,0.3333333333333333,0.24635036496350365,1.3530864197530863,Descriptive retrospective association; no significance claim
intermediate,validation,aspect,Mars/Neptune,sextile,3,1,0.3333333333333333,0.24635036496350365,1.3530864197530863,Descriptive retrospective association; no significance claim
intermediate,validation,aspect,Mars/Pluto,conjunction,1,0,0.0,0.24635036496350365,0.0,Descriptive retrospective association; no significance claim
intermediate,validation,aspect,Venus/Saturn,conjunction,3,2,0.6666666666666666,0.24635036496350365,2.7061728395061726,Descriptive retrospective association; no significance claim
intermediate,validation,aspect,Mars/Uranus,square,3,0,0.0,0.24635036496350365,0.0,Descriptive retrospective association; no significance claim
intermediate,validation,aspect,Sun/Saturn,conjunction,3,0,0.0,0.24635036496350365,0.0,Descriptive retrospective association; no significance claim
intermediate,validation,aspect,Mars/Jupiter,quincunx,4,0,0.0,0.24635036496350365,0.0,Descriptive retrospective association; no significance claim
intermediate,validation,aspect,Mercury/Saturn,conjunction,3,1,0.3333333333333333,0.24635036496350365,1.3530864197530863,Descriptive retrospective association; no significance claim
intermediate,validation,aspect,Mars/Saturn,sextile,3,2,0.6666666666666666,0.24635036496350365,2.7061728395061726,Descriptive retrospective association; no significance claim
intermediate,validation,aspect,Mars/Neptune,semisextile,5,0,0.0,0.24635036496350365,0.0,Descriptive retrospective association; no significance claim
intermediate,validation,aspect,Venus/Mars,semisextile,4,0,0.0,0.24635036496350365,0.0,Descriptive retrospective association; no significance claim
intermediate,validation,aspect,Venus/Pluto,conjunction,5,2,0.4,0.24635036496350365,1.6237037037037039,Descriptive retrospective association; no significance claim
intermediate,validation,aspect,Mars/Uranus,sextile,3,1,0.3333333333333333,0.24635036496350365,1.3530864197530863,Descriptive retrospective association; no significance claim
intermediate,validation,ingress,Saturn,,3,1,0.3333333333333333,0.24635036496350365,1.3530864197530863,Descriptive retrospective association; no significance claim
intermediate,validation,24_band,Saturn,,10,3,0.3,0.24635036496350365,1.2177777777777776,Descriptive retrospective association; no significance claim
intermediate,validation,simultaneous_24,Moon/Saturn,,33,7,0.21212121212121213,0.24635036496350365,0.8610549943883278,Descriptive retrospective association; no significance claim
intermediate,validation,simultaneous_24,Saturn/Venus,,7,4,0.5714285714285714,0.24635036496350365,2.3195767195767196,Descriptive retrospective association; no significance claim
intermediate,validation,aspect,Mercury/Pluto,conjunction,4,1,0.25,0.24635036496350365,1.0148148148148148,Descriptive retrospective association; no significance claim
intermediate,validation,simultaneous_24,Mercury/Saturn,,4,2,0.5,0.24635036496350365,2.0296296296296297,Descriptive retrospective association; no significance claim
intermediate,validation,aspect,Mercury/Mars,semisextile,8,1,0.125,0.24635036496350365,0.5074074074074074,Descriptive retrospective association; no significance claim
intermediate,validation,aspect,Mars/Jupiter,opposition,2,0,0.0,0.24635036496350365,0.0,Descriptive retrospective association; no significance claim
intermediate,validation,simultaneous_24,Mercury/Venus,,1,0,0.0,0.24635036496350365,0.0,Descriptive retrospective association; no significance claim
intermediate,validation,aspect,Mars/Saturn,square,6,4,0.6666666666666666,0.24635036496350365,2.7061728395061726,Descriptive retrospective association; no significance claim
intermediate,validation,aspect,Venus/Jupiter,opposition,3,2,0.6666666666666666,0.24635036496350365,2.7061728395061726,Descriptive retrospective association; no significance claim
intermediate,validation,aspect,Mars/Neptune,conjunction,1,0,0.0,0.24635036496350365,0.0,Descriptive retrospective association; no significance claim
intermediate,validation,aspect,Mars/Uranus,semisextile,3,1,0.3333333333333333,0.24635036496350365,1.3530864197530863,Descriptive retrospective association; no significance claim
intermediate,validation,aspect,Sun/Mars,semisextile,3,0,0.0,0.24635036496350365,0.0,Descriptive retrospective association; no significance claim
intermediate,validation,aspect,Venus/Mars,conjunction,2,1,0.5,0.24635036496350365,2.0296296296296297,Descriptive retrospective association; no significance claim
intermediate,validation,aspect,Mars/Saturn,trine,4,1,0.25,0.24635036496350365,1.0148148148148148,Descriptive retrospective association; no significance claim
intermediate,validation,aspect,Mars/Uranus,conjunction,2,1,0.5,0.24635036496350365,2.0296296296296297,Descriptive retrospective association; no significance claim
intermediate,validation,aspect,Mars/Saturn,quincunx,4,1,0.25,0.24635036496350365,1.0148148148148148,Descriptive retrospective association; no significance claim
intermediate,validation,aspect,Mars/Pluto,trine,4,0,0.0,0.24635036496350365,0.0,Descriptive retrospective association; no significance claim
intermediate,validation,aspect,Mercury/Mars,conjunction,6,1,0.16666666666666666,0.24635036496350365,0.6765432098765432,Descriptive retrospective association; no significance claim
intermediate,validation,aspect,Mars/Saturn,opposition,2,0,0.0,0.24635036496350365,0.0,Descriptive retrospective association; no significance claim
intermediate,validation,aspect,Mars/Pluto,quincunx,4,2,0.5,0.24635036496350365,2.0296296296296297,Descriptive retrospective association; no significance claim
intermediate,validation,simultaneous_24,Saturn/Sun,,4,3,0.75,0.24635036496350365,3.0444444444444443,Descriptive retrospective association; no significance claim
intermediate,validation,simultaneous_24,Moon/Saturn/Sun,,2,2,1.0,0.24635036496350365,4.059259259259259,Descriptive retrospective association; no significance claim
intermediate,validation,aspect,Mars/Jupiter,sextile,2,1,0.5,0.24635036496350365,2.0296296296296297,Descriptive retrospective association; no significance claim
intermediate,validation,aspect,Sun/Mars,conjunction,2,0,0.0,0.24635036496350365,0.0,Descriptive retrospective association; no significance claim
intermediate,validation,aspect,Mars/Pluto,opposition,2,1,0.5,0.24635036496350365,2.0296296296296297,Descriptive retrospective association; no significance claim
intermediate,validation,aspect,Mars/Jupiter,semisextile,2,0,0.0,0.24635036496350365,0.0,Descriptive retrospective association; no significance claim
intermediate,validation,aspect,Mars/Neptune,quincunx,4,3,0.75,0.24635036496350365,3.0444444444444443,Descriptive retrospective association; no significance claim
intermediate,validation,aspect,Mars/Neptune,opposition,2,0,0.0,0.24635036496350365,0.0,Descriptive retrospective association; no significance claim
intermediate,validation,aspect,Mars/Jupiter,conjunction,1,0,0.0,0.24635036496350365,0.0,Descriptive retrospective association; no significance claim
intermediate,validation,simultaneous_24,Jupiter/Mars,,7,3,0.42857142857142855,0.24635036496350365,1.7396825396825395,Descriptive retrospective association; no significance claim
intermediate,validation,simultaneous_24,Jupiter/Mars/Moon,,5,1,0.2,0.24635036496350365,0.8118518518518519,Descriptive retrospective association; no significance claim
intermediate,validation,simultaneous_24,Jupiter/Venus,,3,1,0.3333333333333333,0.24635036496350365,1.3530864197530863,Descriptive retrospective association; no significance claim
intermediate,validation,simultaneous_24,Mars/Saturn,,1,0,0.0,0.24635036496350365,0.0,Descriptive retrospective association; no significance claim
intermediate,validation,simultaneous_24,Mars/Moon/Saturn,,1,0,0.0,0.24635036496350365,0.0,Descriptive retrospective association; no significance claim
intermediate,validation,simultaneous_24,Mercury/Moon/Saturn,,2,1,0.5,0.24635036496350365,2.0296296296296297,Descriptive retrospective association; no significance claim
intermediate,validation,simultaneous_24,Mars/Sun,,1,1,1.0,0.24635036496350365,4.059259259259259,Descriptive retrospective association; no significance claim
intermediate,validation,simultaneous_24,Mars/Mercury,,4,2,0.5,0.24635036496350365,2.0296296296296297,Descriptive retrospective association; no significance claim
intermediate,validation,simultaneous_24,Mercury/Moon/Sun,,2,1,0.5,0.24635036496350365,2.0296296296296297,Descriptive retrospective association; no significance claim
intermediate,validation,ingress,Uranus,,1,0,0.0,0.24635036496350365,0.0,Descriptive retrospective association; no significance claim
intermediate,validation,aspect,Jupiter/Saturn,semisextile,2,0,0.0,0.24635036496350365,0.0,Descriptive retrospective association; no significance claim
intermediate,validation,aspect,Jupiter/Neptune,square,3,0,0.0,0.24635036496350365,0.0,Descriptive retrospective association; no significance claim
intermediate,validation,aspect,Saturn/Neptune,sextile,3,1,0.3333333333333333,0.24635036496350365,1.3530864197530863,Descriptive retrospective association; no significance claim
intermediate,validation,aspect,Jupiter/Pluto,semisextile,6,1,0.16666666666666666,0.24635036496350365,0.6765432098765432,Descriptive retrospective association; no significance claim
intermediate,validation,simultaneous_24,Moon/Saturn/Venus,,4,2,0.5,0.24635036496350365,2.0296296296296297,Descriptive retrospective association; no significance claim
intermediate,validation,simultaneous_24,Jupiter/Sun,,5,0,0.0,0.24635036496350365,0.0,Descriptive retrospective association; no significance claim
intermediate,validation,simultaneous_24,Jupiter/Moon/Sun,,3,0,0.0,0.24635036496350365,0.0,Descriptive retrospective association; no significance claim
intermediate,validation,simultaneous_24,Mercury/Saturn/Sun,,1,1,1.0,0.24635036496350365,4.059259259259259,Descriptive retrospective association; no significance claim
intermediate,validation,aspect,Saturn/Pluto,conjunction,1,0,0.0,0.24635036496350365,0.0,Descriptive retrospective association; no significance claim
intermediate,validation,simultaneous_24,Mars/Mercury/Venus,,2,2,1.0,0.24635036496350365,4.059259259259259,Descriptive retrospective association; no significance claim
intermediate,validation,simultaneous_24,Mars/Mercury/Moon/Venus,,1,1,1.0,0.24635036496350365,4.059259259259259,Descriptive retrospective association; no significance claim
intermediate,validation,aspect,Jupiter/Neptune,sextile,3,0,0.0,0.24635036496350365,0.0,Descriptive retrospective association; no significance claim
intermediate,validation,simultaneous_24,Jupiter/Mercury/Sun,,1,0,0.0,0.24635036496350365,0.0,Descriptive retrospective association; no significance claim
intermediate,validation,aspect,Jupiter/Pluto,conjunction,3,1,0.3333333333333333,0.24635036496350365,1.3530864197530863,Descriptive retrospective association; no significance claim
intermediate,validation,simultaneous_24,Jupiter/Mars/Sun,,1,1,1.0,0.24635036496350365,4.059259259259259,Descriptive retrospective association; no significance claim
intermediate,validation,simultaneous_24,Jupiter/Mars/Mercury/Sun,,1,1,1.0,0.24635036496350365,4.059259259259259,Descriptive retrospective association; no significance claim
intermediate,validation,simultaneous_24,Jupiter/Mars/Mercury/Moon/Sun,,1,1,1.0,0.24635036496350365,4.059259259259259,Descriptive retrospective association; no significance claim
intermediate,validation,simultaneous_24,Jupiter/Mars/Mercury,,2,1,0.5,0.24635036496350365,2.0296296296296297,Descriptive retrospective association; no significance claim
intermediate,validation,simultaneous_24,Jupiter/Mars/Mercury/Moon,,1,0,0.0,0.24635036496350365,0.0,Descriptive retrospective association; no significance claim
intermediate,validation,simultaneous_24,Moon/Sun/Venus,,1,0,0.0,0.24635036496350365,0.0,Descriptive retrospective association; no significance claim
intermediate,validation,aspect,Jupiter/Saturn,conjunction,1,0,0.0,0.24635036496350365,0.0,Descriptive retrospective association; no significance claim
intermediate,validation,simultaneous_24,Jupiter/Mars/Venus,,1,0,0.0,0.24635036496350365,0.0,Descriptive retrospective association; no significance claim
intermediate,validation,aspect,Saturn/Uranus,square,3,0,0.0,0.24635036496350365,0.0,Descriptive retrospective association; no significance claim
intermediate,validation,aspect,Jupiter/Neptune,semisextile,1,0,0.0,0.24635036496350365,0.0,Descriptive retrospective association; no significance claim
intermediate,validation,simultaneous_24,Moon/Saturn/Sun/Venus,,1,0,0.0,0.24635036496350365,0.0,Descriptive retrospective association; no significance claim
intermediate,validation,simultaneous_24,Saturn/Sun/Venus,,1,0,0.0,0.24635036496350365,0.0,Descriptive retrospective association; no significance claim
intermediate,test,aspect,Uranus/Moon,square,92,27,0.29347826086956524,0.3027156549520767,0.969484914534817,Descriptive retrospective association; no significance claim
intermediate,test,aspect,Sun/Moon,conjunction,43,13,0.3023255813953488,0.3027156549520767,0.9987114192796219,Descriptive retrospective association; no significance claim
intermediate,test,aspect,Pluto/Moon,conjunction,46,14,0.30434782608695654,0.3027156549520767,1.0053917632212916,Descriptive retrospective association; no significance claim
intermediate,test,aspect,Mars/Moon,square,88,26,0.29545454545454547,0.3027156549520767,0.9760134324778125,Descriptive retrospective association; no significance claim
intermediate,test,aspect,Mercury/Moon,conjunction,43,14,0.32558139534883723,0.3027156549520767,1.0755353746088236,Descriptive retrospective association; no significance claim
intermediate,test,aspect,Sun/Pluto,conjunction,4,3,0.75,0.3027156549520767,2.4775725593667546,Descriptive retrospective association; no significance claim
intermediate,test,aspect,Jupiter/Moon,opposition,45,11,0.24444444444444444,0.3027156549520767,0.8075051304602755,Descriptive retrospective association; no significance claim
intermediate,test,24_band,Mars,,58,17,0.29310344827586204,0.3027156549520767,0.9682467473387315,Descriptive retrospective association; no significance claim
intermediate,test,24_band,Moon,,742,227,0.3059299191374663,0.3027156549520767,1.0106180969923688,Descriptive retrospective association; no significance claim
intermediate,test,simultaneous_24,Mars/Moon,,21,5,0.23809523809523808,0.3027156549520767,0.786530971227541,Descriptive retrospective association; no significance claim
intermediate,test,aspect,Saturn/Moon,sextile,92,28,0.30434782608695654,0.3027156549520767,1.0053917632212916,Descriptive retrospective association; no significance claim
intermediate,test,aspect,Venus/Moon,conjunction,43,12,0.27906976744186046,0.3027156549520767,0.9218874639504202,Descriptive retrospective association; no significance claim
intermediate,test,ingress,Moon,,550,168,0.3054545454545455,0.3027156549520767,1.0090477332693693,Descriptive retrospective association; no significance claim
intermediate,test,aspect,Neptune/Moon,semisextile,92,27,0.29347826086956524,0.3027156549520767,0.969484914534817,Descriptive retrospective association; no significance claim
intermediate,test,aspect,Sun/Mars,square,4,1,0.25,0.3027156549520767,0.8258575197889182,Descriptive retrospective association; no significance claim
intermediate,test,aspect,Uranus/Moon,sextile,92,26,0.2826086956521739,0.3027156549520767,0.9335780658483422,Descriptive retrospective association; no significance claim
intermediate,test,aspect,Mercury/Jupiter,opposition,7,1,0.14285714285714285,0.3027156549520767,0.47191858273652465,Descriptive retrospective association; no significance claim
intermediate,test,aspect,Pluto/Moon,semisextile,92,27,0.29347826086956524,0.3027156549520767,0.969484914534817,Descriptive retrospective association; no significance claim
intermediate,test,aspect,Mars/Moon,trine,88,25,0.2840909090909091,0.3027156549520767,0.9384744543055888,Descriptive retrospective association; no significance claim
intermediate,test,aspect,Sun/Moon,semisextile,86,26,0.3023255813953488,0.3027156549520767,0.9987114192796219,Descriptive retrospective association; no significance claim
intermediate,test,aspect,Jupiter/Moon,quincunx,90,25,0.2777777777777778,0.3027156549520767,0.9176194664321313,Descriptive retrospective association; no significance claim
intermediate,test,aspect,Mercury/Moon,semisextile,86,27,0.313953488372093,0.3027156549520767,1.0371233969442228,Descriptive retrospective association; no significance claim
intermediate,test,aspect,Saturn/Moon,square,91,30,0.32967032967032966,0.3027156549520767,1.0890428832381338,Descriptive retrospective association; no significance claim
intermediate,test,aspect,Venus/Moon,semisextile,86,25,0.29069767441860467,0.3027156549520767,0.9602994416150211,Descriptive retrospective association; no significance claim
intermediate,test,24_band,Mercury,,106,22,0.20754716981132076,0.3027156549520767,0.6856175635983471,Descriptive retrospective association; no significance claim
intermediate,test,aspect,Neptune/Moon,conjunction,46,13,0.2826086956521739,0.3027156549520767,0.9335780658483422,Descriptive retrospective association; no significance claim
intermediate,test,simultaneous_24,Mercury/Moon,,19,2,0.10526315789473684,0.3027156549520767,0.3477294820163866,Descriptive retrospective association; no significance claim
intermediate,test,aspect,Uranus/Moon,semisextile,92,27,0.29347826086956524,0.3027156549520767,0.969484914534817,Descriptive retrospective association; no significance claim
intermediate,test,aspect,Pluto/Moon,sextile,91,25,0.27472527472527475,0.3027156549520767,0.9075357360317783,Descriptive retrospective association; no significance claim
intermediate,test,aspect,Mars/Moon,quincunx,88,25,0.2840909090909091,0.3027156549520767,0.9384744543055888,Descriptive retrospective association; no significance claim
intermediate,test,aspect,Sun/Moon,sextile,85,24,0.2823529411764706,0.3027156549520767,0.9327331988204252,Descriptive retrospective association; no significance claim
intermediate,test,aspect,Jupiter/Moon,trine,90,27,0.3,0.3027156549520767,0.9910290237467018,Descriptive retrospective association; no significance claim
intermediate,test,aspect,Sun/Jupiter,opposition,3,1,0.3333333333333333,0.3027156549520767,1.1011433597185574,Descriptive retrospective association; no significance claim
intermediate,test,aspect,Mercury/Moon,sextile,85,25,0.29411764705882354,0.3027156549520767,0.9715970821046096,Descriptive retrospective association; no significance claim
intermediate,test,aspect,Saturn/Moon,trine,91,26,0.2857142857142857,0.3027156549520767,0.9438371654730493,Descriptive retrospective association; no significance claim
intermediate,test,aspect,Mercury/Saturn,sextile,11,3,0.2727272727272727,0.3027156549520767,0.9009354761333652,Descriptive retrospective association; no significance claim
intermediate,test,aspect,Venus/Moon,sextile,85,27,0.3176470588235294,0.3027156549520767,1.0493248486729783,Descriptive retrospective association; no significance claim
intermediate,test,aspect,Uranus/Moon,conjunction,46,17,0.3695652173913043,0.3027156549520767,1.2208328553401397,Descriptive retrospective association; no significance claim
intermediate,test,aspect,Pluto/Moon,square,91,27,0.2967032967032967,0.3027156549520767,0.9801385949143204,Descriptive retrospective association; no significance claim
intermediate,test,aspect,Mars/Moon,opposition,44,14,0.3181818181818182,0.3027156549520767,1.0510913888222595,Descriptive retrospective association; no significance claim
intermediate,test,aspect,Mercury/Venus,conjunction,8,3,0.375,0.3027156549520767,1.2387862796833773,Descriptive retrospective association; no significance claim
intermediate,test,aspect,Jupiter/Moon,square,91,28,0.3076923076923077,0.3027156549520767,1.0164400243555916,Descriptive retrospective association; no significance claim
intermediate,test,aspect,Sun/Moon,square,85,26,0.3058823529411765,0.3027156549520767,1.0104609653887942,Descriptive retrospective association; no significance claim
intermediate,test,24_band,Sun,,103,24,0.23300970873786409,0.3027156549520767,0.7697312805799625,Descriptive retrospective association; no significance claim
intermediate,test,aspect,Saturn/Moon,quincunx,91,28,0.3076923076923077,0.3027156549520767,1.0164400243555916,Descriptive retrospective association; no significance claim
intermediate,test,aspect,Venus/Moon,square,85,24,0.2823529411764706,0.3027156549520767,0.9327331988204252,Descriptive retrospective association; no significance claim
intermediate,test,simultaneous_24,Moon/Sun,,23,4,0.17391304347826086,0.3027156549520767,0.5745095789835952,Descriptive retrospective association; no significance claim
intermediate,test,aspect,Mercury/Moon,square,85,25,0.29411764705882354,0.3027156549520767,0.9715970821046096,Descriptive retrospective association; no significance claim
intermediate,test,aspect,Mars/Jupiter,square,2,0,0.0,0.3027156549520767,0.0,Descriptive retrospective association; no significance claim
intermediate,test,aspect,Neptune/Moon,sextile,92,32,0.34782608695652173,0.3027156549520767,1.1490191579671905,Descriptive retrospective association; no significance claim
intermediate,test,aspect,Pluto/Moon,trine,92,29,0.31521739130434784,0.3027156549520767,1.0412986119077665,Descriptive retrospective association; no significance claim
intermediate,test,aspect,Jupiter/Moon,sextile,92,31,0.33695652173913043,0.3027156549520767,1.1131123092807158,Descriptive retrospective association; no significance claim
intermediate,test,aspect,Sun/Moon,trine,84,27,0.32142857142857145,0.3027156549520767,1.0618168111571806,Descriptive retrospective association; no significance claim
intermediate,test,aspect,Saturn/Moon,opposition,46,13,0.2826086956521739,0.3027156549520767,0.9335780658483422,Descriptive retrospective association; no significance claim
intermediate,test,aspect,Venus/Moon,trine,85,26,0.3058823529411765,0.3027156549520767,1.0104609653887942,Descriptive retrospective association; no significance claim
intermediate,test,aspect,Venus/Saturn,sextile,6,3,0.5,0.3027156549520767,1.6517150395778364,Descriptive retrospective association; no significance claim
intermediate,test,aspect,Mercury/Moon,trine,84,27,0.32142857142857145,0.3027156549520767,1.0618168111571806,Descriptive retrospective association; no significance claim
intermediate,test,aspect,Sun/Venus,conjunction,5,0,0.0,0.3027156549520767,0.0,Descriptive retrospective association; no significance claim
intermediate,test,aspect,Sun/Saturn,sextile,7,3,0.42857142857142855,0.3027156549520767,1.415755748209574,Descriptive retrospective association; no significance claim
intermediate,test,aspect,Neptune/Moon,square,92,27,0.29347826086956524,0.3027156549520767,0.969484914534817,Descriptive retrospective association; no significance claim
intermediate,test,ingress,Mercury,,53,17,0.32075471698113206,0.3027156549520767,1.0595907801065365,Descriptive retrospective association; no significance claim
intermediate,test,aspect,Pluto/Moon,quincunx,92,28,0.30434782608695654,0.3027156549520767,1.0053917632212916,Descriptive retrospective association; no significance claim
intermediate,test,aspect,Jupiter/Moon,semisextile,92,28,0.30434782608695654,0.3027156549520767,1.0053917632212916,Descriptive retrospective association; no significance claim
intermediate,test,aspect,Venus/Moon,quincunx,85,26,0.3058823529411765,0.3027156549520767,1.0104609653887942,Descriptive retrospective association; no significance claim
intermediate,test,aspect,Sun/Moon,quincunx,84,26,0.30952380952380953,0.3027156549520767,1.0224902625958034,Descriptive retrospective association; no significance claim
intermediate,test,aspect,Mercury/Neptune,semisextile,8,1,0.125,0.3027156549520767,0.4129287598944591,Descriptive retrospective association; no significance claim
intermediate,test,aspect,Neptune/Moon,trine,91,27,0.2967032967032967,0.3027156549520767,0.9801385949143204,Descriptive retrospective association; no significance claim
intermediate,test,aspect,Mercury/Moon,quincunx,84,27,0.32142857142857145,0.3027156549520767,1.0618168111571806,Descriptive retrospective association; no significance claim
intermediate,test,aspect,Pluto/Moon,opposition,46,16,0.34782608695652173,0.3027156549520767,1.1490191579671905,Descriptive retrospective association; no significance claim
intermediate,test,24_band,Venus,,103,30,0.2912621359223301,0.3027156549520767,0.9621641007249532,Descriptive retrospective association; no significance claim
intermediate,test,aspect,Jupiter/Moon,conjunction,46,16,0.34782608695652173,0.3027156549520767,1.1490191579671905,Descriptive retrospective association; no significance claim
intermediate,test,aspect,Venus/Moon,opposition,42,15,0.35714285714285715,0.3027156549520767,1.1797964568413117,Descriptive retrospective association; no significance claim
intermediate,test,aspect,Sun/Moon,opposition,42,12,0.2857142857142857,0.3027156549520767,0.9438371654730493,Descriptive retrospective association; no significance claim
intermediate,test,simultaneous_24,Moon/Venus,,18,3,0.16666666666666666,0.3027156549520767,0.5505716798592787,Descriptive retrospective association; no significance claim
intermediate,test,aspect,Venus/Mars,square,3,1,0.3333333333333333,0.3027156549520767,1.1011433597185574,Descriptive retrospective association; no significance claim
intermediate,test,aspect,Neptune/Moon,quincunx,91,26,0.2857142857142857,0.3027156549520767,0.9438371654730493,Descriptive retrospective association; no significance claim
intermediate,test,aspect,Mercury/Uranus,sextile,7,2,0.2857142857142857,0.3027156549520767,0.9438371654730493,Descriptive retrospective association; no significance claim
intermediate,test,aspect,Uranus/Moon,trine,92,28,0.30434782608695654,0.3027156549520767,1.0053917632212916,Descriptive retrospective association; no significance claim
intermediate,test,aspect,Mercury/Moon,opposition,42,13,0.30952380952380953,0.3027156549520767,1.0224902625958034,Descriptive retrospective association; no significance claim
intermediate,test,aspect,Mars/Moon,sextile,88,28,0.3181818181818182,0.3027156549520767,1.0510913888222595,Descriptive retrospective association; no significance claim
intermediate,test,aspect,Mercury/Pluto,semisextile,9,2,0.2222222222222222,0.3027156549520767,0.734095573145705,Descriptive retrospective association; no significance claim
intermediate,test,aspect,Neptune/Moon,opposition,46,14,0.30434782608695654,0.3027156549520767,1.0053917632212916,Descriptive retrospective association; no significance claim
intermediate,test,aspect,Uranus/Moon,quincunx,91,26,0.2857142857142857,0.3027156549520767,0.9438371654730493,Descriptive retrospective association; no significance claim
intermediate,test,aspect,Mercury/Jupiter,quincunx,6,3,0.5,0.3027156549520767,1.6517150395778364,Descriptive retrospective association; no significance claim
intermediate,test,ingress,Sun,,41,14,0.34146341463414637,0.3027156549520767,1.1280005148336445,Descriptive retrospective association; no significance claim
intermediate,test,aspect,Mars/Moon,semisextile,89,28,0.3146067415730337,0.3027156549520767,1.039281373217515,Descriptive retrospective association; no significance claim
intermediate,test,aspect,Mercury/Venus,semisextile,19,4,0.21052631578947367,0.3027156549520767,0.6954589640327732,Descriptive retrospective association; no significance claim
intermediate,test,aspect,Uranus/Moon,opposition,45,12,0.26666666666666666,0.3027156549520767,0.880914687774846,Descriptive retrospective association; no significance claim
intermediate,test,aspect,Mars/Moon,conjunction,45,14,0.3111111111111111,0.3027156549520767,1.027733802403987,Descriptive retrospective association; no significance claim
intermediate,test,aspect,Saturn/Moon,semisextile,92,28,0.30434782608695654,0.3027156549520767,1.0053917632212916,Descriptive retrospective association; no significance claim
intermediate,test,aspect,Sun/Neptune,semisextile,8,2,0.25,0.3027156549520767,0.8258575197889182,Descriptive retrospective association; no significance claim
intermediate,test,aspect,Mercury/Mars,trine,5,1,0.2,0.3027156549520767,0.6606860158311345,Descriptive retrospective association; no significance claim
intermediate,test,aspect,Mercury/Saturn,square,8,2,0.25,0.3027156549520767,0.8258575197889182,Descriptive retrospective association; no significance claim
intermediate,test,aspect,Saturn/Moon,conjunction,46,13,0.2826086956521739,0.3027156549520767,0.9335780658483422,Descriptive retrospective association; no significance claim
intermediate,test,aspect,Sun/Uranus,sextile,7,3,0.42857142857142855,0.3027156549520767,1.415755748209574,Descriptive retrospective association; no significance claim
intermediate,test,aspect,Mars/Saturn,semisextile,4,2,0.5,0.3027156549520767,1.6517150395778364,Descriptive retrospective association; no significance claim
intermediate,test,station,Venus,,5,3,0.6,0.3027156549520767,1.9820580474934035,Descriptive retrospective association; no significance claim
intermediate,test,aspect,Sun/Jupiter,quincunx,6,1,0.16666666666666666,0.3027156549520767,0.5505716798592787,Descriptive retrospective association; no significance claim
intermediate,test,aspect,Sun/Pluto,semisextile,7,2,0.2857142857142857,0.3027156549520767,0.9438371654730493,Descriptive retrospective association; no significance claim
intermediate,test,aspect,Sun/Venus,semisextile,9,2,0.2222222222222222,0.3027156549520767,0.734095573145705,Descriptive retrospective association; no significance claim
intermediate,test,station,Mercury,,22,7,0.3181818181818182,0.3027156549520767,1.0510913888222595,Descriptive retrospective association; no significance claim
intermediate,test,aspect,Sun/Saturn,square,6,1,0.16666666666666666,0.3027156549520767,0.5505716798592787,Descriptive retrospective association; no significance claim
intermediate,test,aspect,Sun/Mars,trine,4,0,0.0,0.3027156549520767,0.0,Descriptive retrospective association; no significance claim
intermediate,test,aspect,Sun/Mercury,conjunction,22,6,0.2727272727272727,0.3027156549520767,0.9009354761333652,Descriptive retrospective association; no significance claim
intermediate,test,aspect,Sun/Neptune,conjunction,4,2,0.5,0.3027156549520767,1.6517150395778364,Descriptive retrospective association; no significance claim
intermediate,test,aspect,Sun/Jupiter,trine,6,2,0.3333333333333333,0.3027156549520767,1.1011433597185574,Descriptive retrospective association; no significance claim
intermediate,test,aspect,Sun/Uranus,semisextile,7,4,0.5714285714285714,0.3027156549520767,1.8876743309460986,Descriptive retrospective association; no significance claim
intermediate,test,station,Mars,,4,1,0.25,0.3027156549520767,0.8258575197889182,Descriptive retrospective association; no significance claim
intermediate,test,station,Saturn,,6,1,0.16666666666666666,0.3027156549520767,0.5505716798592787,Descriptive retrospective association; no significance claim
intermediate,test,aspect,Sun/Pluto,sextile,7,1,0.14285714285714285,0.3027156549520767,0.47191858273652465,Descriptive retrospective association; no significance claim
intermediate,test,ingress,Venus,,41,12,0.2926829268292683,0.3027156549520767,0.9668575841431236,Descriptive retrospective association; no significance claim
intermediate,test,station,Jupiter,,6,2,0.3333333333333333,0.3027156549520767,1.1011433597185574,Descriptive retrospective association; no significance claim
intermediate,test,aspect,Venus/Neptune,semisextile,7,4,0.5714285714285714,0.3027156549520767,1.8876743309460986,Descriptive retrospective association; no significance claim
intermediate,test,aspect,Sun/Saturn,trine,6,1,0.16666666666666666,0.3027156549520767,0.5505716798592787,Descriptive retrospective association; no significance claim
intermediate,test,aspect,Sun/Mars,quincunx,4,1,0.25,0.3027156549520767,0.8258575197889182,Descriptive retrospective association; no significance claim
intermediate,test,aspect,Venus/Jupiter,quincunx,6,1,0.16666666666666666,0.3027156549520767,0.5505716798592787,Descriptive retrospective association; no significance claim
intermediate,test,aspect,Venus/Uranus,sextile,9,2,0.2222222222222222,0.3027156549520767,0.734095573145705,Descriptive retrospective association; no significance claim
intermediate,test,aspect,Venus/Pluto,semisextile,7,4,0.5714285714285714,0.3027156549520767,1.8876743309460986,Descriptive retrospective association; no significance claim
intermediate,test,24_band,Neptune,,2,0,0.0,0.3027156549520767,0.0,Descriptive retrospective association; no significance claim
intermediate,test,simultaneous_24,Neptune/Sun,,2,2,1.0,0.3027156549520767,3.3034300791556728,Descriptive retrospective association; no significance claim
intermediate,test,simultaneous_24,Moon/Neptune/Sun,,1,1,1.0,0.3027156549520767,3.3034300791556728,Descriptive retrospective association; no significance claim
intermediate,test,simultaneous_24,Moon/Neptune,,14,7,0.5,0.3027156549520767,1.6517150395778364,Descriptive retrospective association; no significance claim
intermediate,test,simultaneous_24,Mercury/Neptune,,1,0,0.0,0.3027156549520767,0.0,Descriptive retrospective association; no significance claim
intermediate,test,aspect,Mercury/Neptune,conjunction,6,3,0.5,0.3027156549520767,1.6517150395778364,Descriptive retrospective association; no significance claim
intermediate,test,aspect,Mercury/Jupiter,trine,10,3,0.3,0.3027156549520767,0.9910290237467018,Descriptive retrospective association; no significance claim
intermediate,test,aspect,Mercury/Uranus,semisextile,9,1,0.1111111111111111,0.3027156549520767,0.3670477865728525,Descriptive retrospective association; no significance claim
intermediate,test,aspect,Mercury/Pluto,sextile,9,3,0.3333333333333333,0.3027156549520767,1.1011433597185574,Descriptive retrospective association; no significance claim
intermediate,test,aspect,Venus/Mars,trine,6,3,0.5,0.3027156549520767,1.6517150395778364,Descriptive retrospective association; no significance claim
intermediate,test,aspect,Venus/Saturn,square,6,4,0.6666666666666666,0.3027156549520767,2.2022867194371147,Descriptive retrospective association; no significance claim
intermediate,test,aspect,Sun/Jupiter,square,6,2,0.3333333333333333,0.3027156549520767,1.1011433597185574,Descriptive retrospective association; no significance claim
intermediate,test,aspect,Sun/Uranus,conjunction,4,2,0.5,0.3027156549520767,1.6517150395778364,Descriptive retrospective association; no significance claim
intermediate,test,aspect,Mercury/Mars,quincunx,6,1,0.16666666666666666,0.3027156549520767,0.5505716798592787,Descriptive retrospective association; no significance claim
intermediate,test,aspect,Mercury/Saturn,trine,6,0,0.0,0.3027156549520767,0.0,Descriptive retrospective association; no significance claim
intermediate,test,aspect,Sun/Pluto,square,7,1,0.14285714285714285,0.3027156549520767,0.47191858273652465,Descriptive retrospective association; no significance claim
intermediate,test,aspect,Sun/Mars,opposition,2,1,0.5,0.3027156549520767,1.6517150395778364,Descriptive retrospective association; no significance claim
intermediate,test,aspect,Sun/Saturn,quincunx,6,1,0.16666666666666666,0.3027156549520767,0.5505716798592787,Descriptive retrospective association; no significance claim
intermediate,test,aspect,Venus/Neptune,conjunction,6,0,0.0,0.3027156549520767,0.0,Descriptive retrospective association; no significance claim
intermediate,test,aspect,Mercury/Jupiter,square,6,1,0.16666666666666666,0.3027156549520767,0.5505716798592787,Descriptive retrospective association; no significance claim
intermediate,test,aspect,Mercury/Uranus,conjunction,4,1,0.25,0.3027156549520767,0.8258575197889182,Descriptive retrospective association; no significance claim
intermediate,test,station,Pluto,,7,1,0.14285714285714285,0.3027156549520767,0.47191858273652465,Descriptive retrospective association; no significance claim
intermediate,test,aspect,Mercury/Pluto,square,7,1,0.14285714285714285,0.3027156549520767,0.47191858273652465,Descriptive retrospective association; no significance claim
intermediate,test,aspect,Mercury/Mars,opposition,2,1,0.5,0.3027156549520767,1.6517150395778364,Descriptive retrospective association; no significance claim
intermediate,test,aspect,Venus/Jupiter,trine,6,4,0.6666666666666666,0.3027156549520767,2.2022867194371147,Descriptive retrospective association; no significance claim
intermediate,test,aspect,Venus/Uranus,semisextile,7,1,0.14285714285714285,0.3027156549520767,0.47191858273652465,Descriptive retrospective association; no significance claim
intermediate,test,aspect,Venus/Pluto,sextile,9,0,0.0,0.3027156549520767,0.0,Descriptive retrospective association; no significance claim
intermediate,test,aspect,Mercury/Saturn,quincunx,6,2,0.3333333333333333,0.3027156549520767,1.1011433597185574,Descriptive retrospective association; no significance claim
intermediate,test,aspect,Venus/Mars,quincunx,4,2,0.5,0.3027156549520767,1.6517150395778364,Descriptive retrospective association; no significance claim
intermediate,test,aspect,Mars/Uranus,opposition,1,0,0.0,0.3027156549520767,0.0,Descriptive retrospective association; no significance claim
intermediate,test,aspect,Mars/Pluto,square,3,0,0.0,0.3027156549520767,0.0,Descriptive retrospective association; no significance claim
intermediate,test,aspect,Venus/Saturn,trine,6,0,0.0,0.3027156549520767,0.0,Descriptive retrospective association; no significance claim
intermediate,test,aspect,Mercury/Neptune,sextile,9,3,0.3333333333333333,0.3027156549520767,1.1011433597185574,Descriptive retrospective association; no significance claim
intermediate,test,aspect,Sun/Neptune,sextile,8,4,0.5,0.3027156549520767,1.6517150395778364,Descriptive retrospective association; no significance claim
intermediate,test,aspect,Mercury/Pluto,trine,11,3,0.2727272727272727,0.3027156549520767,0.9009354761333652,Descriptive retrospective association; no significance claim
intermediate,test,aspect,Mercury/Jupiter,sextile,8,1,0.125,0.3027156549520767,0.4129287598944591,Descriptive retrospective association; no significance claim
intermediate,test,aspect,Mercury/Saturn,opposition,3,0,0.0,0.3027156549520767,0.0,Descriptive retrospective association; no significance claim
intermediate,test,aspect,Sun/Pluto,trine,7,3,0.42857142857142855,0.3027156549520767,1.415755748209574,Descriptive retrospective association; no significance claim
intermediate,test,aspect,Sun/Jupiter,sextile,6,2,0.3333333333333333,0.3027156549520767,1.1011433597185574,Descriptive retrospective association; no significance claim
intermediate,test,aspect,Sun/Saturn,opposition,3,2,0.6666666666666666,0.3027156549520767,2.2022867194371147,Descriptive retrospective association; no significance claim
intermediate,test,aspect,Venus/Mars,opposition,2,1,0.5,0.3027156549520767,1.6517150395778364,Descriptive retrospective association; no significance claim
intermediate,test,aspect,Mercury/Neptune,square,8,2,0.25,0.3027156549520767,0.8258575197889182,Descriptive retrospective association; no significance claim
intermediate,test,aspect,Venus/Pluto,square,6,2,0.3333333333333333,0.3027156549520767,1.1011433597185574,Descriptive retrospective association; no significance claim
intermediate,test,aspect,Mercury/Pluto,quincunx,8,2,0.25,0.3027156549520767,0.8258575197889182,Descriptive retrospective association; no significance claim
intermediate,test,aspect,Mercury/Venus,sextile,8,3,0.375,0.3027156549520767,1.2387862796833773,Descriptive retrospective association; no significance claim
intermediate,test,aspect,Venus/Uranus,conjunction,3,2,0.6666666666666666,0.3027156549520767,2.2022867194371147,Descriptive retrospective association; no significance claim
intermediate,test,aspect,Mercury/Jupiter,semisextile,11,6,0.5454545454545454,0.3027156549520767,1.8018709522667304,Descriptive retrospective association; no significance claim
intermediate,test,aspect,Venus/Jupiter,square,8,3,0.375,0.3027156549520767,1.2387862796833773,Descriptive retrospective association; no significance claim
intermediate,test,aspect,Venus/Saturn,quincunx,6,4,0.6666666666666666,0.3027156549520767,2.2022867194371147,Descriptive retrospective association; no significance claim
intermediate,test,aspect,Sun/Neptune,square,6,3,0.5,0.3027156549520767,1.6517150395778364,Descriptive retrospective association; no significance claim
intermediate,test,aspect,Sun/Pluto,quincunx,6,3,0.5,0.3027156549520767,1.6517150395778364,Descriptive retrospective association; no significance claim
intermediate,test,aspect,Venus/Neptune,sextile,8,3,0.375,0.3027156549520767,1.2387862796833773,Descriptive retrospective association; no significance claim
intermediate,test,aspect,Venus/Pluto,trine,6,4,0.6666666666666666,0.3027156549520767,2.2022867194371147,Descriptive retrospective association; no significance claim
intermediate,test,station,Neptune,,6,0,0.0,0.3027156549520767,0.0,Descriptive retrospective association; no significance claim
intermediate,test,aspect,Venus/Saturn,opposition,3,0,0.0,0.3027156549520767,0.0,Descriptive retrospective association; no significance claim
intermediate,test,simultaneous_24,Mars/Venus,,3,1,0.3333333333333333,0.3027156549520767,1.1011433597185574,Descriptive retrospective association; no significance claim
intermediate,test,aspect,Sun/Jupiter,semisextile,7,2,0.2857142857142857,0.3027156549520767,0.9438371654730493,Descriptive retrospective association; no significance claim
intermediate,test,aspect,Venus/Jupiter,sextile,5,1,0.2,0.3027156549520767,0.6606860158311345,Descriptive retrospective association; no significance claim
intermediate,test,aspect,Sun/Neptune,trine,6,3,0.5,0.3027156549520767,1.6517150395778364,Descriptive retrospective association; no significance claim
intermediate,test,aspect,Venus/Neptune,square,6,1,0.16666666666666666,0.3027156549520767,0.5505716798592787,Descriptive retrospective association; no significance claim
intermediate,test,aspect,Venus/Pluto,quincunx,6,1,0.16666666666666666,0.3027156549520767,0.5505716798592787,Descriptive retrospective association; no significance claim
intermediate,test,aspect,Sun/Pluto,opposition,3,1,0.3333333333333333,0.3027156549520767,1.1011433597185574,Descriptive retrospective association; no significance claim
intermediate,test,aspect,Sun/Uranus,square,7,1,0.14285714285714285,0.3027156549520767,0.47191858273652465,Descriptive retrospective association; no significance claim
intermediate,test,clock_alignment,Mars/Saturn,clock coincidence,27,11,0.4074074074074074,0.3027156549520767,1.3458418841004591,Descriptive retrospective association; no significance claim
intermediate,test,ingress,Jupiter,,5,1,0.2,0.3027156549520767,0.6606860158311345,Descriptive retrospective association; no significance claim
intermediate,test,24_band,Jupiter,,18,5,0.2777777777777778,0.3027156549520767,0.9176194664321313,Descriptive retrospective association; no significance claim
intermediate,test,simultaneous_24,Jupiter/Moon,,36,9,0.25,0.3027156549520767,0.8258575197889182,Descriptive retrospective association; no significance claim
intermediate,test,simultaneous_24,Jupiter/Mercury,,5,0,0.0,0.3027156549520767,0.0,Descriptive retrospective association; no significance claim
intermediate,test,aspect,Venus/Jupiter,semisextile,6,1,0.16666666666666666,0.3027156549520767,0.5505716798592787,Descriptive retrospective association; no significance claim
intermediate,test,aspect,Mercury/Neptune,trine,6,2,0.3333333333333333,0.3027156549520767,1.1011433597185574,Descriptive retrospective association; no significance claim
intermediate,test,station,Uranus,,7,3,0.42857142857142855,0.3027156549520767,1.415755748209574,Descriptive retrospective association; no significance claim
intermediate,test,aspect,Mercury/Pluto,opposition,3,1,0.3333333333333333,0.3027156549520767,1.1011433597185574,Descriptive retrospective association; no significance claim
intermediate,test,simultaneous_24,Sun/Venus,,2,0,0.0,0.3027156549520767,0.0,Descriptive retrospective association; no significance claim
intermediate,test,aspect,Venus/Neptune,trine,6,2,0.3333333333333333,0.3027156549520767,1.1011433597185574,Descriptive retrospective association; no significance claim
intermediate,test,aspect,Sun/Jupiter,conjunction,3,2,0.6666666666666666,0.3027156549520767,2.2022867194371147,Descriptive retrospective association; no significance claim
intermediate,test,aspect,Mercury/Uranus,square,9,2,0.2222222222222222,0.3027156549520767,0.734095573145705,Descriptive retrospective association; no significance claim
intermediate,test,ingress,Mars,,22,7,0.3181818181818182,0.3027156549520767,1.0510913888222595,Descriptive retrospective association; no significance claim
intermediate,test,aspect,Venus/Pluto,opposition,3,1,0.3333333333333333,0.3027156549520767,1.1011433597185574,Descriptive retrospective association; no significance claim
intermediate,test,aspect,Sun/Neptune,quincunx,6,1,0.16666666666666666,0.3027156549520767,0.5505716798592787,Descriptive retrospective association; no significance claim
intermediate,test,aspect,Venus/Uranus,square,9,1,0.1111111111111111,0.3027156549520767,0.3670477865728525,Descriptive retrospective association; no significance claim
intermediate,test,aspect,Mercury/Jupiter,conjunction,3,0,0.0,0.3027156549520767,0.0,Descriptive retrospective association; no significance claim
intermediate,test,aspect,Mercury/Mars,square,4,2,0.5,0.3027156549520767,1.6517150395778364,Descriptive retrospective association; no significance claim
intermediate,test,aspect,Mercury/Neptune,quincunx,8,2,0.25,0.3027156549520767,0.8258575197889182,Descriptive retrospective association; no significance claim
intermediate,test,simultaneous_24,Mars/Neptune,,2,0,0.0,0.3027156549520767,0.0,Descriptive retrospective association; no significance claim
intermediate,test,simultaneous_24,Mars/Moon/Neptune,,2,0,0.0,0.3027156549520767,0.0,Descriptive retrospective association; no significance claim
intermediate,test,aspect,Mars/Neptune,trine,5,1,0.2,0.3027156549520767,0.6606860158311345,Descriptive retrospective association; no significance claim
intermediate,test,aspect,Mercury/Uranus,trine,8,3,0.375,0.3027156549520767,1.2387862796833773,Descriptive retrospective association; no significance claim
intermediate,test,aspect,Sun/Uranus,trine,7,3,0.42857142857142855,0.3027156549520767,1.415755748209574,Descriptive retrospective association; no significance claim
intermediate,test,aspect,Mars/Pluto,sextile,3,1,0.3333333333333333,0.3027156549520767,1.1011433597185574,Descriptive retrospective association; no significance claim
intermediate,test,aspect,Venus/Neptune,quincunx,8,2,0.25,0.3027156549520767,0.8258575197889182,Descriptive retrospective association; no significance claim
intermediate,test,aspect,Venus/Jupiter,conjunction,3,1,0.3333333333333333,0.3027156549520767,1.1011433597185574,Descriptive retrospective association; no significance claim
intermediate,test,aspect,Mercury/Neptune,opposition,3,0,0.0,0.3027156549520767,0.0,Descriptive retrospective association; no significance claim
intermediate,test,aspect,Mars/Uranus,quincunx,2,0,0.0,0.3027156549520767,0.0,Descriptive retrospective association; no significance claim
intermediate,test,aspect,Mercury/Uranus,quincunx,6,2,0.3333333333333333,0.3027156549520767,1.1011433597185574,Descriptive retrospective association; no significance claim
intermediate,test,aspect,Mercury/Mars,sextile,9,3,0.3333333333333333,0.3027156549520767,1.1011433597185574,Descriptive retrospective association; no significance claim
intermediate,test,aspect,Venus/Uranus,trine,7,2,0.2857142857142857,0.3027156549520767,0.9438371654730493,Descriptive retrospective association; no significance claim
intermediate,test,aspect,Mars/Saturn,conjunction,2,1,0.5,0.3027156549520767,1.6517150395778364,Descriptive retrospective association; no significance claim
intermediate,test,aspect,Sun/Neptune,opposition,3,1,0.3333333333333333,0.3027156549520767,1.1011433597185574,Descriptive retrospective association; no significance claim
intermediate,test,aspect,Sun/Uranus,quincunx,6,1,0.16666666666666666,0.3027156549520767,0.5505716798592787,Descriptive retrospective association; no significance claim
intermediate,test,aspect,Venus/Neptune,opposition,3,1,0.3333333333333333,0.3027156549520767,1.1011433597185574,Descriptive retrospective association; no significance claim
intermediate,test,simultaneous_24,Mercury/Sun,,4,0,0.0,0.3027156549520767,0.0,Descriptive retrospective association; no significance claim
intermediate,test,aspect,Mercury/Uranus,opposition,3,1,0.3333333333333333,0.3027156549520767,1.1011433597185574,Descriptive retrospective association; no significance claim
intermediate,test,aspect,Mercury/Saturn,semisextile,11,4,0.36363636363636365,0.3027156549520767,1.2012473015111538,Descriptive retrospective association; no significance claim
intermediate,test,aspect,Venus/Uranus,quincunx,6,1,0.16666666666666666,0.3027156549520767,0.5505716798592787,Descriptive retrospective association; no significance claim
intermediate,test,aspect,Mars/Neptune,square,6,3,0.5,0.3027156549520767,1.6517150395778364,Descriptive retrospective association; no significance claim
intermediate,test,aspect,Mars/Pluto,semisextile,4,2,0.5,0.3027156549520767,1.6517150395778364,Descriptive retrospective association; no significance claim
intermediate,test,aspect,Mars/Uranus,trine,3,2,0.6666666666666666,0.3027156549520767,2.2022867194371147,Descriptive retrospective association; no significance claim
intermediate,test,aspect,Sun/Uranus,opposition,3,1,0.3333333333333333,0.3027156549520767,1.1011433597185574,Descriptive retrospective association; no significance claim
intermediate,test,aspect,Mars/Jupiter,trine,2,1,0.5,0.3027156549520767,1.6517150395778364,Descriptive retrospective association; no significance claim
intermediate,test,aspect,Venus/Uranus,opposition,3,1,0.3333333333333333,0.3027156549520767,1.1011433597185574,Descriptive retrospective association; no significance claim
intermediate,test,aspect,Sun/Mars,sextile,3,1,0.3333333333333333,0.3027156549520767,1.1011433597185574,Descriptive retrospective association; no significance claim
intermediate,test,aspect,Sun/Saturn,semisextile,8,2,0.25,0.3027156549520767,0.8258575197889182,Descriptive retrospective association; no significance claim
intermediate,test,aspect,Venus/Saturn,semisextile,8,3,0.375,0.3027156549520767,1.2387862796833773,Descriptive retrospective association; no significance claim
intermediate,test,aspect,Venus/Mars,sextile,3,1,0.3333333333333333,0.3027156549520767,1.1011433597185574,Descriptive retrospective association; no significance claim
intermediate,test,aspect,Mars/Neptune,sextile,4,1,0.25,0.3027156549520767,0.8258575197889182,Descriptive retrospective association; no significance claim
intermediate,test,aspect,Mars/Pluto,conjunction,2,0,0.0,0.3027156549520767,0.0,Descriptive retrospective association; no significance claim
intermediate,test,aspect,Venus/Saturn,conjunction,6,3,0.5,0.3027156549520767,1.6517150395778364,Descriptive retrospective association; no significance claim
intermediate,test,aspect,Mars/Uranus,square,3,2,0.6666666666666666,0.3027156549520767,2.2022867194371147,Descriptive retrospective association; no significance claim
intermediate,test,aspect,Sun/Saturn,conjunction,4,0,0.0,0.3027156549520767,0.0,Descriptive retrospective association; no significance claim
intermediate,test,aspect,Mars/Jupiter,quincunx,2,0,0.0,0.3027156549520767,0.0,Descriptive retrospective association; no significance claim
intermediate,test,aspect,Mercury/Saturn,conjunction,4,0,0.0,0.3027156549520767,0.0,Descriptive retrospective association; no significance claim
intermediate,test,aspect,Mars/Saturn,sextile,3,1,0.3333333333333333,0.3027156549520767,1.1011433597185574,Descriptive retrospective association; no significance claim
intermediate,test,aspect,Mars/Neptune,semisextile,4,1,0.25,0.3027156549520767,0.8258575197889182,Descriptive retrospective association; no significance claim
intermediate,test,aspect,Venus/Mars,semisextile,6,1,0.16666666666666666,0.3027156549520767,0.5505716798592787,Descriptive retrospective association; no significance claim
intermediate,test,aspect,Venus/Pluto,conjunction,4,0,0.0,0.3027156549520767,0.0,Descriptive retrospective association; no significance claim
intermediate,test,aspect,Mars/Uranus,sextile,6,2,0.3333333333333333,0.3027156549520767,1.1011433597185574,Descriptive retrospective association; no significance claim
intermediate,test,ingress,Saturn,,2,2,1.0,0.3027156549520767,3.3034300791556728,Descriptive retrospective association; no significance claim
intermediate,test,24_band,Saturn,,9,2,0.2222222222222222,0.3027156549520767,0.734095573145705,Descriptive retrospective association; no significance claim
intermediate,test,simultaneous_24,Moon/Saturn,,35,10,0.2857142857142857,0.3027156549520767,0.9438371654730493,Descriptive retrospective association; no significance claim
intermediate,test,simultaneous_24,Saturn/Venus,,6,2,0.3333333333333333,0.3027156549520767,1.1011433597185574,Descriptive retrospective association; no significance claim
intermediate,test,aspect,Mercury/Pluto,conjunction,5,2,0.4,0.3027156549520767,1.321372031662269,Descriptive retrospective association; no significance claim
intermediate,test,simultaneous_24,Mercury/Saturn,,3,2,0.6666666666666666,0.3027156549520767,2.2022867194371147,Descriptive retrospective association; no significance claim
intermediate,test,aspect,Mercury/Mars,semisextile,8,3,0.375,0.3027156549520767,1.2387862796833773,Descriptive retrospective association; no significance claim
intermediate,test,aspect,Mars/Jupiter,opposition,1,0,0.0,0.3027156549520767,0.0,Descriptive retrospective association; no significance claim
intermediate,test,simultaneous_24,Mercury/Venus,,4,0,0.0,0.3027156549520767,0.0,Descriptive retrospective association; no significance claim
intermediate,test,aspect,Mars/Saturn,square,3,1,0.3333333333333333,0.3027156549520767,1.1011433597185574,Descriptive retrospective association; no significance claim
intermediate,test,aspect,Venus/Jupiter,opposition,3,0,0.0,0.3027156549520767,0.0,Descriptive retrospective association; no significance claim
intermediate,test,aspect,Mars/Neptune,conjunction,2,1,0.5,0.3027156549520767,1.6517150395778364,Descriptive retrospective association; no significance claim
intermediate,test,aspect,Mars/Uranus,semisextile,6,3,0.5,0.3027156549520767,1.6517150395778364,Descriptive retrospective association; no significance claim
intermediate,test,aspect,Sun/Mars,semisextile,3,1,0.3333333333333333,0.3027156549520767,1.1011433597185574,Descriptive retrospective association; no significance claim
intermediate,test,simultaneous_24,Mars/Moon/Venus,,1,0,0.0,0.3027156549520767,0.0,Descriptive retrospective association; no significance claim
intermediate,test,aspect,Venus/Mars,conjunction,3,1,0.3333333333333333,0.3027156549520767,1.1011433597185574,Descriptive retrospective association; no significance claim
intermediate,test,aspect,Mars/Saturn,trine,7,3,0.42857142857142855,0.3027156549520767,1.415755748209574,Descriptive retrospective association; no significance claim
intermediate,test,aspect,Mars/Uranus,conjunction,2,0,0.0,0.3027156549520767,0.0,Descriptive retrospective association; no significance claim
intermediate,test,aspect,Mars/Saturn,quincunx,2,0,0.0,0.3027156549520767,0.0,Descriptive retrospective association; no significance claim
intermediate,test,aspect,Mars/Pluto,trine,3,2,0.6666666666666666,0.3027156549520767,2.2022867194371147,Descriptive retrospective association; no significance claim
intermediate,test,aspect,Mercury/Mars,conjunction,3,1,0.3333333333333333,0.3027156549520767,1.1011433597185574,Descriptive retrospective association; no significance claim
intermediate,test,aspect,Mars/Saturn,opposition,1,1,1.0,0.3027156549520767,3.3034300791556728,Descriptive retrospective association; no significance claim
intermediate,test,aspect,Mars/Pluto,quincunx,3,2,0.6666666666666666,0.3027156549520767,2.2022867194371147,Descriptive retrospective association; no significance claim
intermediate,test,simultaneous_24,Saturn/Sun,,4,0,0.0,0.3027156549520767,0.0,Descriptive retrospective association; no significance claim
intermediate,test,simultaneous_24,Moon/Saturn/Sun,,1,0,0.0,0.3027156549520767,0.0,Descriptive retrospective association; no significance claim
intermediate,test,aspect,Mars/Jupiter,sextile,3,0,0.0,0.3027156549520767,0.0,Descriptive retrospective association; no significance claim
intermediate,test,aspect,Sun/Mars,conjunction,1,0,0.0,0.3027156549520767,0.0,Descriptive retrospective association; no significance claim
intermediate,test,aspect,Mars/Pluto,opposition,4,1,0.25,0.3027156549520767,0.8258575197889182,Descriptive retrospective association; no significance claim
intermediate,test,aspect,Jupiter/Saturn,square,2,1,0.5,0.3027156549520767,1.6517150395778364,Descriptive retrospective association; no significance claim
intermediate,test,aspect,Mars/Jupiter,semisextile,4,1,0.25,0.3027156549520767,0.8258575197889182,Descriptive retrospective association; no significance claim
intermediate,test,aspect,Mars/Neptune,quincunx,2,1,0.5,0.3027156549520767,1.6517150395778364,Descriptive retrospective association; no significance claim
intermediate,test,aspect,Mars/Neptune,opposition,1,0,0.0,0.3027156549520767,0.0,Descriptive retrospective association; no significance claim
intermediate,test,aspect,Jupiter/Pluto,trine,1,0,0.0,0.3027156549520767,0.0,Descriptive retrospective association; no significance claim
intermediate,test,aspect,Mars/Jupiter,conjunction,2,0,0.0,0.3027156549520767,0.0,Descriptive retrospective association; no significance claim
intermediate,test,simultaneous_24,Jupiter/Mars,,3,3,1.0,0.3027156549520767,3.3034300791556728,Descriptive retrospective association; no significance claim
intermediate,test,simultaneous_24,Jupiter/Mars/Moon,,2,2,1.0,0.3027156549520767,3.3034300791556728,Descriptive retrospective association; no significance claim
intermediate,test,24_band,Uranus,,4,0,0.0,0.3027156549520767,0.0,Descriptive retrospective association; no significance claim
intermediate,test,simultaneous_24,Moon/Uranus,,55,16,0.2909090909090909,0.3027156549520767,0.9609978412089228,Descriptive retrospective association; no significance claim
intermediate,test,simultaneous_24,Sun/Uranus,,7,1,0.14285714285714285,0.3027156549520767,0.47191858273652465,Descriptive retrospective association; no significance claim
intermediate,test,simultaneous_24,Moon/Sun/Uranus,,2,0,0.0,0.3027156549520767,0.0,Descriptive retrospective association; no significance claim
intermediate,test,simultaneous_24,Mercury/Uranus,,4,1,0.25,0.3027156549520767,0.8258575197889182,Descriptive retrospective association; no significance claim
intermediate,test,simultaneous_24,Jupiter/Moon/Uranus,,1,0,0.0,0.3027156549520767,0.0,Descriptive retrospective association; no significance claim
intermediate,test,simultaneous_24,Jupiter/Uranus,,2,0,0.0,0.3027156549520767,0.0,Descriptive retrospective association; no significance claim
intermediate,test,simultaneous_24,Uranus/Venus,,4,2,0.5,0.3027156549520767,1.6517150395778364,Descriptive retrospective association; no significance claim
intermediate,test,simultaneous_24,Mars/Uranus,,3,0,0.0,0.3027156549520767,0.0,Descriptive retrospective association; no significance claim
intermediate,test,simultaneous_24,Mars/Moon/Uranus,,1,0,0.0,0.3027156549520767,0.0,Descriptive retrospective association; no significance claim
intermediate,test,simultaneous_24,Mercury/Moon/Uranus,,2,1,0.5,0.3027156549520767,1.6517150395778364,Descriptive retrospective association; no significance claim
intermediate,test,simultaneous_24,Jupiter/Venus,,5,2,0.4,0.3027156549520767,1.321372031662269,Descriptive retrospective association; no significance claim
intermediate,test,simultaneous_24,Jupiter/Moon/Venus,,4,2,0.5,0.3027156549520767,1.6517150395778364,Descriptive retrospective association; no significance claim
intermediate,test,aspect,Saturn/Pluto,semisextile,1,1,1.0,0.3027156549520767,3.3034300791556728,Descriptive retrospective association; no significance claim
intermediate,test,aspect,Jupiter/Pluto,square,1,0,0.0,0.3027156549520767,0.0,Descriptive retrospective association; no significance claim
intermediate,test,aspect,Jupiter/Saturn,sextile,1,1,1.0,0.3027156549520767,3.3034300791556728,Descriptive retrospective association; no significance claim
intermediate,test,simultaneous_24,Mars/Saturn,,3,2,0.6666666666666666,0.3027156549520767,2.2022867194371147,Descriptive retrospective association; no significance claim
intermediate,test,simultaneous_24,Mars/Moon/Saturn,,2,1,0.5,0.3027156549520767,1.6517150395778364,Descriptive retrospective association; no significance claim
intermediate,test,simultaneous_24,Mars/Sun,,3,0,0.0,0.3027156549520767,0.0,Descriptive retrospective association; no significance claim
intermediate,test,simultaneous_24,Mars/Mercury,,1,0,0.0,0.3027156549520767,0.0,Descriptive retrospective association; no significance claim
intermediate,test,simultaneous_24,Sun/Uranus/Venus,,1,0,0.0,0.3027156549520767,0.0,Descriptive retrospective association; no significance claim
intermediate,test,aspect,Jupiter/Pluto,sextile,1,0,0.0,0.3027156549520767,0.0,Descriptive retrospective association; no significance claim
intermediate,test,simultaneous_24,Mercury/Moon/Sun,,1,0,0.0,0.3027156549520767,0.0,Descriptive retrospective association; no significance claim
intermediate,test,aspect,Jupiter/Saturn,semisextile,1,0,0.0,0.3027156549520767,0.0,Descriptive retrospective association; no significance claim
intermediate,test,simultaneous_24,Moon/Saturn/Venus,,3,1,0.3333333333333333,0.3027156549520767,1.1011433597185574,Descriptive retrospective association; no significance claim
intermediate,test,simultaneous_24,Jupiter/Sun,,3,2,0.6666666666666666,0.3027156549520767,2.2022867194371147,Descriptive retrospective association; no significance claim
intermediate,test,simultaneous_24,Jupiter/Moon/Sun,,1,1,1.0,0.3027156549520767,3.3034300791556728,Descriptive retrospective association; no significance claim
intermediate,test,aspect,Jupiter/Neptune,sextile,1,1,1.0,0.3027156549520767,3.3034300791556728,Descriptive retrospective association; no significance claim
intermediate,test,simultaneous_24,Jupiter/Mars/Mercury,,1,1,1.0,0.3027156549520767,3.3034300791556728,Descriptive retrospective association; no significance claim
intermediate,test,simultaneous_24,Jupiter/Mars/Mercury/Moon,,1,1,1.0,0.3027156549520767,3.3034300791556728,Descriptive retrospective association; no significance claim
intermediate,test,simultaneous_24,Moon/Sun/Venus,,1,0,0.0,0.3027156549520767,0.0,Descriptive retrospective association; no significance claim
intermediate,test,aspect,Jupiter/Neptune,semisextile,1,0,0.0,0.3027156549520767,0.0,Descriptive retrospective association; no significance claim
intermediate,test,simultaneous_24,Saturn/Sun/Venus,,1,0,0.0,0.3027156549520767,0.0,Descriptive retrospective association; no significance claim
intermediate,test,aspect,Jupiter/Uranus,sextile,1,1,1.0,0.3027156549520767,3.3034300791556728,Descriptive retrospective association; no significance claim
intermediate,test,aspect,Jupiter/Neptune,conjunction,1,0,0.0,0.3027156549520767,0.0,Descriptive retrospective association; no significance claim
intermediate,test,aspect,Saturn/Neptune,semisextile,3,0,0.0,0.3027156549520767,0.0,Descriptive retrospective association; no significance claim
intermediate,test,simultaneous_24,Mars/Mercury/Uranus,,2,0,0.0,0.3027156549520767,0.0,Descriptive retrospective association; no significance claim
intermediate,test,simultaneous_24,Mars/Mercury/Moon/Uranus,,1,0,0.0,0.3027156549520767,0.0,Descriptive retrospective association; no significance claim
intermediate,test,simultaneous_24,Mars/Sun/Uranus,,1,0,0.0,0.3027156549520767,0.0,Descriptive retrospective association; no significance claim
intermediate,test,aspect,Jupiter/Uranus,semisextile,2,0,0.0,0.3027156549520767,0.0,Descriptive retrospective association; no significance claim
intermediate,test,ingress,Pluto,,5,3,0.6,0.3027156549520767,1.9820580474934035,Descriptive retrospective association; no significance claim
intermediate,test,simultaneous_24,Saturn/Uranus,,2,0,0.0,0.3027156549520767,0.0,Descriptive retrospective association; no significance claim
intermediate,test,simultaneous_24,Moon/Saturn/Uranus,,1,0,0.0,0.3027156549520767,0.0,Descriptive retrospective association; no significance claim
intermediate,test,simultaneous_24,Mars/Mercury/Saturn,,1,1,1.0,0.3027156549520767,3.3034300791556728,Descriptive retrospective association; no significance claim
intermediate,test,aspect,Jupiter/Uranus,conjunction,1,0,0.0,0.3027156549520767,0.0,Descriptive retrospective association; no significance claim
intermediate,test,simultaneous_24,Jupiter/Sun/Venus,,1,1,1.0,0.3027156549520767,3.3034300791556728,Descriptive retrospective association; no significance claim
intermediate,test,ingress,Neptune,,1,0,0.0,0.3027156549520767,0.0,Descriptive retrospective association; no significance claim
intermediate,test,aspect,Saturn/Uranus,sextile,1,1,1.0,0.3027156549520767,3.3034300791556728,Descriptive retrospective association; no significance claim
intermediate,test,simultaneous_24,Mercury/Saturn/Venus,,1,0,0.0,0.3027156549520767,0.0,Descriptive retrospective association; no significance claim
long,validation,aspect,Uranus/Moon,square,80,22,0.275,0.29105839416058393,0.9448275862068967,Descriptive retrospective association; no significance claim
long,validation,aspect,Sun/Moon,conjunction,37,11,0.2972972972972973,0.29105839416058393,1.0214352283317802,Descriptive retrospective association; no significance claim
long,validation,aspect,Pluto/Moon,conjunction,40,13,0.325,0.29105839416058393,1.116614420062696,Descriptive retrospective association; no significance claim
long,validation,aspect,Mars/Moon,square,77,24,0.3116883116883117,0.29105839416058393,1.0708789642958922,Descriptive retrospective association; no significance claim
long,validation,aspect,Mercury/Moon,conjunction,37,11,0.2972972972972973,0.29105839416058393,1.0214352283317802,Descriptive retrospective association; no significance claim
long,validation,aspect,Sun/Pluto,conjunction,3,1,0.3333333333333333,0.29105839416058393,1.1452455590386625,Descriptive retrospective association; no significance claim
long,validation,aspect,Jupiter/Moon,opposition,40,10,0.25,0.29105839416058393,0.8589341692789969,Descriptive retrospective association; no significance claim
long,validation,24_band,Mars,,56,14,0.25,0.29105839416058393,0.8589341692789969,Descriptive retrospective association; no significance claim
long,validation,24_band,Moon,,640,185,0.2890625,0.29105839416058393,0.9931426332288401,Descriptive retrospective association; no significance claim
long,validation,simultaneous_24,Mars/Moon,,23,7,0.30434782608695654,0.29105839416058393,1.0456589886874745,Descriptive retrospective association; no significance claim
long,validation,aspect,Saturn/Moon,sextile,80,27,0.3375,0.29105839416058393,1.1595611285266458,Descriptive retrospective association; no significance claim
long,validation,aspect,Venus/Moon,conjunction,37,12,0.32432432432432434,0.29105839416058393,1.114292976361942,Descriptive retrospective association; no significance claim
long,validation,ingress,Moon,,482,139,0.2883817427385892,0.29105839416058393,0.990803730537598,Descriptive retrospective association; no significance claim
long,validation,aspect,Neptune/Moon,semisextile,80,25,0.3125,0.29105839416058393,1.073667711598746,Descriptive retrospective association; no significance claim
long,validation,aspect,Sun/Mars,square,2,0,0.0,0.29105839416058393,0.0,Descriptive retrospective association; no significance claim
long,validation,aspect,Uranus/Moon,sextile,80,21,0.2625,0.29105839416058393,0.9018808777429468,Descriptive retrospective association; no significance claim
long,validation,aspect,Mercury/Jupiter,opposition,3,2,0.6666666666666666,0.29105839416058393,2.290491118077325,Descriptive retrospective association; no significance claim
long,validation,aspect,Pluto/Moon,semisextile,80,24,0.3,0.29105839416058393,1.0307210031347962,Descriptive retrospective association; no significance claim
long,validation,aspect,Mars/Moon,trine,77,22,0.2857142857142857,0.29105839416058393,0.9816390506045678,Descriptive retrospective association; no significance claim
long,validation,aspect,Sun/Moon,semisextile,74,22,0.2972972972972973,0.29105839416058393,1.0214352283317802,Descriptive retrospective association; no significance claim
long,validation,aspect,Jupiter/Moon,quincunx,80,21,0.2625,0.29105839416058393,0.9018808777429468,Descriptive retrospective association; no significance claim
long,validation,aspect,Mercury/Moon,semisextile,74,21,0.28378378378378377,0.29105839416058393,0.9750063543166991,Descriptive retrospective association; no significance claim
long,validation,aspect,Saturn/Moon,square,80,25,0.3125,0.29105839416058393,1.073667711598746,Descriptive retrospective association; no significance claim
long,validation,aspect,Venus/Moon,semisextile,73,21,0.2876712328767123,0.29105839416058393,0.988362605745695,Descriptive retrospective association; no significance claim
long,validation,24_band,Mercury,,101,33,0.32673267326732675,0.29105839416058393,1.122567429156709,Descriptive retrospective association; no significance claim
long,validation,aspect,Neptune/Moon,conjunction,40,12,0.3,0.29105839416058393,1.0307210031347962,Descriptive retrospective association; no significance claim
long,validation,simultaneous_24,Mercury/Moon,,30,9,0.3,0.29105839416058393,1.0307210031347962,Descriptive retrospective association; no significance claim
long,validation,aspect,Uranus/Moon,semisextile,80,24,0.3,0.29105839416058393,1.0307210031347962,Descriptive retrospective association; no significance claim
long,validation,aspect,Pluto/Moon,sextile,81,26,0.32098765432098764,0.29105839416058393,1.1028290568520454,Descriptive retrospective association; no significance claim
long,validation,aspect,Mars/Moon,quincunx,77,21,0.2727272727272727,0.29105839416058393,0.9370190937589056,Descriptive retrospective association; no significance claim
long,validation,aspect,Sun/Moon,sextile,75,23,0.30666666666666664,0.29105839416058393,1.0536259143155695,Descriptive retrospective association; no significance claim
long,validation,aspect,Jupiter/Moon,trine,80,24,0.3,0.29105839416058393,1.0307210031347962,Descriptive retrospective association; no significance claim
long,validation,aspect,Sun/Jupiter,opposition,3,1,0.3333333333333333,0.29105839416058393,1.1452455590386625,Descriptive retrospective association; no significance claim
long,validation,aspect,Mercury/Moon,sextile,74,22,0.2972972972972973,0.29105839416058393,1.0214352283317802,Descriptive retrospective association; no significance claim
long,validation,aspect,Saturn/Moon,trine,80,23,0.2875,0.29105839416058393,0.9877742946708463,Descriptive retrospective association; no significance claim
long,validation,aspect,Mercury/Saturn,sextile,10,3,0.3,0.29105839416058393,1.0307210031347962,Descriptive retrospective association; no significance claim
long,validation,aspect,Venus/Moon,sextile,74,21,0.28378378378378377,0.29105839416058393,0.9750063543166991,Descriptive retrospective association; no significance claim
long,validation,aspect,Uranus/Moon,conjunction,40,12,0.3,0.29105839416058393,1.0307210031347962,Descriptive retrospective association; no significance claim
long,validation,aspect,Pluto/Moon,square,80,24,0.3,0.29105839416058393,1.0307210031347962,Descriptive retrospective association; no significance claim
long,validation,aspect,Mars/Moon,opposition,38,10,0.2631578947368421,0.29105839416058393,0.9041412308199966,Descriptive retrospective association; no significance claim
long,validation,aspect,Mercury/Venus,conjunction,8,2,0.25,0.29105839416058393,0.8589341692789969,Descriptive retrospective association; no significance claim
long,validation,aspect,Jupiter/Moon,square,80,26,0.325,0.29105839416058393,1.116614420062696,Descriptive retrospective association; no significance claim
long,validation,aspect,Sun/Moon,square,74,20,0.2702702702702703,0.29105839416058393,0.9285774803016184,Descriptive retrospective association; no significance claim
long,validation,24_band,Sun,,90,28,0.3111111111111111,0.29105839416058393,1.0688958551027516,Descriptive retrospective association; no significance claim
long,validation,aspect,Saturn/Moon,quincunx,80,20,0.25,0.29105839416058393,0.8589341692789969,Descriptive retrospective association; no significance claim
long,validation,aspect,Venus/Moon,square,74,21,0.28378378378378377,0.29105839416058393,0.9750063543166991,Descriptive retrospective association; no significance claim
long,validation,simultaneous_24,Moon/Sun,,18,4,0.2222222222222222,0.29105839416058393,0.7634970393591083,Descriptive retrospective association; no significance claim
long,validation,aspect,Mercury/Moon,square,74,22,0.2972972972972973,0.29105839416058393,1.0214352283317802,Descriptive retrospective association; no significance claim
long,validation,aspect,Mars/Jupiter,square,5,1,0.2,0.29105839416058393,0.6871473354231975,Descriptive retrospective association; no significance claim
long,validation,aspect,Neptune/Moon,sextile,80,25,0.3125,0.29105839416058393,1.073667711598746,Descriptive retrospective association; no significance claim
long,validation,aspect,Pluto/Moon,trine,80,23,0.2875,0.29105839416058393,0.9877742946708463,Descriptive retrospective association; no significance claim
long,validation,aspect,Jupiter/Moon,sextile,79,25,0.31645569620253167,0.29105839416058393,1.0872584421253126,Descriptive retrospective association; no significance claim
long,validation,aspect,Sun/Moon,trine,74,21,0.28378378378378377,0.29105839416058393,0.9750063543166991,Descriptive retrospective association; no significance claim
long,validation,aspect,Saturn/Moon,opposition,40,10,0.25,0.29105839416058393,0.8589341692789969,Descriptive retrospective association; no significance claim
long,validation,aspect,Venus/Moon,trine,74,21,0.28378378378378377,0.29105839416058393,0.9750063543166991,Descriptive retrospective association; no significance claim
long,validation,aspect,Venus/Saturn,sextile,6,2,0.3333333333333333,0.29105839416058393,1.1452455590386625,Descriptive retrospective association; no significance claim
long,validation,aspect,Mercury/Moon,trine,74,21,0.28378378378378377,0.29105839416058393,0.9750063543166991,Descriptive retrospective association; no significance claim
long,validation,aspect,Sun/Venus,conjunction,3,1,0.3333333333333333,0.29105839416058393,1.1452455590386625,Descriptive retrospective association; no significance claim
long,validation,aspect,Sun/Saturn,sextile,6,3,0.5,0.29105839416058393,1.7178683385579938,Descriptive retrospective association; no significance claim
long,validation,aspect,Neptune/Moon,square,80,23,0.2875,0.29105839416058393,0.9877742946708463,Descriptive retrospective association; no significance claim
long,validation,ingress,Mercury,,43,16,0.37209302325581395,0.29105839416058393,1.278413647298972,Descriptive retrospective association; no significance claim
long,validation,aspect,Pluto/Moon,quincunx,80,20,0.25,0.29105839416058393,0.8589341692789969,Descriptive retrospective association; no significance claim
long,validation,aspect,Jupiter/Moon,semisextile,80,23,0.2875,0.29105839416058393,0.9877742946708463,Descriptive retrospective association; no significance claim
long,validation,aspect,Venus/Moon,quincunx,74,20,0.2702702702702703,0.29105839416058393,0.9285774803016184,Descriptive retrospective association; no significance claim
long,validation,aspect,Sun/Moon,quincunx,74,21,0.28378378378378377,0.29105839416058393,0.9750063543166991,Descriptive retrospective association; no significance claim
long,validation,aspect,Mercury/Neptune,semisextile,8,1,0.125,0.29105839416058393,0.42946708463949845,Descriptive retrospective association; no significance claim
long,validation,aspect,Neptune/Moon,trine,81,24,0.2962962962962963,0.29105839416058393,1.017996052478811,Descriptive retrospective association; no significance claim
long,validation,aspect,Mercury/Moon,quincunx,74,21,0.28378378378378377,0.29105839416058393,0.9750063543166991,Descriptive retrospective association; no significance claim
long,validation,aspect,Pluto/Moon,opposition,40,10,0.25,0.29105839416058393,0.8589341692789969,Descriptive retrospective association; no significance claim
long,validation,24_band,Venus,,91,26,0.2857142857142857,0.29105839416058393,0.9816390506045678,Descriptive retrospective association; no significance claim
long,validation,aspect,Jupiter/Moon,conjunction,40,11,0.275,0.29105839416058393,0.9448275862068967,Descriptive retrospective association; no significance claim
long,validation,aspect,Venus/Moon,opposition,37,11,0.2972972972972973,0.29105839416058393,1.0214352283317802,Descriptive retrospective association; no significance claim
long,validation,aspect,Sun/Moon,opposition,37,10,0.2702702702702703,0.29105839416058393,0.9285774803016184,Descriptive retrospective association; no significance claim
long,validation,simultaneous_24,Moon/Venus,,23,6,0.2608695652173913,0.29105839416058393,0.8962791331606924,Descriptive retrospective association; no significance claim
long,validation,aspect,Venus/Mars,square,5,0,0.0,0.29105839416058393,0.0,Descriptive retrospective association; no significance claim
long,validation,aspect,Neptune/Moon,quincunx,80,22,0.275,0.29105839416058393,0.9448275862068967,Descriptive retrospective association; no significance claim
long,validation,aspect,Mercury/Uranus,sextile,10,5,0.5,0.29105839416058393,1.7178683385579938,Descriptive retrospective association; no significance claim
long,validation,aspect,Uranus/Moon,trine,80,23,0.2875,0.29105839416058393,0.9877742946708463,Descriptive retrospective association; no significance claim
long,validation,aspect,Mercury/Moon,opposition,37,10,0.2702702702702703,0.29105839416058393,0.9285774803016184,Descriptive retrospective association; no significance claim
long,validation,aspect,Mars/Moon,sextile,77,24,0.3116883116883117,0.29105839416058393,1.0708789642958922,Descriptive retrospective association; no significance claim
long,validation,aspect,Mercury/Pluto,semisextile,8,0,0.0,0.29105839416058393,0.0,Descriptive retrospective association; no significance claim
long,validation,aspect,Neptune/Moon,opposition,40,11,0.275,0.29105839416058393,0.9448275862068967,Descriptive retrospective association; no significance claim
long,validation,aspect,Uranus/Moon,quincunx,80,25,0.3125,0.29105839416058393,1.073667711598746,Descriptive retrospective association; no significance claim
long,validation,aspect,Mercury/Jupiter,quincunx,6,2,0.3333333333333333,0.29105839416058393,1.1452455590386625,Descriptive retrospective association; no significance claim
long,validation,ingress,Sun,,36,10,0.2777777777777778,0.29105839416058393,0.9543712991988855,Descriptive retrospective association; no significance claim
long,validation,aspect,Mars/Moon,semisextile,77,22,0.2857142857142857,0.29105839416058393,0.9816390506045678,Descriptive retrospective association; no significance claim
long,validation,aspect,Mercury/Venus,semisextile,18,5,0.2777777777777778,0.29105839416058393,0.9543712991988855,Descriptive retrospective association; no significance claim
long,validation,aspect,Uranus/Moon,opposition,40,12,0.3,0.29105839416058393,1.0307210031347962,Descriptive retrospective association; no significance claim
long,validation,aspect,Mars/Moon,conjunction,38,11,0.2894736842105263,0.29105839416058393,0.9945553539019965,Descriptive retrospective association; no significance claim
long,validation,aspect,Saturn/Moon,semisextile,80,24,0.3,0.29105839416058393,1.0307210031347962,Descriptive retrospective association; no significance claim
long,validation,aspect,Sun/Neptune,semisextile,6,2,0.3333333333333333,0.29105839416058393,1.1452455590386625,Descriptive retrospective association; no significance claim
long,validation,aspect,Mercury/Mars,trine,2,0,0.0,0.29105839416058393,0.0,Descriptive retrospective association; no significance claim
long,validation,aspect,Mercury/Saturn,square,8,2,0.25,0.29105839416058393,0.8589341692789969,Descriptive retrospective association; no significance claim
long,validation,aspect,Saturn/Moon,conjunction,40,12,0.3,0.29105839416058393,1.0307210031347962,Descriptive retrospective association; no significance claim
long,validation,aspect,Sun/Uranus,sextile,6,3,0.5,0.29105839416058393,1.7178683385579938,Descriptive retrospective association; no significance claim
long,validation,aspect,Mars/Saturn,semisextile,2,0,0.0,0.29105839416058393,0.0,Descriptive retrospective association; no significance claim
long,validation,station,Venus,,3,0,0.0,0.29105839416058393,0.0,Descriptive retrospective association; no significance claim
long,validation,aspect,Sun/Jupiter,quincunx,6,2,0.3333333333333333,0.29105839416058393,1.1452455590386625,Descriptive retrospective association; no significance claim
long,validation,aspect,Sun/Pluto,semisextile,6,1,0.16666666666666666,0.29105839416058393,0.5726227795193313,Descriptive retrospective association; no significance claim
long,validation,aspect,Sun/Venus,semisextile,7,1,0.14285714285714285,0.29105839416058393,0.4908195253022839,Descriptive retrospective association; no significance claim
long,validation,station,Mercury,,18,5,0.2777777777777778,0.29105839416058393,0.9543712991988855,Descriptive retrospective association; no significance claim
long,validation,aspect,Sun/Saturn,square,6,2,0.3333333333333333,0.29105839416058393,1.1452455590386625,Descriptive retrospective association; no significance claim
long,validation,aspect,Sun/Mars,trine,2,0,0.0,0.29105839416058393,0.0,Descriptive retrospective association; no significance claim
long,validation,aspect,Sun/Mercury,conjunction,19,6,0.3157894736842105,0.29105839416058393,1.084969476983996,Descriptive retrospective association; no significance claim
long,validation,aspect,Sun/Neptune,conjunction,3,1,0.3333333333333333,0.29105839416058393,1.1452455590386625,Descriptive retrospective association; no significance claim
long,validation,aspect,Jupiter/Uranus,square,1,0,0.0,0.29105839416058393,0.0,Descriptive retrospective association; no significance claim
long,validation,aspect,Sun/Jupiter,trine,6,2,0.3333333333333333,0.29105839416058393,1.1452455590386625,Descriptive retrospective association; no significance claim
long,validation,aspect,Sun/Uranus,semisextile,6,2,0.3333333333333333,0.29105839416058393,1.1452455590386625,Descriptive retrospective association; no significance claim
long,validation,station,Mars,,2,0,0.0,0.29105839416058393,0.0,Descriptive retrospective association; no significance claim
long,validation,station,Saturn,,6,1,0.16666666666666666,0.29105839416058393,0.5726227795193313,Descriptive retrospective association; no significance claim
long,validation,aspect,Sun/Pluto,sextile,6,3,0.5,0.29105839416058393,1.7178683385579938,Descriptive retrospective association; no significance claim
long,validation,ingress,Venus,,38,12,0.3157894736842105,0.29105839416058393,1.084969476983996,Descriptive retrospective association; no significance claim
long,validation,station,Jupiter,,6,2,0.3333333333333333,0.29105839416058393,1.1452455590386625,Descriptive retrospective association; no significance claim
long,validation,aspect,Venus/Neptune,semisextile,6,2,0.3333333333333333,0.29105839416058393,1.1452455590386625,Descriptive retrospective association; no significance claim
long,validation,aspect,Sun/Saturn,trine,6,0,0.0,0.29105839416058393,0.0,Descriptive retrospective association; no significance claim
long,validation,aspect,Sun/Mars,quincunx,2,0,0.0,0.29105839416058393,0.0,Descriptive retrospective association; no significance claim
long,validation,aspect,Venus/Jupiter,quincunx,6,4,0.6666666666666666,0.29105839416058393,2.290491118077325,Descriptive retrospective association; no significance claim
long,validation,aspect,Venus/Uranus,sextile,6,1,0.16666666666666666,0.29105839416058393,0.5726227795193313,Descriptive retrospective association; no significance claim
long,validation,aspect,Venus/Pluto,semisextile,7,1,0.14285714285714285,0.29105839416058393,0.4908195253022839,Descriptive retrospective association; no significance claim
long,validation,aspect,Mercury/Neptune,conjunction,5,2,0.4,0.29105839416058393,1.374294670846395,Descriptive retrospective association; no significance claim
long,validation,aspect,Mercury/Jupiter,trine,8,2,0.25,0.29105839416058393,0.8589341692789969,Descriptive retrospective association; no significance claim
long,validation,aspect,Mercury/Uranus,semisextile,6,2,0.3333333333333333,0.29105839416058393,1.1452455590386625,Descriptive retrospective association; no significance claim
long,validation,aspect,Mercury/Pluto,sextile,10,3,0.3,0.29105839416058393,1.0307210031347962,Descriptive retrospective association; no significance claim
long,validation,aspect,Venus/Mars,trine,3,0,0.0,0.29105839416058393,0.0,Descriptive retrospective association; no significance claim
long,validation,aspect,Venus/Saturn,square,6,2,0.3333333333333333,0.29105839416058393,1.1452455590386625,Descriptive retrospective association; no significance claim
long,validation,aspect,Sun/Jupiter,square,6,1,0.16666666666666666,0.29105839416058393,0.5726227795193313,Descriptive retrospective association; no significance claim
long,validation,aspect,Sun/Uranus,conjunction,3,1,0.3333333333333333,0.29105839416058393,1.1452455590386625,Descriptive retrospective association; no significance claim
long,validation,aspect,Mercury/Mars,quincunx,2,0,0.0,0.29105839416058393,0.0,Descriptive retrospective association; no significance claim
long,validation,aspect,Mercury/Saturn,trine,6,1,0.16666666666666666,0.29105839416058393,0.5726227795193313,Descriptive retrospective association; no significance claim
long,validation,aspect,Sun/Pluto,square,6,2,0.3333333333333333,0.29105839416058393,1.1452455590386625,Descriptive retrospective association; no significance claim
long,validation,aspect,Sun/Mars,opposition,1,0,0.0,0.29105839416058393,0.0,Descriptive retrospective association; no significance claim
long,validation,aspect,Sun/Saturn,quincunx,6,2,0.3333333333333333,0.29105839416058393,1.1452455590386625,Descriptive retrospective association; no significance claim
long,validation,aspect,Venus/Neptune,conjunction,3,1,0.3333333333333333,0.29105839416058393,1.1452455590386625,Descriptive retrospective association; no significance claim
long,validation,aspect,Mercury/Jupiter,square,8,2,0.25,0.29105839416058393,0.8589341692789969,Descriptive retrospective association; no significance claim
long,validation,aspect,Mercury/Uranus,conjunction,3,1,0.3333333333333333,0.29105839416058393,1.1452455590386625,Descriptive retrospective association; no significance claim
long,validation,station,Pluto,,6,1,0.16666666666666666,0.29105839416058393,0.5726227795193313,Descriptive retrospective association; no significance claim
long,validation,aspect,Mercury/Pluto,square,8,2,0.25,0.29105839416058393,0.8589341692789969,Descriptive retrospective association; no significance claim
long,validation,aspect,Mercury/Mars,opposition,1,0,0.0,0.29105839416058393,0.0,Descriptive retrospective association; no significance claim
long,validation,aspect,Venus/Jupiter,trine,6,1,0.16666666666666666,0.29105839416058393,0.5726227795193313,Descriptive retrospective association; no significance claim
long,validation,aspect,Venus/Uranus,semisextile,8,3,0.375,0.29105839416058393,1.2884012539184952,Descriptive retrospective association; no significance claim
long,validation,aspect,Venus/Pluto,sextile,6,1,0.16666666666666666,0.29105839416058393,0.5726227795193313,Descriptive retrospective association; no significance claim
long,validation,aspect,Mercury/Saturn,quincunx,6,3,0.5,0.29105839416058393,1.7178683385579938,Descriptive retrospective association; no significance claim
long,validation,aspect,Venus/Mars,quincunx,2,0,0.0,0.29105839416058393,0.0,Descriptive retrospective association; no significance claim
long,validation,aspect,Mars/Uranus,opposition,2,1,0.5,0.29105839416058393,1.7178683385579938,Descriptive retrospective association; no significance claim
long,validation,aspect,Mars/Pluto,square,6,1,0.16666666666666666,0.29105839416058393,0.5726227795193313,Descriptive retrospective association; no significance claim
long,validation,aspect,Venus/Saturn,trine,6,2,0.3333333333333333,0.29105839416058393,1.1452455590386625,Descriptive retrospective association; no significance claim
long,validation,aspect,Mercury/Neptune,sextile,7,1,0.14285714285714285,0.29105839416058393,0.4908195253022839,Descriptive retrospective association; no significance claim
long,validation,aspect,Sun/Neptune,sextile,6,2,0.3333333333333333,0.29105839416058393,1.1452455590386625,Descriptive retrospective association; no significance claim
long,validation,aspect,Mercury/Pluto,trine,6,1,0.16666666666666666,0.29105839416058393,0.5726227795193313,Descriptive retrospective association; no significance claim
long,validation,aspect,Mercury/Jupiter,sextile,6,2,0.3333333333333333,0.29105839416058393,1.1452455590386625,Descriptive retrospective association; no significance claim
long,validation,aspect,Mercury/Saturn,opposition,3,2,0.6666666666666666,0.29105839416058393,2.290491118077325,Descriptive retrospective association; no significance claim
long,validation,aspect,Sun/Pluto,trine,6,0,0.0,0.29105839416058393,0.0,Descriptive retrospective association; no significance claim
long,validation,aspect,Sun/Jupiter,sextile,6,2,0.3333333333333333,0.29105839416058393,1.1452455590386625,Descriptive retrospective association; no significance claim
long,validation,aspect,Sun/Saturn,opposition,3,2,0.6666666666666666,0.29105839416058393,2.290491118077325,Descriptive retrospective association; no significance claim
long,validation,aspect,Venus/Mars,opposition,1,0,0.0,0.29105839416058393,0.0,Descriptive retrospective association; no significance claim
long,validation,aspect,Mercury/Neptune,square,8,3,0.375,0.29105839416058393,1.2884012539184952,Descriptive retrospective association; no significance claim
long,validation,aspect,Venus/Pluto,square,6,2,0.3333333333333333,0.29105839416058393,1.1452455590386625,Descriptive retrospective association; no significance claim
long,validation,aspect,Mercury/Pluto,quincunx,6,3,0.5,0.29105839416058393,1.7178683385579938,Descriptive retrospective association; no significance claim
long,validation,aspect,Mercury/Venus,sextile,6,3,0.5,0.29105839416058393,1.7178683385579938,Descriptive retrospective association; no significance claim
long,validation,aspect,Venus/Uranus,conjunction,3,2,0.6666666666666666,0.29105839416058393,2.290491118077325,Descriptive retrospective association; no significance claim
long,validation,aspect,Mercury/Jupiter,semisextile,7,1,0.14285714285714285,0.29105839416058393,0.4908195253022839,Descriptive retrospective association; no significance claim
long,validation,aspect,Venus/Jupiter,square,6,2,0.3333333333333333,0.29105839416058393,1.1452455590386625,Descriptive retrospective association; no significance claim
long,validation,aspect,Venus/Saturn,quincunx,6,2,0.3333333333333333,0.29105839416058393,1.1452455590386625,Descriptive retrospective association; no significance claim
long,validation,aspect,Sun/Neptune,square,6,1,0.16666666666666666,0.29105839416058393,0.5726227795193313,Descriptive retrospective association; no significance claim
long,validation,aspect,Sun/Pluto,quincunx,6,2,0.3333333333333333,0.29105839416058393,1.1452455590386625,Descriptive retrospective association; no significance claim
long,validation,aspect,Venus/Neptune,sextile,7,4,0.5714285714285714,0.29105839416058393,1.9632781012091356,Descriptive retrospective association; no significance claim
long,validation,aspect,Venus/Pluto,trine,6,4,0.6666666666666666,0.29105839416058393,2.290491118077325,Descriptive retrospective association; no significance claim
long,validation,station,Neptune,,6,3,0.5,0.29105839416058393,1.7178683385579938,Descriptive retrospective association; no significance claim
long,validation,aspect,Venus/Saturn,opposition,3,2,0.6666666666666666,0.29105839416058393,2.290491118077325,Descriptive retrospective association; no significance claim
long,validation,simultaneous_24,Mars/Venus,,1,0,0.0,0.29105839416058393,0.0,Descriptive retrospective association; no significance claim
long,validation,aspect,Sun/Jupiter,semisextile,5,1,0.2,0.29105839416058393,0.6871473354231975,Descriptive retrospective association; no significance claim
long,validation,aspect,Venus/Jupiter,sextile,6,2,0.3333333333333333,0.29105839416058393,1.1452455590386625,Descriptive retrospective association; no significance claim
long,validation,aspect,Sun/Neptune,trine,6,3,0.5,0.29105839416058393,1.7178683385579938,Descriptive retrospective association; no significance claim
long,validation,aspect,Venus/Neptune,square,9,2,0.2222222222222222,0.29105839416058393,0.7634970393591083,Descriptive retrospective association; no significance claim
long,validation,aspect,Venus/Pluto,quincunx,6,2,0.3333333333333333,0.29105839416058393,1.1452455590386625,Descriptive retrospective association; no significance claim
long,validation,aspect,Sun/Pluto,opposition,3,2,0.6666666666666666,0.29105839416058393,2.290491118077325,Descriptive retrospective association; no significance claim
long,validation,aspect,Sun/Uranus,square,6,1,0.16666666666666666,0.29105839416058393,0.5726227795193313,Descriptive retrospective association; no significance claim
long,validation,clock_alignment,Mars/Saturn,clock coincidence,24,8,0.3333333333333333,0.29105839416058393,1.1452455590386625,Descriptive retrospective association; no significance claim
long,validation,ingress,Jupiter,,5,2,0.4,0.29105839416058393,1.374294670846395,Descriptive retrospective association; no significance claim
long,validation,24_band,Jupiter,,12,2,0.16666666666666666,0.29105839416058393,0.5726227795193313,Descriptive retrospective association; no significance claim
long,validation,simultaneous_24,Jupiter/Moon,,34,2,0.058823529411764705,0.29105839416058393,0.20210215747741103,Descriptive retrospective association; no significance claim
long,validation,simultaneous_24,Jupiter/Mercury,,2,1,0.5,0.29105839416058393,1.7178683385579938,Descriptive retrospective association; no significance claim
long,validation,aspect,Venus/Jupiter,semisextile,5,0,0.0,0.29105839416058393,0.0,Descriptive retrospective association; no significance claim
long,validation,aspect,Mercury/Neptune,trine,8,3,0.375,0.29105839416058393,1.2884012539184952,Descriptive retrospective association; no significance claim
long,validation,station,Uranus,,6,1,0.16666666666666666,0.29105839416058393,0.5726227795193313,Descriptive retrospective association; no significance claim
long,validation,aspect,Mercury/Pluto,opposition,3,2,0.6666666666666666,0.29105839416058393,2.290491118077325,Descriptive retrospective association; no significance claim
long,validation,simultaneous_24,Sun/Venus,,3,0,0.0,0.29105839416058393,0.0,Descriptive retrospective association; no significance claim
long,validation,aspect,Venus/Neptune,trine,6,2,0.3333333333333333,0.29105839416058393,1.1452455590386625,Descriptive retrospective association; no significance claim
long,validation,aspect,Sun/Jupiter,conjunction,2,0,0.0,0.29105839416058393,0.0,Descriptive retrospective association; no significance claim
long,validation,aspect,Mercury/Uranus,square,6,1,0.16666666666666666,0.29105839416058393,0.5726227795193313,Descriptive retrospective association; no significance claim
long,validation,ingress,Mars,,21,7,0.3333333333333333,0.29105839416058393,1.1452455590386625,Descriptive retrospective association; no significance claim
long,validation,aspect,Venus/Pluto,opposition,3,2,0.6666666666666666,0.29105839416058393,2.290491118077325,Descriptive retrospective association; no significance claim
long,validation,aspect,Sun/Neptune,quincunx,6,2,0.3333333333333333,0.29105839416058393,1.1452455590386625,Descriptive retrospective association; no significance claim
long,validation,aspect,Venus/Uranus,square,6,1,0.16666666666666666,0.29105839416058393,0.5726227795193313,Descriptive retrospective association; no significance claim
long,validation,aspect,Mercury/Jupiter,conjunction,4,0,0.0,0.29105839416058393,0.0,Descriptive retrospective association; no significance claim
long,validation,aspect,Mercury/Mars,square,7,2,0.2857142857142857,0.29105839416058393,0.9816390506045678,Descriptive retrospective association; no significance claim
long,validation,aspect,Mercury/Neptune,quincunx,8,2,0.25,0.29105839416058393,0.8589341692789969,Descriptive retrospective association; no significance claim
long,validation,aspect,Mars/Neptune,trine,4,2,0.5,0.29105839416058393,1.7178683385579938,Descriptive retrospective association; no significance claim
long,validation,aspect,Mercury/Uranus,trine,7,1,0.14285714285714285,0.29105839416058393,0.4908195253022839,Descriptive retrospective association; no significance claim
long,validation,aspect,Sun/Uranus,trine,5,0,0.0,0.29105839416058393,0.0,Descriptive retrospective association; no significance claim
long,validation,aspect,Mars/Pluto,sextile,3,1,0.3333333333333333,0.29105839416058393,1.1452455590386625,Descriptive retrospective association; no significance claim
long,validation,aspect,Venus/Neptune,quincunx,6,1,0.16666666666666666,0.29105839416058393,0.5726227795193313,Descriptive retrospective association; no significance claim
long,validation,aspect,Venus/Jupiter,conjunction,3,0,0.0,0.29105839416058393,0.0,Descriptive retrospective association; no significance claim
long,validation,aspect,Mercury/Neptune,opposition,3,0,0.0,0.29105839416058393,0.0,Descriptive retrospective association; no significance claim
long,validation,aspect,Mars/Uranus,quincunx,4,0,0.0,0.29105839416058393,0.0,Descriptive retrospective association; no significance claim
long,validation,aspect,Mercury/Uranus,quincunx,8,3,0.375,0.29105839416058393,1.2884012539184952,Descriptive retrospective association; no significance claim
long,validation,aspect,Mercury/Mars,sextile,7,2,0.2857142857142857,0.29105839416058393,0.9816390506045678,Descriptive retrospective association; no significance claim
long,validation,aspect,Venus/Uranus,trine,7,2,0.2857142857142857,0.29105839416058393,0.9816390506045678,Descriptive retrospective association; no significance claim
long,validation,aspect,Mars/Saturn,conjunction,1,1,1.0,0.29105839416058393,3.4357366771159876,Descriptive retrospective association; no significance claim
long,validation,aspect,Sun/Neptune,opposition,3,0,0.0,0.29105839416058393,0.0,Descriptive retrospective association; no significance claim
long,validation,aspect,Sun/Uranus,quincunx,6,1,0.16666666666666666,0.29105839416058393,0.5726227795193313,Descriptive retrospective association; no significance claim
long,validation,aspect,Venus/Neptune,opposition,3,1,0.3333333333333333,0.29105839416058393,1.1452455590386625,Descriptive retrospective association; no significance claim
long,validation,simultaneous_24,Mercury/Sun,,4,1,0.25,0.29105839416058393,0.8589341692789969,Descriptive retrospective association; no significance claim
long,validation,aspect,Mercury/Uranus,opposition,5,1,0.2,0.29105839416058393,0.6871473354231975,Descriptive retrospective association; no significance claim
long,validation,aspect,Mercury/Saturn,semisextile,8,3,0.375,0.29105839416058393,1.2884012539184952,Descriptive retrospective association; no significance claim
long,validation,aspect,Venus/Uranus,quincunx,7,2,0.2857142857142857,0.29105839416058393,0.9816390506045678,Descriptive retrospective association; no significance claim
long,validation,aspect,Mars/Neptune,square,3,1,0.3333333333333333,0.29105839416058393,1.1452455590386625,Descriptive retrospective association; no significance claim
long,validation,aspect,Jupiter/Uranus,trine,1,0,0.0,0.29105839416058393,0.0,Descriptive retrospective association; no significance claim
long,validation,aspect,Mars/Pluto,semisextile,2,0,0.0,0.29105839416058393,0.0,Descriptive retrospective association; no significance claim
long,validation,aspect,Mars/Uranus,trine,3,1,0.3333333333333333,0.29105839416058393,1.1452455590386625,Descriptive retrospective association; no significance claim
long,validation,aspect,Sun/Uranus,opposition,3,1,0.3333333333333333,0.29105839416058393,1.1452455590386625,Descriptive retrospective association; no significance claim
long,validation,aspect,Mars/Jupiter,trine,4,3,0.75,0.29105839416058393,2.5768025078369905,Descriptive retrospective association; no significance claim
long,validation,aspect,Venus/Uranus,opposition,3,0,0.0,0.29105839416058393,0.0,Descriptive retrospective association; no significance claim
long,validation,aspect,Sun/Mars,sextile,3,2,0.6666666666666666,0.29105839416058393,2.290491118077325,Descriptive retrospective association; no significance claim
long,validation,aspect,Sun/Saturn,semisextile,5,1,0.2,0.29105839416058393,0.6871473354231975,Descriptive retrospective association; no significance claim
long,validation,aspect,Venus/Saturn,semisextile,7,1,0.14285714285714285,0.29105839416058393,0.4908195253022839,Descriptive retrospective association; no significance claim
long,validation,aspect,Venus/Mars,sextile,3,1,0.3333333333333333,0.29105839416058393,1.1452455590386625,Descriptive retrospective association; no significance claim
long,validation,aspect,Mars/Neptune,sextile,3,1,0.3333333333333333,0.29105839416058393,1.1452455590386625,Descriptive retrospective association; no significance claim
long,validation,aspect,Mars/Pluto,conjunction,1,1,1.0,0.29105839416058393,3.4357366771159876,Descriptive retrospective association; no significance claim
long,validation,aspect,Venus/Saturn,conjunction,3,0,0.0,0.29105839416058393,0.0,Descriptive retrospective association; no significance claim
long,validation,aspect,Mars/Uranus,square,3,3,1.0,0.29105839416058393,3.4357366771159876,Descriptive retrospective association; no significance claim
long,validation,aspect,Sun/Saturn,conjunction,3,1,0.3333333333333333,0.29105839416058393,1.1452455590386625,Descriptive retrospective association; no significance claim
long,validation,aspect,Mars/Jupiter,quincunx,4,1,0.25,0.29105839416058393,0.8589341692789969,Descriptive retrospective association; no significance claim
long,validation,aspect,Mercury/Saturn,conjunction,3,1,0.3333333333333333,0.29105839416058393,1.1452455590386625,Descriptive retrospective association; no significance claim
long,validation,aspect,Mars/Saturn,sextile,3,0,0.0,0.29105839416058393,0.0,Descriptive retrospective association; no significance claim
long,validation,aspect,Mars/Neptune,semisextile,5,0,0.0,0.29105839416058393,0.0,Descriptive retrospective association; no significance claim
long,validation,aspect,Venus/Mars,semisextile,4,1,0.25,0.29105839416058393,0.8589341692789969,Descriptive retrospective association; no significance claim
long,validation,aspect,Venus/Pluto,conjunction,5,0,0.0,0.29105839416058393,0.0,Descriptive retrospective association; no significance claim
long,validation,aspect,Mars/Uranus,sextile,3,1,0.3333333333333333,0.29105839416058393,1.1452455590386625,Descriptive retrospective association; no significance claim
long,validation,ingress,Saturn,,3,1,0.3333333333333333,0.29105839416058393,1.1452455590386625,Descriptive retrospective association; no significance claim
long,validation,24_band,Saturn,,10,5,0.5,0.29105839416058393,1.7178683385579938,Descriptive retrospective association; no significance claim
long,validation,simultaneous_24,Moon/Saturn,,33,22,0.6666666666666666,0.29105839416058393,2.290491118077325,Descriptive retrospective association; no significance claim
long,validation,simultaneous_24,Saturn/Venus,,7,5,0.7142857142857143,0.29105839416058393,2.4540976265114196,Descriptive retrospective association; no significance claim
long,validation,aspect,Mercury/Pluto,conjunction,4,0,0.0,0.29105839416058393,0.0,Descriptive retrospective association; no significance claim
long,validation,simultaneous_24,Mercury/Saturn,,4,3,0.75,0.29105839416058393,2.5768025078369905,Descriptive retrospective association; no significance claim
long,validation,aspect,Mercury/Mars,semisextile,8,2,0.25,0.29105839416058393,0.8589341692789969,Descriptive retrospective association; no significance claim
long,validation,aspect,Mars/Jupiter,opposition,2,1,0.5,0.29105839416058393,1.7178683385579938,Descriptive retrospective association; no significance claim
long,validation,simultaneous_24,Mercury/Venus,,1,0,0.0,0.29105839416058393,0.0,Descriptive retrospective association; no significance claim
long,validation,aspect,Mars/Saturn,square,6,1,0.16666666666666666,0.29105839416058393,0.5726227795193313,Descriptive retrospective association; no significance claim
long,validation,aspect,Venus/Jupiter,opposition,3,2,0.6666666666666666,0.29105839416058393,2.290491118077325,Descriptive retrospective association; no significance claim
long,validation,aspect,Mars/Neptune,conjunction,1,0,0.0,0.29105839416058393,0.0,Descriptive retrospective association; no significance claim
long,validation,aspect,Mars/Uranus,semisextile,3,1,0.3333333333333333,0.29105839416058393,1.1452455590386625,Descriptive retrospective association; no significance claim
long,validation,aspect,Sun/Mars,semisextile,3,2,0.6666666666666666,0.29105839416058393,2.290491118077325,Descriptive retrospective association; no significance claim
long,validation,aspect,Venus/Mars,conjunction,2,1,0.5,0.29105839416058393,1.7178683385579938,Descriptive retrospective association; no significance claim
long,validation,aspect,Mars/Saturn,trine,4,1,0.25,0.29105839416058393,0.8589341692789969,Descriptive retrospective association; no significance claim
long,validation,aspect,Mars/Uranus,conjunction,2,0,0.0,0.29105839416058393,0.0,Descriptive retrospective association; no significance claim
long,validation,aspect,Mars/Saturn,quincunx,4,1,0.25,0.29105839416058393,0.8589341692789969,Descriptive retrospective association; no significance claim
long,validation,aspect,Mars/Pluto,trine,4,0,0.0,0.29105839416058393,0.0,Descriptive retrospective association; no significance claim
long,validation,aspect,Mercury/Mars,conjunction,6,5,0.8333333333333334,0.29105839416058393,2.8631138975966564,Descriptive retrospective association; no significance claim
long,validation,aspect,Mars/Saturn,opposition,2,2,1.0,0.29105839416058393,3.4357366771159876,Descriptive retrospective association; no significance claim
long,validation,aspect,Mars/Pluto,quincunx,4,2,0.5,0.29105839416058393,1.7178683385579938,Descriptive retrospective association; no significance claim
long,validation,simultaneous_24,Saturn/Sun,,4,4,1.0,0.29105839416058393,3.4357366771159876,Descriptive retrospective association; no significance claim
long,validation,simultaneous_24,Moon/Saturn/Sun,,2,2,1.0,0.29105839416058393,3.4357366771159876,Descriptive retrospective association; no significance claim
long,validation,aspect,Mars/Jupiter,sextile,2,0,0.0,0.29105839416058393,0.0,Descriptive retrospective association; no significance claim
long,validation,aspect,Sun/Mars,conjunction,2,0,0.0,0.29105839416058393,0.0,Descriptive retrospective association; no significance claim
long,validation,aspect,Mars/Pluto,opposition,2,1,0.5,0.29105839416058393,1.7178683385579938,Descriptive retrospective association; no significance claim
long,validation,aspect,Mars/Jupiter,semisextile,2,0,0.0,0.29105839416058393,0.0,Descriptive retrospective association; no significance claim
long,validation,aspect,Mars/Neptune,quincunx,4,2,0.5,0.29105839416058393,1.7178683385579938,Descriptive retrospective association; no significance claim
long,validation,aspect,Mars/Neptune,opposition,2,0,0.0,0.29105839416058393,0.0,Descriptive retrospective association; no significance claim
long,validation,aspect,Mars/Jupiter,conjunction,1,1,1.0,0.29105839416058393,3.4357366771159876,Descriptive retrospective association; no significance claim
long,validation,simultaneous_24,Jupiter/Mars,,7,0,0.0,0.29105839416058393,0.0,Descriptive retrospective association; no significance claim
long,validation,simultaneous_24,Jupiter/Mars/Moon,,5,0,0.0,0.29105839416058393,0.0,Descriptive retrospective association; no significance claim
long,validation,simultaneous_24,Jupiter/Venus,,3,0,0.0,0.29105839416058393,0.0,Descriptive retrospective association; no significance claim
long,validation,simultaneous_24,Mars/Saturn,,1,0,0.0,0.29105839416058393,0.0,Descriptive retrospective association; no significance claim
long,validation,simultaneous_24,Mars/Moon/Saturn,,1,0,0.0,0.29105839416058393,0.0,Descriptive retrospective association; no significance claim
long,validation,simultaneous_24,Mercury/Moon/Saturn,,2,1,0.5,0.29105839416058393,1.7178683385579938,Descriptive retrospective association; no significance claim
long,validation,simultaneous_24,Mars/Sun,,1,0,0.0,0.29105839416058393,0.0,Descriptive retrospective association; no significance claim
long,validation,simultaneous_24,Mars/Mercury,,4,2,0.5,0.29105839416058393,1.7178683385579938,Descriptive retrospective association; no significance claim
long,validation,simultaneous_24,Mercury/Moon/Sun,,2,0,0.0,0.29105839416058393,0.0,Descriptive retrospective association; no significance claim
long,validation,ingress,Uranus,,1,0,0.0,0.29105839416058393,0.0,Descriptive retrospective association; no significance claim
long,validation,aspect,Jupiter/Saturn,semisextile,2,1,0.5,0.29105839416058393,1.7178683385579938,Descriptive retrospective association; no significance claim
long,validation,aspect,Jupiter/Neptune,square,3,2,0.6666666666666666,0.29105839416058393,2.290491118077325,Descriptive retrospective association; no significance claim
long,validation,aspect,Saturn/Neptune,sextile,3,1,0.3333333333333333,0.29105839416058393,1.1452455590386625,Descriptive retrospective association; no significance claim
long,validation,aspect,Jupiter/Pluto,semisextile,6,2,0.3333333333333333,0.29105839416058393,1.1452455590386625,Descriptive retrospective association; no significance claim
long,validation,simultaneous_24,Moon/Saturn/Venus,,4,3,0.75,0.29105839416058393,2.5768025078369905,Descriptive retrospective association; no significance claim
long,validation,simultaneous_24,Jupiter/Sun,,5,1,0.2,0.29105839416058393,0.6871473354231975,Descriptive retrospective association; no significance claim
long,validation,simultaneous_24,Jupiter/Moon/Sun,,3,1,0.3333333333333333,0.29105839416058393,1.1452455590386625,Descriptive retrospective association; no significance claim
long,validation,simultaneous_24,Mercury/Saturn/Sun,,1,1,1.0,0.29105839416058393,3.4357366771159876,Descriptive retrospective association; no significance claim
long,validation,aspect,Saturn/Pluto,conjunction,1,0,0.0,0.29105839416058393,0.0,Descriptive retrospective association; no significance claim
long,validation,simultaneous_24,Mars/Mercury/Venus,,2,0,0.0,0.29105839416058393,0.0,Descriptive retrospective association; no significance claim
long,validation,simultaneous_24,Mars/Mercury/Moon/Venus,,1,0,0.0,0.29105839416058393,0.0,Descriptive retrospective association; no significance claim
long,validation,aspect,Jupiter/Neptune,sextile,3,1,0.3333333333333333,0.29105839416058393,1.1452455590386625,Descriptive retrospective association; no significance claim
long,validation,simultaneous_24,Jupiter/Mercury/Sun,,1,1,1.0,0.29105839416058393,3.4357366771159876,Descriptive retrospective association; no significance claim
long,validation,aspect,Jupiter/Pluto,conjunction,3,1,0.3333333333333333,0.29105839416058393,1.1452455590386625,Descriptive retrospective association; no significance claim
long,validation,simultaneous_24,Jupiter/Mars/Sun,,1,0,0.0,0.29105839416058393,0.0,Descriptive retrospective association; no significance claim
long,validation,simultaneous_24,Jupiter/Mars/Mercury/Sun,,1,0,0.0,0.29105839416058393,0.0,Descriptive retrospective association; no significance claim
long,validation,simultaneous_24,Jupiter/Mars/Mercury/Moon/Sun,,1,0,0.0,0.29105839416058393,0.0,Descriptive retrospective association; no significance claim
long,validation,simultaneous_24,Jupiter/Mars/Mercury,,2,0,0.0,0.29105839416058393,0.0,Descriptive retrospective association; no significance claim
long,validation,simultaneous_24,Jupiter/Mars/Mercury/Moon,,1,0,0.0,0.29105839416058393,0.0,Descriptive retrospective association; no significance claim
long,validation,simultaneous_24,Moon/Sun/Venus,,1,0,0.0,0.29105839416058393,0.0,Descriptive retrospective association; no significance claim
long,validation,aspect,Jupiter/Saturn,conjunction,1,0,0.0,0.29105839416058393,0.0,Descriptive retrospective association; no significance claim
long,validation,simultaneous_24,Jupiter/Mars/Venus,,1,0,0.0,0.29105839416058393,0.0,Descriptive retrospective association; no significance claim
long,validation,aspect,Saturn/Uranus,square,3,0,0.0,0.29105839416058393,0.0,Descriptive retrospective association; no significance claim
long,validation,aspect,Jupiter/Neptune,semisextile,1,1,1.0,0.29105839416058393,3.4357366771159876,Descriptive retrospective association; no significance claim
long,validation,simultaneous_24,Moon/Saturn/Sun/Venus,,1,1,1.0,0.29105839416058393,3.4357366771159876,Descriptive retrospective association; no significance claim
long,validation,simultaneous_24,Saturn/Sun/Venus,,1,1,1.0,0.29105839416058393,3.4357366771159876,Descriptive retrospective association; no significance claim
long,test,aspect,Uranus/Moon,square,81,12,0.14814814814814814,0.16606170598911071,0.8921270997773729,Descriptive retrospective association; no significance claim
long,test,aspect,Sun/Moon,conjunction,38,6,0.15789473684210525,0.16606170598911071,0.9508196721311475,Descriptive retrospective association; no significance claim
long,test,aspect,Pluto/Moon,conjunction,41,6,0.14634146341463414,0.16606170598911071,0.8812475009996,Descriptive retrospective association; no significance claim
long,test,aspect,Mars/Moon,square,77,14,0.18181818181818182,0.16606170598911071,1.0948832588176851,Descriptive retrospective association; no significance claim
long,test,aspect,Mercury/Moon,conjunction,38,6,0.15789473684210525,0.16606170598911071,0.9508196721311475,Descriptive retrospective association; no significance claim
long,test,aspect,Sun/Pluto,conjunction,3,0,0.0,0.16606170598911071,0.0,Descriptive retrospective association; no significance claim
long,test,aspect,Jupiter/Moon,opposition,40,7,0.175,0.16606170598911071,1.0538251366120217,Descriptive retrospective association; no significance claim
long,test,24_band,Mars,,55,10,0.18181818181818182,0.16606170598911071,1.0948832588176851,Descriptive retrospective association; no significance claim
long,test,24_band,Moon,,657,109,0.1659056316590563,0.16606170598911071,0.9990601425589073,Descriptive retrospective association; no significance claim
long,test,simultaneous_24,Mars/Moon,,21,5,0.23809523809523808,0.16606170598911071,1.433775696070778,Descriptive retrospective association; no significance claim
long,test,aspect,Saturn/Moon,sextile,81,13,0.16049382716049382,0.16606170598911071,0.9664710247588206,Descriptive retrospective association; no significance claim
long,test,aspect,Venus/Moon,conjunction,38,6,0.15789473684210525,0.16606170598911071,0.9508196721311475,Descriptive retrospective association; no significance claim
long,test,ingress,Moon,,484,81,0.16735537190082644,0.16606170598911071,1.0077902723208236,Descriptive retrospective association; no significance claim
long,test,aspect,Neptune/Moon,semisextile,81,13,0.16049382716049382,0.16606170598911071,0.9664710247588206,Descriptive retrospective association; no significance claim
long,test,aspect,Sun/Mars,square,3,0,0.0,0.16606170598911071,0.0,Descriptive retrospective association; no significance claim
long,test,aspect,Uranus/Moon,sextile,81,12,0.14814814814814814,0.16606170598911071,0.8921270997773729,Descriptive retrospective association; no significance claim
long,test,aspect,Mercury/Jupiter,opposition,7,0,0.0,0.16606170598911071,0.0,Descriptive retrospective association; no significance claim
long,test,aspect,Pluto/Moon,semisextile,82,12,0.14634146341463414,0.16606170598911071,0.8812475009996,Descriptive retrospective association; no significance claim
long,test,aspect,Mars/Moon,trine,78,14,0.1794871794871795,0.16606170598911071,1.080846293961048,Descriptive retrospective association; no significance claim
long,test,aspect,Sun/Moon,semisextile,76,15,0.19736842105263158,0.16606170598911071,1.1885245901639343,Descriptive retrospective association; no significance claim
long,test,aspect,Jupiter/Moon,quincunx,80,14,0.175,0.16606170598911071,1.0538251366120217,Descriptive retrospective association; no significance claim
long,test,aspect,Mercury/Moon,semisextile,76,13,0.17105263157894737,0.16606170598911071,1.030054644808743,Descriptive retrospective association; no significance claim
long,test,aspect,Saturn/Moon,square,80,14,0.175,0.16606170598911071,1.0538251366120217,Descriptive retrospective association; no significance claim
long,test,aspect,Venus/Moon,semisextile,75,12,0.16,0.16606170598911071,0.9634972677595628,Descriptive retrospective association; no significance claim
long,test,24_band,Mercury,,91,24,0.26373626373626374,0.16606170598911071,1.5881823094937848,Descriptive retrospective association; no significance claim
long,test,aspect,Neptune/Moon,conjunction,41,7,0.17073170731707318,0.16606170598911071,1.0281220844995336,Descriptive retrospective association; no significance claim
long,test,simultaneous_24,Mercury/Moon,,17,4,0.23529411764705882,0.16606170598911071,1.4169077467052393,Descriptive retrospective association; no significance claim
long,test,aspect,Uranus/Moon,semisextile,80,13,0.1625,0.16606170598911071,0.978551912568306,Descriptive retrospective association; no significance claim
long,test,aspect,Pluto/Moon,sextile,81,15,0.18518518518518517,0.16606170598911071,1.115158874721716,Descriptive retrospective association; no significance claim
long,test,aspect,Mars/Moon,quincunx,78,13,0.16666666666666666,0.16606170598911071,1.0036429872495445,Descriptive retrospective association; no significance claim
long,test,aspect,Sun/Moon,sextile,75,12,0.16,0.16606170598911071,0.9634972677595628,Descriptive retrospective association; no significance claim
long,test,aspect,Jupiter/Moon,trine,80,14,0.175,0.16606170598911071,1.0538251366120217,Descriptive retrospective association; no significance claim
long,test,aspect,Sun/Jupiter,opposition,3,0,0.0,0.16606170598911071,0.0,Descriptive retrospective association; no significance claim
long,test,aspect,Mercury/Moon,sextile,75,12,0.16,0.16606170598911071,0.9634972677595628,Descriptive retrospective association; no significance claim
long,test,aspect,Saturn/Moon,trine,80,14,0.175,0.16606170598911071,1.0538251366120217,Descriptive retrospective association; no significance claim
long,test,aspect,Mercury/Saturn,sextile,9,1,0.1111111111111111,0.16606170598911071,0.6690953248330297,Descriptive retrospective association; no significance claim
long,test,aspect,Venus/Moon,sextile,74,13,0.17567567567567569,0.16606170598911071,1.057893959533304,Descriptive retrospective association; no significance claim
long,test,aspect,Uranus/Moon,conjunction,40,7,0.175,0.16606170598911071,1.0538251366120217,Descriptive retrospective association; no significance claim
long,test,aspect,Pluto/Moon,square,80,15,0.1875,0.16606170598911071,1.1290983606557377,Descriptive retrospective association; no significance claim
long,test,aspect,Mars/Moon,opposition,39,6,0.15384615384615385,0.16606170598911071,0.9264396805380413,Descriptive retrospective association; no significance claim
long,test,aspect,Mercury/Venus,conjunction,7,2,0.2857142857142857,0.16606170598911071,1.7205308352849336,Descriptive retrospective association; no significance claim
long,test,aspect,Jupiter/Moon,square,80,13,0.1625,0.16606170598911071,0.978551912568306,Descriptive retrospective association; no significance claim
long,test,aspect,Sun/Moon,square,74,12,0.16216216216216217,0.16606170598911071,0.9765175011076651,Descriptive retrospective association; no significance claim
long,test,24_band,Sun,,89,15,0.16853932584269662,0.16606170598911071,1.0149198747467305,Descriptive retrospective association; no significance claim
long,test,aspect,Saturn/Moon,quincunx,80,14,0.175,0.16606170598911071,1.0538251366120217,Descriptive retrospective association; no significance claim
long,test,aspect,Venus/Moon,square,74,12,0.16216216216216217,0.16606170598911071,0.9765175011076651,Descriptive retrospective association; no significance claim
long,test,simultaneous_24,Moon/Sun,,21,3,0.14285714285714285,0.16606170598911071,0.8602654176424668,Descriptive retrospective association; no significance claim
long,test,aspect,Mercury/Moon,square,75,12,0.16,0.16606170598911071,0.9634972677595628,Descriptive retrospective association; no significance claim
long,test,aspect,Mars/Jupiter,square,2,1,0.5,0.16606170598911071,3.010928961748634,Descriptive retrospective association; no significance claim
long,test,aspect,Neptune/Moon,sextile,81,13,0.16049382716049382,0.16606170598911071,0.9664710247588206,Descriptive retrospective association; no significance claim
long,test,aspect,Pluto/Moon,trine,80,15,0.1875,0.16606170598911071,1.1290983606557377,Descriptive retrospective association; no significance claim
long,test,aspect,Jupiter/Moon,sextile,80,12,0.15,0.16606170598911071,0.9032786885245901,Descriptive retrospective association; no significance claim
long,test,aspect,Sun/Moon,trine,74,12,0.16216216216216217,0.16606170598911071,0.9765175011076651,Descriptive retrospective association; no significance claim
long,test,aspect,Saturn/Moon,opposition,40,7,0.175,0.16606170598911071,1.0538251366120217,Descriptive retrospective association; no significance claim
long,test,aspect,Venus/Moon,trine,74,12,0.16216216216216217,0.16606170598911071,0.9765175011076651,Descriptive retrospective association; no significance claim
long,test,aspect,Venus/Saturn,sextile,6,1,0.16666666666666666,0.16606170598911071,1.0036429872495445,Descriptive retrospective association; no significance claim
long,test,aspect,Mercury/Moon,trine,74,12,0.16216216216216217,0.16606170598911071,0.9765175011076651,Descriptive retrospective association; no significance claim
long,test,aspect,Sun/Venus,conjunction,4,1,0.25,0.16606170598911071,1.505464480874317,Descriptive retrospective association; no significance claim
long,test,aspect,Sun/Saturn,sextile,6,1,0.16666666666666666,0.16606170598911071,1.0036429872495445,Descriptive retrospective association; no significance claim
long,test,aspect,Neptune/Moon,square,81,12,0.14814814814814814,0.16606170598911071,0.8921270997773729,Descriptive retrospective association; no significance claim
long,test,ingress,Mercury,,45,8,0.17777777777777778,0.16606170598911071,1.0705525197328476,Descriptive retrospective association; no significance claim
long,test,aspect,Pluto/Moon,quincunx,80,12,0.15,0.16606170598911071,0.9032786885245901,Descriptive retrospective association; no significance claim
long,test,aspect,Jupiter/Moon,semisextile,80,14,0.175,0.16606170598911071,1.0538251366120217,Descriptive retrospective association; no significance claim
long,test,aspect,Venus/Moon,quincunx,74,12,0.16216216216216217,0.16606170598911071,0.9765175011076651,Descriptive retrospective association; no significance claim
long,test,aspect,Sun/Moon,quincunx,74,12,0.16216216216216217,0.16606170598911071,0.9765175011076651,Descriptive retrospective association; no significance claim
long,test,aspect,Mercury/Neptune,semisextile,6,1,0.16666666666666666,0.16606170598911071,1.0036429872495445,Descriptive retrospective association; no significance claim
long,test,aspect,Neptune/Moon,trine,80,14,0.175,0.16606170598911071,1.0538251366120217,Descriptive retrospective association; no significance claim
long,test,aspect,Mercury/Moon,quincunx,74,12,0.16216216216216217,0.16606170598911071,0.9765175011076651,Descriptive retrospective association; no significance claim
long,test,aspect,Pluto/Moon,opposition,40,6,0.15,0.16606170598911071,0.9032786885245901,Descriptive retrospective association; no significance claim
long,test,24_band,Venus,,93,15,0.16129032258064516,0.16606170598911071,0.9712674070156883,Descriptive retrospective association; no significance claim
long,test,aspect,Jupiter/Moon,conjunction,40,7,0.175,0.16606170598911071,1.0538251366120217,Descriptive retrospective association; no significance claim
long,test,aspect,Venus/Moon,opposition,37,6,0.16216216216216217,0.16606170598911071,0.9765175011076651,Descriptive retrospective association; no significance claim
long,test,aspect,Sun/Moon,opposition,37,6,0.16216216216216217,0.16606170598911071,0.9765175011076651,Descriptive retrospective association; no significance claim
long,test,simultaneous_24,Moon/Venus,,15,3,0.2,0.16606170598911071,1.2043715846994536,Descriptive retrospective association; no significance claim
long,test,aspect,Venus/Mars,square,3,1,0.3333333333333333,0.16606170598911071,2.007285974499089,Descriptive retrospective association; no significance claim
long,test,aspect,Neptune/Moon,quincunx,80,14,0.175,0.16606170598911071,1.0538251366120217,Descriptive retrospective association; no significance claim
long,test,aspect,Mercury/Uranus,sextile,6,1,0.16666666666666666,0.16606170598911071,1.0036429872495445,Descriptive retrospective association; no significance claim
long,test,aspect,Uranus/Moon,trine,81,14,0.1728395061728395,0.16606170598911071,1.0408149497402683,Descriptive retrospective association; no significance claim
long,test,aspect,Mercury/Moon,opposition,37,6,0.16216216216216217,0.16606170598911071,0.9765175011076651,Descriptive retrospective association; no significance claim
long,test,aspect,Mars/Moon,sextile,77,13,0.16883116883116883,0.16606170598911071,1.016677311759279,Descriptive retrospective association; no significance claim
long,test,aspect,Mercury/Pluto,semisextile,7,2,0.2857142857142857,0.16606170598911071,1.7205308352849336,Descriptive retrospective association; no significance claim
long,test,aspect,Neptune/Moon,opposition,40,8,0.2,0.16606170598911071,1.2043715846994536,Descriptive retrospective association; no significance claim
long,test,aspect,Uranus/Moon,quincunx,81,14,0.1728395061728395,0.16606170598911071,1.0408149497402683,Descriptive retrospective association; no significance claim
long,test,aspect,Mercury/Jupiter,quincunx,5,1,0.2,0.16606170598911071,1.2043715846994536,Descriptive retrospective association; no significance claim
long,test,ingress,Sun,,36,7,0.19444444444444445,0.16606170598911071,1.170916818457802,Descriptive retrospective association; no significance claim
long,test,aspect,Mars/Moon,semisextile,77,12,0.15584415584415584,0.16606170598911071,0.9384713647008729,Descriptive retrospective association; no significance claim
long,test,aspect,Mercury/Venus,semisextile,17,4,0.23529411764705882,0.16606170598911071,1.4169077467052393,Descriptive retrospective association; no significance claim
long,test,aspect,Uranus/Moon,opposition,40,8,0.2,0.16606170598911071,1.2043715846994536,Descriptive retrospective association; no significance claim
long,test,aspect,Mars/Moon,conjunction,39,6,0.15384615384615385,0.16606170598911071,0.9264396805380413,Descriptive retrospective association; no significance claim
long,test,aspect,Saturn/Moon,semisextile,81,13,0.16049382716049382,0.16606170598911071,0.9664710247588206,Descriptive retrospective association; no significance claim
long,test,aspect,Sun/Neptune,semisextile,6,1,0.16666666666666666,0.16606170598911071,1.0036429872495445,Descriptive retrospective association; no significance claim
long,test,aspect,Mercury/Mars,trine,3,1,0.3333333333333333,0.16606170598911071,2.007285974499089,Descriptive retrospective association; no significance claim
long,test,aspect,Mercury/Saturn,square,8,1,0.125,0.16606170598911071,0.7527322404371585,Descriptive retrospective association; no significance claim
long,test,aspect,Saturn/Moon,conjunction,41,6,0.14634146341463414,0.16606170598911071,0.8812475009996,Descriptive retrospective association; no significance claim
long,test,aspect,Sun/Uranus,sextile,6,1,0.16666666666666666,0.16606170598911071,1.0036429872495445,Descriptive retrospective association; no significance claim
long,test,aspect,Mars/Saturn,semisextile,4,1,0.25,0.16606170598911071,1.505464480874317,Descriptive retrospective association; no significance claim
long,test,station,Venus,,3,0,0.0,0.16606170598911071,0.0,Descriptive retrospective association; no significance claim
long,test,aspect,Sun/Jupiter,quincunx,6,1,0.16666666666666666,0.16606170598911071,1.0036429872495445,Descriptive retrospective association; no significance claim
long,test,aspect,Sun/Pluto,semisextile,6,2,0.3333333333333333,0.16606170598911071,2.007285974499089,Descriptive retrospective association; no significance claim
long,test,aspect,Sun/Venus,semisextile,7,1,0.14285714285714285,0.16606170598911071,0.8602654176424668,Descriptive retrospective association; no significance claim
long,test,station,Mercury,,20,2,0.1,0.16606170598911071,0.6021857923497268,Descriptive retrospective association; no significance claim
long,test,aspect,Sun/Saturn,square,6,1,0.16666666666666666,0.16606170598911071,1.0036429872495445,Descriptive retrospective association; no significance claim
long,test,aspect,Sun/Mars,trine,3,0,0.0,0.16606170598911071,0.0,Descriptive retrospective association; no significance claim
long,test,aspect,Sun/Mercury,conjunction,19,5,0.2631578947368421,0.16606170598911071,1.5846994535519123,Descriptive retrospective association; no significance claim
long,test,aspect,Sun/Neptune,conjunction,3,1,0.3333333333333333,0.16606170598911071,2.007285974499089,Descriptive retrospective association; no significance claim
long,test,aspect,Sun/Jupiter,trine,5,1,0.2,0.16606170598911071,1.2043715846994536,Descriptive retrospective association; no significance claim
long,test,aspect,Sun/Uranus,semisextile,6,1,0.16666666666666666,0.16606170598911071,1.0036429872495445,Descriptive retrospective association; no significance claim
long,test,station,Mars,,3,1,0.3333333333333333,0.16606170598911071,2.007285974499089,Descriptive retrospective association; no significance claim
long,test,station,Saturn,,6,1,0.16666666666666666,0.16606170598911071,1.0036429872495445,Descriptive retrospective association; no significance claim
long,test,aspect,Sun/Pluto,sextile,6,2,0.3333333333333333,0.16606170598911071,2.007285974499089,Descriptive retrospective association; no significance claim
long,test,ingress,Venus,,38,8,0.21052631578947367,0.16606170598911071,1.26775956284153,Descriptive retrospective association; no significance claim
long,test,station,Jupiter,,5,1,0.2,0.16606170598911071,1.2043715846994536,Descriptive retrospective association; no significance claim
long,test,aspect,Venus/Neptune,semisextile,7,1,0.14285714285714285,0.16606170598911071,0.8602654176424668,Descriptive retrospective association; no significance claim
long,test,aspect,Sun/Saturn,trine,6,0,0.0,0.16606170598911071,0.0,Descriptive retrospective association; no significance claim
long,test,aspect,Sun/Mars,quincunx,3,1,0.3333333333333333,0.16606170598911071,2.007285974499089,Descriptive retrospective association; no significance claim
long,test,aspect,Venus/Jupiter,quincunx,6,1,0.16666666666666666,0.16606170598911071,1.0036429872495445,Descriptive retrospective association; no significance claim
long,test,aspect,Venus/Uranus,sextile,6,1,0.16666666666666666,0.16606170598911071,1.0036429872495445,Descriptive retrospective association; no significance claim
long,test,aspect,Venus/Pluto,semisextile,7,2,0.2857142857142857,0.16606170598911071,1.7205308352849336,Descriptive retrospective association; no significance claim
long,test,aspect,Mercury/Neptune,conjunction,3,1,0.3333333333333333,0.16606170598911071,2.007285974499089,Descriptive retrospective association; no significance claim
long,test,aspect,Mercury/Jupiter,trine,9,1,0.1111111111111111,0.16606170598911071,0.6690953248330297,Descriptive retrospective association; no significance claim
long,test,aspect,Mercury/Uranus,semisextile,8,1,0.125,0.16606170598911071,0.7527322404371585,Descriptive retrospective association; no significance claim
long,test,aspect,Mercury/Pluto,sextile,6,2,0.3333333333333333,0.16606170598911071,2.007285974499089,Descriptive retrospective association; no significance claim
long,test,aspect,Venus/Mars,trine,3,0,0.0,0.16606170598911071,0.0,Descriptive retrospective association; no significance claim
long,test,aspect,Venus/Saturn,square,6,1,0.16666666666666666,0.16606170598911071,1.0036429872495445,Descriptive retrospective association; no significance claim
long,test,aspect,Sun/Jupiter,square,5,1,0.2,0.16606170598911071,1.2043715846994536,Descriptive retrospective association; no significance claim
long,test,aspect,Sun/Uranus,conjunction,3,0,0.0,0.16606170598911071,0.0,Descriptive retrospective association; no significance claim
long,test,aspect,Mercury/Mars,quincunx,4,2,0.5,0.16606170598911071,3.010928961748634,Descriptive retrospective association; no significance claim
long,test,aspect,Mercury/Saturn,trine,6,1,0.16666666666666666,0.16606170598911071,1.0036429872495445,Descriptive retrospective association; no significance claim
long,test,aspect,Sun/Pluto,square,6,0,0.0,0.16606170598911071,0.0,Descriptive retrospective association; no significance claim
long,test,aspect,Sun/Mars,opposition,1,1,1.0,0.16606170598911071,6.021857923497268,Descriptive retrospective association; no significance claim
long,test,aspect,Sun/Saturn,quincunx,6,2,0.3333333333333333,0.16606170598911071,2.007285974499089,Descriptive retrospective association; no significance claim
long,test,aspect,Venus/Neptune,conjunction,3,1,0.3333333333333333,0.16606170598911071,2.007285974499089,Descriptive retrospective association; no significance claim
long,test,aspect,Mercury/Jupiter,square,5,2,0.4,0.16606170598911071,2.408743169398907,Descriptive retrospective association; no significance claim
long,test,aspect,Mercury/Uranus,conjunction,3,0,0.0,0.16606170598911071,0.0,Descriptive retrospective association; no significance claim
long,test,station,Pluto,,6,0,0.0,0.16606170598911071,0.0,Descriptive retrospective association; no significance claim
long,test,aspect,Mercury/Pluto,square,6,1,0.16666666666666666,0.16606170598911071,1.0036429872495445,Descriptive retrospective association; no significance claim
long,test,aspect,Mercury/Mars,opposition,1,1,1.0,0.16606170598911071,6.021857923497268,Descriptive retrospective association; no significance claim
long,test,aspect,Venus/Jupiter,trine,6,2,0.3333333333333333,0.16606170598911071,2.007285974499089,Descriptive retrospective association; no significance claim
long,test,aspect,Venus/Uranus,semisextile,6,0,0.0,0.16606170598911071,0.0,Descriptive retrospective association; no significance claim
long,test,aspect,Venus/Pluto,sextile,6,2,0.3333333333333333,0.16606170598911071,2.007285974499089,Descriptive retrospective association; no significance claim
long,test,aspect,Mercury/Saturn,quincunx,6,1,0.16666666666666666,0.16606170598911071,1.0036429872495445,Descriptive retrospective association; no significance claim
long,test,aspect,Venus/Mars,quincunx,4,2,0.5,0.16606170598911071,3.010928961748634,Descriptive retrospective association; no significance claim
long,test,aspect,Mars/Uranus,opposition,1,0,0.0,0.16606170598911071,0.0,Descriptive retrospective association; no significance claim
long,test,aspect,Mars/Pluto,square,3,0,0.0,0.16606170598911071,0.0,Descriptive retrospective association; no significance claim
long,test,aspect,Venus/Saturn,trine,6,1,0.16666666666666666,0.16606170598911071,1.0036429872495445,Descriptive retrospective association; no significance claim
long,test,aspect,Mercury/Neptune,sextile,7,0,0.0,0.16606170598911071,0.0,Descriptive retrospective association; no significance claim
long,test,aspect,Sun/Neptune,sextile,6,0,0.0,0.16606170598911071,0.0,Descriptive retrospective association; no significance claim
long,test,aspect,Mercury/Pluto,trine,10,1,0.1,0.16606170598911071,0.6021857923497268,Descriptive retrospective association; no significance claim
long,test,aspect,Mercury/Jupiter,sextile,7,1,0.14285714285714285,0.16606170598911071,0.8602654176424668,Descriptive retrospective association; no significance claim
long,test,aspect,Mercury/Saturn,opposition,3,1,0.3333333333333333,0.16606170598911071,2.007285974499089,Descriptive retrospective association; no significance claim
long,test,aspect,Sun/Pluto,trine,6,1,0.16666666666666666,0.16606170598911071,1.0036429872495445,Descriptive retrospective association; no significance claim
long,test,aspect,Sun/Jupiter,sextile,5,2,0.4,0.16606170598911071,2.408743169398907,Descriptive retrospective association; no significance claim
long,test,aspect,Sun/Saturn,opposition,3,1,0.3333333333333333,0.16606170598911071,2.007285974499089,Descriptive retrospective association; no significance claim
long,test,aspect,Venus/Mars,opposition,2,1,0.5,0.16606170598911071,3.010928961748634,Descriptive retrospective association; no significance claim
long,test,aspect,Mercury/Neptune,square,7,1,0.14285714285714285,0.16606170598911071,0.8602654176424668,Descriptive retrospective association; no significance claim
long,test,aspect,Venus/Pluto,square,6,1,0.16666666666666666,0.16606170598911071,1.0036429872495445,Descriptive retrospective association; no significance claim
long,test,aspect,Mercury/Pluto,quincunx,8,2,0.25,0.16606170598911071,1.505464480874317,Descriptive retrospective association; no significance claim
long,test,aspect,Mercury/Venus,sextile,7,0,0.0,0.16606170598911071,0.0,Descriptive retrospective association; no significance claim
long,test,aspect,Venus/Uranus,conjunction,3,0,0.0,0.16606170598911071,0.0,Descriptive retrospective association; no significance claim
long,test,aspect,Mercury/Jupiter,semisextile,10,1,0.1,0.16606170598911071,0.6021857923497268,Descriptive retrospective association; no significance claim
long,test,aspect,Venus/Jupiter,square,7,3,0.42857142857142855,0.16606170598911071,2.5807962529274002,Descriptive retrospective association; no significance claim
long,test,aspect,Venus/Saturn,quincunx,6,1,0.16666666666666666,0.16606170598911071,1.0036429872495445,Descriptive retrospective association; no significance claim
long,test,aspect,Sun/Neptune,square,6,1,0.16666666666666666,0.16606170598911071,1.0036429872495445,Descriptive retrospective association; no significance claim
long,test,aspect,Sun/Pluto,quincunx,6,1,0.16666666666666666,0.16606170598911071,1.0036429872495445,Descriptive retrospective association; no significance claim
long,test,aspect,Venus/Neptune,sextile,8,1,0.125,0.16606170598911071,0.7527322404371585,Descriptive retrospective association; no significance claim
long,test,aspect,Venus/Pluto,trine,6,1,0.16666666666666666,0.16606170598911071,1.0036429872495445,Descriptive retrospective association; no significance claim
long,test,station,Neptune,,6,1,0.16666666666666666,0.16606170598911071,1.0036429872495445,Descriptive retrospective association; no significance claim
long,test,aspect,Venus/Saturn,opposition,3,1,0.3333333333333333,0.16606170598911071,2.007285974499089,Descriptive retrospective association; no significance claim
long,test,simultaneous_24,Mars/Venus,,3,0,0.0,0.16606170598911071,0.0,Descriptive retrospective association; no significance claim
long,test,aspect,Sun/Jupiter,semisextile,6,1,0.16666666666666666,0.16606170598911071,1.0036429872495445,Descriptive retrospective association; no significance claim
long,test,aspect,Venus/Jupiter,sextile,5,1,0.2,0.16606170598911071,1.2043715846994536,Descriptive retrospective association; no significance claim
long,test,aspect,Sun/Neptune,trine,6,1,0.16666666666666666,0.16606170598911071,1.0036429872495445,Descriptive retrospective association; no significance claim
long,test,aspect,Venus/Neptune,square,6,1,0.16666666666666666,0.16606170598911071,1.0036429872495445,Descriptive retrospective association; no significance claim
long,test,aspect,Venus/Pluto,quincunx,6,0,0.0,0.16606170598911071,0.0,Descriptive retrospective association; no significance claim
long,test,aspect,Sun/Pluto,opposition,3,0,0.0,0.16606170598911071,0.0,Descriptive retrospective association; no significance claim
long,test,aspect,Sun/Uranus,square,6,1,0.16666666666666666,0.16606170598911071,1.0036429872495445,Descriptive retrospective association; no significance claim
long,test,clock_alignment,Mars/Saturn,clock coincidence,25,5,0.2,0.16606170598911071,1.2043715846994536,Descriptive retrospective association; no significance claim
long,test,ingress,Jupiter,,5,2,0.4,0.16606170598911071,2.408743169398907,Descriptive retrospective association; no significance claim
long,test,24_band,Jupiter,,15,4,0.26666666666666666,0.16606170598911071,1.6058287795992714,Descriptive retrospective association; no significance claim
long,test,simultaneous_24,Jupiter/Moon,,25,7,0.28,0.16606170598911071,1.686120218579235,Descriptive retrospective association; no significance claim
long,test,simultaneous_24,Jupiter/Mercury,,4,2,0.5,0.16606170598911071,3.010928961748634,Descriptive retrospective association; no significance claim
long,test,aspect,Venus/Jupiter,semisextile,6,0,0.0,0.16606170598911071,0.0,Descriptive retrospective association; no significance claim
long,test,aspect,Mercury/Neptune,trine,6,1,0.16666666666666666,0.16606170598911071,1.0036429872495445,Descriptive retrospective association; no significance claim
long,test,station,Uranus,,6,1,0.16666666666666666,0.16606170598911071,1.0036429872495445,Descriptive retrospective association; no significance claim
long,test,aspect,Mercury/Pluto,opposition,3,0,0.0,0.16606170598911071,0.0,Descriptive retrospective association; no significance claim
long,test,simultaneous_24,Sun/Venus,,2,0,0.0,0.16606170598911071,0.0,Descriptive retrospective association; no significance claim
long,test,aspect,Venus/Neptune,trine,6,1,0.16666666666666666,0.16606170598911071,1.0036429872495445,Descriptive retrospective association; no significance claim
long,test,aspect,Sun/Jupiter,conjunction,3,0,0.0,0.16606170598911071,0.0,Descriptive retrospective association; no significance claim
long,test,aspect,Mercury/Uranus,square,8,3,0.375,0.16606170598911071,2.2581967213114753,Descriptive retrospective association; no significance claim
long,test,ingress,Mars,,20,3,0.15,0.16606170598911071,0.9032786885245901,Descriptive retrospective association; no significance claim
long,test,aspect,Venus/Pluto,opposition,3,0,0.0,0.16606170598911071,0.0,Descriptive retrospective association; no significance claim
long,test,aspect,Sun/Neptune,quincunx,6,1,0.16666666666666666,0.16606170598911071,1.0036429872495445,Descriptive retrospective association; no significance claim
long,test,aspect,Venus/Uranus,square,9,1,0.1111111111111111,0.16606170598911071,0.6690953248330297,Descriptive retrospective association; no significance claim
long,test,aspect,Mercury/Jupiter,conjunction,3,0,0.0,0.16606170598911071,0.0,Descriptive retrospective association; no significance claim
long,test,aspect,Mercury/Mars,square,3,1,0.3333333333333333,0.16606170598911071,2.007285974499089,Descriptive retrospective association; no significance claim
long,test,aspect,Mercury/Neptune,quincunx,8,3,0.375,0.16606170598911071,2.2581967213114753,Descriptive retrospective association; no significance claim
long,test,aspect,Mars/Neptune,trine,3,0,0.0,0.16606170598911071,0.0,Descriptive retrospective association; no significance claim
long,test,aspect,Mercury/Uranus,trine,7,2,0.2857142857142857,0.16606170598911071,1.7205308352849336,Descriptive retrospective association; no significance claim
long,test,aspect,Sun/Uranus,trine,6,1,0.16666666666666666,0.16606170598911071,1.0036429872495445,Descriptive retrospective association; no significance claim
long,test,aspect,Mars/Pluto,sextile,3,0,0.0,0.16606170598911071,0.0,Descriptive retrospective association; no significance claim
long,test,aspect,Venus/Neptune,quincunx,8,1,0.125,0.16606170598911071,0.7527322404371585,Descriptive retrospective association; no significance claim
long,test,aspect,Venus/Jupiter,conjunction,3,0,0.0,0.16606170598911071,0.0,Descriptive retrospective association; no significance claim
long,test,aspect,Mercury/Neptune,opposition,3,1,0.3333333333333333,0.16606170598911071,2.007285974499089,Descriptive retrospective association; no significance claim
long,test,aspect,Mars/Uranus,quincunx,2,0,0.0,0.16606170598911071,0.0,Descriptive retrospective association; no significance claim
long,test,aspect,Mercury/Uranus,quincunx,6,2,0.3333333333333333,0.16606170598911071,2.007285974499089,Descriptive retrospective association; no significance claim
long,test,aspect,Mercury/Mars,sextile,9,2,0.2222222222222222,0.16606170598911071,1.3381906496660594,Descriptive retrospective association; no significance claim
long,test,aspect,Venus/Uranus,trine,7,1,0.14285714285714285,0.16606170598911071,0.8602654176424668,Descriptive retrospective association; no significance claim
long,test,aspect,Mars/Saturn,conjunction,2,1,0.5,0.16606170598911071,3.010928961748634,Descriptive retrospective association; no significance claim
long,test,aspect,Sun/Neptune,opposition,3,1,0.3333333333333333,0.16606170598911071,2.007285974499089,Descriptive retrospective association; no significance claim
long,test,aspect,Sun/Uranus,quincunx,6,1,0.16666666666666666,0.16606170598911071,1.0036429872495445,Descriptive retrospective association; no significance claim
long,test,aspect,Venus/Neptune,opposition,3,1,0.3333333333333333,0.16606170598911071,2.007285974499089,Descriptive retrospective association; no significance claim
long,test,simultaneous_24,Mercury/Sun,,4,0,0.0,0.16606170598911071,0.0,Descriptive retrospective association; no significance claim
long,test,aspect,Mercury/Uranus,opposition,3,1,0.3333333333333333,0.16606170598911071,2.007285974499089,Descriptive retrospective association; no significance claim
long,test,aspect,Mercury/Saturn,semisextile,9,1,0.1111111111111111,0.16606170598911071,0.6690953248330297,Descriptive retrospective association; no significance claim
long,test,aspect,Venus/Uranus,quincunx,6,2,0.3333333333333333,0.16606170598911071,2.007285974499089,Descriptive retrospective association; no significance claim
long,test,aspect,Mars/Neptune,square,6,2,0.3333333333333333,0.16606170598911071,2.007285974499089,Descriptive retrospective association; no significance claim
long,test,aspect,Mars/Pluto,semisextile,4,1,0.25,0.16606170598911071,1.505464480874317,Descriptive retrospective association; no significance claim
long,test,aspect,Mars/Uranus,trine,3,0,0.0,0.16606170598911071,0.0,Descriptive retrospective association; no significance claim
long,test,aspect,Sun/Uranus,opposition,3,1,0.3333333333333333,0.16606170598911071,2.007285974499089,Descriptive retrospective association; no significance claim
long,test,aspect,Mars/Jupiter,trine,2,0,0.0,0.16606170598911071,0.0,Descriptive retrospective association; no significance claim
long,test,aspect,Venus/Uranus,opposition,3,1,0.3333333333333333,0.16606170598911071,2.007285974499089,Descriptive retrospective association; no significance claim
long,test,aspect,Sun/Mars,sextile,3,0,0.0,0.16606170598911071,0.0,Descriptive retrospective association; no significance claim
long,test,aspect,Sun/Saturn,semisextile,6,1,0.16666666666666666,0.16606170598911071,1.0036429872495445,Descriptive retrospective association; no significance claim
long,test,aspect,Venus/Saturn,semisextile,8,1,0.125,0.16606170598911071,0.7527322404371585,Descriptive retrospective association; no significance claim
long,test,aspect,Venus/Mars,sextile,3,0,0.0,0.16606170598911071,0.0,Descriptive retrospective association; no significance claim
long,test,aspect,Mars/Neptune,sextile,4,0,0.0,0.16606170598911071,0.0,Descriptive retrospective association; no significance claim
long,test,aspect,Mars/Pluto,conjunction,2,1,0.5,0.16606170598911071,3.010928961748634,Descriptive retrospective association; no significance claim
long,test,aspect,Venus/Saturn,conjunction,3,1,0.3333333333333333,0.16606170598911071,2.007285974499089,Descriptive retrospective association; no significance claim
long,test,aspect,Mars/Uranus,square,3,1,0.3333333333333333,0.16606170598911071,2.007285974499089,Descriptive retrospective association; no significance claim
long,test,aspect,Sun/Saturn,conjunction,3,1,0.3333333333333333,0.16606170598911071,2.007285974499089,Descriptive retrospective association; no significance claim
long,test,aspect,Mars/Jupiter,quincunx,2,0,0.0,0.16606170598911071,0.0,Descriptive retrospective association; no significance claim
long,test,aspect,Mercury/Saturn,conjunction,3,1,0.3333333333333333,0.16606170598911071,2.007285974499089,Descriptive retrospective association; no significance claim
long,test,aspect,Mars/Saturn,sextile,3,0,0.0,0.16606170598911071,0.0,Descriptive retrospective association; no significance claim
long,test,aspect,Mars/Neptune,semisextile,4,1,0.25,0.16606170598911071,1.505464480874317,Descriptive retrospective association; no significance claim
long,test,aspect,Venus/Mars,semisextile,6,0,0.0,0.16606170598911071,0.0,Descriptive retrospective association; no significance claim
long,test,aspect,Venus/Pluto,conjunction,4,1,0.25,0.16606170598911071,1.505464480874317,Descriptive retrospective association; no significance claim
long,test,aspect,Mars/Uranus,sextile,4,0,0.0,0.16606170598911071,0.0,Descriptive retrospective association; no significance claim
long,test,ingress,Saturn,,1,0,0.0,0.16606170598911071,0.0,Descriptive retrospective association; no significance claim
long,test,24_band,Saturn,,8,0,0.0,0.16606170598911071,0.0,Descriptive retrospective association; no significance claim
long,test,simultaneous_24,Moon/Saturn,,29,0,0.0,0.16606170598911071,0.0,Descriptive retrospective association; no significance claim
long,test,simultaneous_24,Saturn/Venus,,5,0,0.0,0.16606170598911071,0.0,Descriptive retrospective association; no significance claim
long,test,aspect,Mercury/Pluto,conjunction,4,0,0.0,0.16606170598911071,0.0,Descriptive retrospective association; no significance claim
long,test,simultaneous_24,Mercury/Saturn,,3,0,0.0,0.16606170598911071,0.0,Descriptive retrospective association; no significance claim
long,test,aspect,Mercury/Mars,semisextile,8,1,0.125,0.16606170598911071,0.7527322404371585,Descriptive retrospective association; no significance claim
long,test,aspect,Mars/Jupiter,opposition,1,0,0.0,0.16606170598911071,0.0,Descriptive retrospective association; no significance claim
long,test,simultaneous_24,Mercury/Venus,,3,1,0.3333333333333333,0.16606170598911071,2.007285974499089,Descriptive retrospective association; no significance claim
long,test,aspect,Mars/Saturn,square,3,1,0.3333333333333333,0.16606170598911071,2.007285974499089,Descriptive retrospective association; no significance claim
long,test,aspect,Venus/Jupiter,opposition,3,0,0.0,0.16606170598911071,0.0,Descriptive retrospective association; no significance claim
long,test,aspect,Mars/Neptune,conjunction,2,0,0.0,0.16606170598911071,0.0,Descriptive retrospective association; no significance claim
long,test,aspect,Mars/Uranus,semisextile,6,2,0.3333333333333333,0.16606170598911071,2.007285974499089,Descriptive retrospective association; no significance claim
long,test,aspect,Sun/Mars,semisextile,3,1,0.3333333333333333,0.16606170598911071,2.007285974499089,Descriptive retrospective association; no significance claim
long,test,simultaneous_24,Mars/Moon/Venus,,1,0,0.0,0.16606170598911071,0.0,Descriptive retrospective association; no significance claim
long,test,aspect,Venus/Mars,conjunction,3,1,0.3333333333333333,0.16606170598911071,2.007285974499089,Descriptive retrospective association; no significance claim
long,test,aspect,Mars/Saturn,trine,5,2,0.4,0.16606170598911071,2.408743169398907,Descriptive retrospective association; no significance claim
long,test,aspect,Mars/Uranus,conjunction,2,0,0.0,0.16606170598911071,0.0,Descriptive retrospective association; no significance claim
long,test,aspect,Mars/Saturn,quincunx,2,0,0.0,0.16606170598911071,0.0,Descriptive retrospective association; no significance claim
long,test,aspect,Mars/Pluto,trine,3,0,0.0,0.16606170598911071,0.0,Descriptive retrospective association; no significance claim
long,test,aspect,Mercury/Mars,conjunction,3,0,0.0,0.16606170598911071,0.0,Descriptive retrospective association; no significance claim
long,test,aspect,Mars/Saturn,opposition,1,0,0.0,0.16606170598911071,0.0,Descriptive retrospective association; no significance claim
long,test,aspect,Mars/Pluto,quincunx,3,1,0.3333333333333333,0.16606170598911071,2.007285974499089,Descriptive retrospective association; no significance claim
long,test,simultaneous_24,Saturn/Sun,,3,0,0.0,0.16606170598911071,0.0,Descriptive retrospective association; no significance claim
long,test,simultaneous_24,Moon/Saturn/Sun,,1,0,0.0,0.16606170598911071,0.0,Descriptive retrospective association; no significance claim
long,test,aspect,Mars/Jupiter,sextile,3,0,0.0,0.16606170598911071,0.0,Descriptive retrospective association; no significance claim
long,test,aspect,Sun/Mars,conjunction,1,0,0.0,0.16606170598911071,0.0,Descriptive retrospective association; no significance claim
long,test,aspect,Mars/Pluto,opposition,3,0,0.0,0.16606170598911071,0.0,Descriptive retrospective association; no significance claim
long,test,aspect,Jupiter/Saturn,square,2,1,0.5,0.16606170598911071,3.010928961748634,Descriptive retrospective association; no significance claim
long,test,aspect,Mars/Jupiter,semisextile,4,0,0.0,0.16606170598911071,0.0,Descriptive retrospective association; no significance claim
long,test,aspect,Mars/Neptune,quincunx,2,0,0.0,0.16606170598911071,0.0,Descriptive retrospective association; no significance claim
long,test,aspect,Mars/Neptune,opposition,1,0,0.0,0.16606170598911071,0.0,Descriptive retrospective association; no significance claim
long,test,aspect,Jupiter/Pluto,trine,1,0,0.0,0.16606170598911071,0.0,Descriptive retrospective association; no significance claim
long,test,aspect,Mars/Jupiter,conjunction,2,1,0.5,0.16606170598911071,3.010928961748634,Descriptive retrospective association; no significance claim
long,test,simultaneous_24,Jupiter/Mars,,3,0,0.0,0.16606170598911071,0.0,Descriptive retrospective association; no significance claim
long,test,simultaneous_24,Jupiter/Mars/Moon,,2,0,0.0,0.16606170598911071,0.0,Descriptive retrospective association; no significance claim
long,test,24_band,Uranus,,4,0,0.0,0.16606170598911071,0.0,Descriptive retrospective association; no significance claim
long,test,simultaneous_24,Moon/Uranus,,55,0,0.0,0.16606170598911071,0.0,Descriptive retrospective association; no significance claim
long,test,simultaneous_24,Sun/Uranus,,7,0,0.0,0.16606170598911071,0.0,Descriptive retrospective association; no significance claim
long,test,simultaneous_24,Moon/Sun/Uranus,,2,0,0.0,0.16606170598911071,0.0,Descriptive retrospective association; no significance claim
long,test,simultaneous_24,Mercury/Uranus,,4,0,0.0,0.16606170598911071,0.0,Descriptive retrospective association; no significance claim
long,test,simultaneous_24,Jupiter/Moon/Uranus,,1,0,0.0,0.16606170598911071,0.0,Descriptive retrospective association; no significance claim
long,test,simultaneous_24,Jupiter/Uranus,,2,0,0.0,0.16606170598911071,0.0,Descriptive retrospective association; no significance claim
long,test,simultaneous_24,Uranus/Venus,,4,0,0.0,0.16606170598911071,0.0,Descriptive retrospective association; no significance claim
long,test,simultaneous_24,Mars/Uranus,,3,0,0.0,0.16606170598911071,0.0,Descriptive retrospective association; no significance claim
long,test,simultaneous_24,Mars/Moon/Uranus,,1,0,0.0,0.16606170598911071,0.0,Descriptive retrospective association; no significance claim
long,test,simultaneous_24,Mercury/Moon/Uranus,,2,0,0.0,0.16606170598911071,0.0,Descriptive retrospective association; no significance claim
long,test,simultaneous_24,Jupiter/Venus,,4,2,0.5,0.16606170598911071,3.010928961748634,Descriptive retrospective association; no significance claim
long,test,simultaneous_24,Jupiter/Moon/Venus,,3,1,0.3333333333333333,0.16606170598911071,2.007285974499089,Descriptive retrospective association; no significance claim
long,test,aspect,Saturn/Pluto,semisextile,1,0,0.0,0.16606170598911071,0.0,Descriptive retrospective association; no significance claim
long,test,aspect,Jupiter/Pluto,square,1,0,0.0,0.16606170598911071,0.0,Descriptive retrospective association; no significance claim
long,test,aspect,Jupiter/Saturn,sextile,1,0,0.0,0.16606170598911071,0.0,Descriptive retrospective association; no significance claim
long,test,simultaneous_24,Mars/Saturn,,3,0,0.0,0.16606170598911071,0.0,Descriptive retrospective association; no significance claim
long,test,simultaneous_24,Mars/Moon/Saturn,,2,0,0.0,0.16606170598911071,0.0,Descriptive retrospective association; no significance claim
long,test,simultaneous_24,Mars/Sun,,3,1,0.3333333333333333,0.16606170598911071,2.007285974499089,Descriptive retrospective association; no significance claim
long,test,simultaneous_24,Mars/Mercury,,1,0,0.0,0.16606170598911071,0.0,Descriptive retrospective association; no significance claim
long,test,simultaneous_24,Sun/Uranus/Venus,,1,0,0.0,0.16606170598911071,0.0,Descriptive retrospective association; no significance claim
long,test,aspect,Jupiter/Pluto,sextile,1,0,0.0,0.16606170598911071,0.0,Descriptive retrospective association; no significance claim
long,test,simultaneous_24,Mercury/Moon/Sun,,1,0,0.0,0.16606170598911071,0.0,Descriptive retrospective association; no significance claim
long,test,aspect,Jupiter/Saturn,semisextile,1,0,0.0,0.16606170598911071,0.0,Descriptive retrospective association; no significance claim
long,test,simultaneous_24,Moon/Saturn/Venus,,3,0,0.0,0.16606170598911071,0.0,Descriptive retrospective association; no significance claim
long,test,simultaneous_24,Jupiter/Sun,,1,0,0.0,0.16606170598911071,0.0,Descriptive retrospective association; no significance claim
long,test,simultaneous_24,Jupiter/Moon/Sun,,1,0,0.0,0.16606170598911071,0.0,Descriptive retrospective association; no significance claim
long,test,aspect,Jupiter/Neptune,sextile,1,0,0.0,0.16606170598911071,0.0,Descriptive retrospective association; no significance claim
long,test,simultaneous_24,Jupiter/Mars/Mercury,,1,0,0.0,0.16606170598911071,0.0,Descriptive retrospective association; no significance claim
long,test,simultaneous_24,Jupiter/Mars/Mercury/Moon,,1,0,0.0,0.16606170598911071,0.0,Descriptive retrospective association; no significance claim
long,test,simultaneous_24,Moon/Sun/Venus,,1,0,0.0,0.16606170598911071,0.0,Descriptive retrospective association; no significance claim
long,test,aspect,Jupiter/Neptune,semisextile,1,0,0.0,0.16606170598911071,0.0,Descriptive retrospective association; no significance claim
long,test,simultaneous_24,Saturn/Sun/Venus,,1,0,0.0,0.16606170598911071,0.0,Descriptive retrospective association; no significance claim
long,test,aspect,Jupiter/Uranus,sextile,1,0,0.0,0.16606170598911071,0.0,Descriptive retrospective association; no significance claim
long,test,aspect,Jupiter/Neptune,conjunction,1,0,0.0,0.16606170598911071,0.0,Descriptive retrospective association; no significance claim
long,test,aspect,Saturn/Neptune,semisextile,3,0,0.0,0.16606170598911071,0.0,Descriptive retrospective association; no significance claim
long,test,simultaneous_24,Mars/Mercury/Uranus,,2,0,0.0,0.16606170598911071,0.0,Descriptive retrospective association; no significance claim
long,test,simultaneous_24,Mars/Mercury/Moon/Uranus,,1,0,0.0,0.16606170598911071,0.0,Descriptive retrospective association; no significance claim
long,test,simultaneous_24,Mars/Sun/Uranus,,1,0,0.0,0.16606170598911071,0.0,Descriptive retrospective association; no significance claim
long,test,aspect,Jupiter/Uranus,semisextile,1,0,0.0,0.16606170598911071,0.0,Descriptive retrospective association; no significance claim
long,test,ingress,Pluto,,5,1,0.2,0.16606170598911071,1.2043715846994536,Descriptive retrospective association; no significance claim
long,test,simultaneous_24,Saturn/Uranus,,2,0,0.0,0.16606170598911071,0.0,Descriptive retrospective association; no significance claim
long,test,simultaneous_24,Moon/Saturn/Uranus,,1,0,0.0,0.16606170598911071,0.0,Descriptive retrospective association; no significance claim
long,test,simultaneous_24,Mars/Mercury/Saturn,,1,0,0.0,0.16606170598911071,0.0,Descriptive retrospective association; no significance claim
long,test,aspect,Jupiter/Uranus,conjunction,1,0,0.0,0.16606170598911071,0.0,Descriptive retrospective association; no significance claim
