timestamp,bar_end,open,high,low,close,volume,market_cap,source_start,source_end,flat_ohlc,zero_volume
2010-07-17T00:00:00Z,2010-07-18T00:00:00Z,0.050000000000000003,0.050000000000000003,0.050000000000000003,0.050000000000000003,0,170803.15248842601,2010-07-17,2010-07-18,True,True
2010-07-18T00:00:00Z,2010-07-19T00:00:00Z,0.085800000000000001,0.085800000000000001,0.085800000000000001,0.085800000000000001,0,294746.59499999898,2010-07-18,2010-07-19,True,True
2010-07-19T00:00:00Z,2010-07-20T00:00:00Z,0.080799999999999997,0.080799999999999997,0.080799999999999997,0.080799999999999997,0,277570.21999999898,2010-07-19,2010-07-20,True,True
2010-07-20T00:00:00Z,2010-07-21T00:00:00Z,0.074700000000000003,0.074700000000000003,0.074700000000000003,0.074700000000000003,0,256710.17854817599,2010-07-20,2010-07-21,True,True
2010-07-21T00:00:00Z,2010-07-22T00:00:00Z,0.079200000000000007,0.079200000000000007,0.079200000000000007,0.079200000000000007,0,274308.375,2010-07-21,2010-07-22,True,True
2010-07-22T00:00:00Z,2010-07-23T00:00:00Z,0.050500000000000003,0.050500000000000003,0.050500000000000003,0.050500000000000003,0,174906.22395833401,2010-07-22,2010-07-23,True,True
2010-07-23T00:00:00Z,2010-07-24T00:00:00Z,0.062600000000000003,0.062600000000000003,0.062600000000000003,0.062600000000000003,0,216988.72624421201,2010-07-23,2010-07-24,True,True
2010-07-24T00:00:00Z,2010-07-25T00:00:00Z,0.0545,0.0545,0.0545,0.0545,0,190320.8125,2010-07-24,2010-07-25,True,True
2010-07-25T00:00:00Z,2010-07-26T00:00:00Z,0.050500000000000003,0.050500000000000003,0.050500000000000003,0.050500000000000003,0,176352.3125,2010-07-25,2010-07-26,True,True
2010-07-26T00:00:00Z,2010-07-27T00:00:00Z,0.056000000000000001,0.056000000000000001,0.056000000000000001,0.056000000000000001,0,196311.344444446,2010-07-26,2010-07-27,True,True
2010-07-27T00:00:00Z,2010-07-28T00:00:00Z,0.059999999999999998,0.059999999999999998,0.059999999999999998,0.059999999999999998,0,211234.5,2010-07-27,2010-07-28,True,True
2010-07-28T00:00:00Z,2010-07-29T00:00:00Z,0.058900000000000001,0.058900000000000001,0.058900000000000001,0.058900000000000001,0,207361.86749999999,2010-07-28,2010-07-29,True,True
2010-07-29T00:00:00Z,2010-07-30T00:00:00Z,0.069900000000000004,0.069900000000000004,0.069900000000000004,0.069900000000000004,0,246611.53234375099,2010-07-29,2010-07-30,True,True
2010-07-30T00:00:00Z,2010-07-31T00:00:00Z,0.062700000000000006,0.062700000000000006,0.062700000000000006,0.062700000000000006,0,222542.67750000101,2010-07-30,2010-07-31,True,True
2010-07-31T00:00:00Z,2010-08-01T00:00:00Z,0.067900000000000002,0.067900000000000002,0.067900000000000002,0.067900000000000002,0,240999.16749999899,2010-07-31,2010-08-01,True,True
2010-08-01T00:00:00Z,2010-08-02T00:00:00Z,0.061100000000000002,0.061100000000000002,0.061100000000000002,0.061100000000000002,0,217540.94916666599,2010-08-01,2010-08-02,True,True
2010-08-02T00:00:00Z,2010-08-03T00:00:00Z,0.059999999999999998,0.059999999999999998,0.059999999999999998,0.059999999999999998,0,214639.5,2010-08-02,2010-08-03,True,True
2010-08-03T00:00:00Z,2010-08-04T00:00:00Z,0.059999999999999998,0.059999999999999998,0.059999999999999998,0.059999999999999998,0,214697.83333333299,2010-08-03,2010-08-04,True,True
2010-08-04T00:00:00Z,2010-08-05T00:00:00Z,0.057000000000000002,0.057000000000000002,0.057000000000000002,0.057000000000000002,0,205503.524999999,2010-08-04,2010-08-05,True,True
2010-08-05T00:00:00Z,2010-08-06T00:00:00Z,0.060999999999999999,0.060999999999999999,0.060999999999999999,0.060999999999999999,0,219924.825000001,2010-08-05,2010-08-06,True,True
2010-08-06T00:00:00Z,2010-08-07T00:00:00Z,0.062300000000000001,0.062300000000000001,0.062300000000000001,0.062300000000000001,0,225378.27274739501,2010-08-06,2010-08-07,True,True
2010-08-07T00:00:00Z,2010-08-08T00:00:00Z,0.058999999999999997,0.058999999999999997,0.058999999999999997,0.058999999999999997,0,214373.42708333401,2010-08-07,2010-08-08,True,True
2010-08-08T00:00:00Z,2010-08-09T00:00:00Z,0.060900000000000003,0.060900000000000003,0.060900000000000003,0.060900000000000003,0,221276.978124999,2010-08-08,2010-08-09,True,True
2010-08-09T00:00:00Z,2010-08-10T00:00:00Z,0.070999999999999994,0.070999999999999994,0.070999999999999994,0.070999999999999994,0,258286.28222656401,2010-08-09,2010-08-10,True,True
2010-08-10T00:00:00Z,2010-08-11T00:00:00Z,0.070000000000000007,0.070000000000000007,0.070000000000000007,0.070000000000000007,0,256306.75,2010-08-10,2010-08-11,True,True
2010-08-11T00:00:00Z,2010-08-12T00:00:00Z,0.067000000000000004,0.067000000000000004,0.067000000000000004,0.067000000000000004,0,245322.174999999,2010-08-11,2010-08-12,True,True
2010-08-12T00:00:00Z,2010-08-13T00:00:00Z,0.070000000000000007,0.070000000000000007,0.070000000000000007,0.070000000000000007,0,257333.05208333299,2010-08-12,2010-08-13,True,True
2010-08-13T00:00:00Z,2010-08-14T00:00:00Z,0.064500000000000002,0.064500000000000002,0.064500000000000002,0.064500000000000002,0,237984.037500001,2010-08-13,2010-08-14,True,True
2010-08-14T00:00:00Z,2010-08-15T00:00:00Z,0.067000000000000004,0.067000000000000004,0.067000000000000004,0.067000000000000004,0,247480.790538195,2010-08-14,2010-08-15,True,True
2010-08-15T00:00:00Z,2010-08-16T00:00:00Z,0.065299999999999997,0.065299999999999997,0.065299999999999997,0.065299999999999997,0,242757.37541666601,2010-08-15,2010-08-16,True,True
2010-08-16T00:00:00Z,2010-08-17T00:00:00Z,0.065500000000000003,0.065500000000000003,0.065500000000000003,0.065500000000000003,0,243500.88958333401,2010-08-16,2010-08-17,True,True
2010-08-17T00:00:00Z,2010-08-18T00:00:00Z,0.070000000000000007,0.070000000000000007,0.070000000000000007,0.070000000000000007,0,260229.95833333401,2010-08-17,2010-08-18,True,True
2010-08-18T00:00:00Z,2010-08-19T00:00:00Z,0.068000000000000005,0.068000000000000005,0.068000000000000005,0.068000000000000005,0,254435.34913194299,2010-08-18,2010-08-19,True,True
2010-08-19T00:00:00Z,2010-08-20T00:00:00Z,0.066699999999999995,0.066699999999999995,0.066699999999999995,0.066699999999999995,0,249823.18249999901,2010-08-19,2010-08-20,True,True
2010-08-20T00:00:00Z,2010-08-21T00:00:00Z,0.065500000000000003,0.065500000000000003,0.065500000000000003,0.065500000000000003,0,245328.612499999,2010-08-20,2010-08-21,True,True
2010-08-21T00:00:00Z,2010-08-22T00:00:00Z,0.066400000000000001,0.066400000000000001,0.066400000000000001,0.066400000000000001,0,249272.03249999901,2010-08-21,2010-08-22,True,True
2010-08-22T00:00:00Z,2010-08-23T00:00:00Z,0.066000000000000003,0.066000000000000003,0.066000000000000003,0.066000000000000003,0,249042.75,2010-08-22,2010-08-23,True,True
2010-08-23T00:00:00Z,2010-08-24T00:00:00Z,0.064899999999999999,0.064899999999999999,0.064899999999999999,0.064899999999999999,0,244892.037500001,2010-08-23,2010-08-24,True,True
2010-08-24T00:00:00Z,2010-08-25T00:00:00Z,0.065000000000000002,0.065000000000000002,0.065000000000000002,0.065000000000000002,0,246323.45833333299,2010-08-24,2010-08-25,True,True
2010-08-25T00:00:00Z,2010-08-26T00:00:00Z,0.064799999999999996,0.064799999999999996,0.064799999999999996,0.064799999999999996,0,246316.14000000001,2010-08-25,2010-08-26,True,True
2010-08-26T00:00:00Z,2010-08-27T00:00:00Z,0.064000000000000001,0.064000000000000001,0.064000000000000001,0.064000000000000001,0,243275.200000001,2010-08-26,2010-08-27,True,True
2010-08-27T00:00:00Z,2010-08-28T00:00:00Z,0.065000000000000002,0.065000000000000002,0.065000000000000002,0.065000000000000002,0,248840.54947916701,2010-08-27,2010-08-28,True,True
2010-08-28T00:00:00Z,2010-08-29T00:00:00Z,0.064100000000000004,0.064100000000000004,0.064100000000000004,0.064100000000000004,0,245451.18583333501,2010-08-28,2010-08-29,True,True
2010-08-29T00:00:00Z,2010-08-30T00:00:00Z,0.064000000000000001,0.064000000000000001,0.064000000000000001,0.064000000000000001,0,245068.26666666599,2010-08-29,2010-08-30,True,True
2010-08-30T00:00:00Z,2010-08-31T00:00:00Z,0.065000000000000002,0.065000000000000002,0.065000000000000002,0.065000000000000002,0,249995.40162036999,2010-08-30,2010-08-31,True,True
2010-08-31T00:00:00Z,2010-09-01T00:00:00Z,0.059999999999999998,0.059999999999999998,0.059999999999999998,0.059999999999999998,0,231448.5,2010-08-31,2010-09-01,True,True
2010-09-01T00:00:00Z,2010-09-02T00:00:00Z,0.062899999999999998,0.062899999999999998,0.062899999999999998,0.062899999999999998,0,242635.17749999999,2010-09-01,2010-09-02,True,True
2010-09-02T00:00:00Z,2010-09-03T00:00:00Z,0.063399999999999998,0.063399999999999998,0.063399999999999998,0.063399999999999998,0,244964.21005208301,2010-09-02,2010-09-03,True,True
2010-09-03T00:00:00Z,2010-09-04T00:00:00Z,0.060900000000000003,0.060900000000000003,0.060900000000000003,0.060900000000000003,0,236623.90500000099,2010-09-03,2010-09-04,True,True
2010-09-04T00:00:00Z,2010-09-05T00:00:00Z,0.062399999999999997,0.062399999999999997,0.062399999999999997,0.062399999999999997,0,242452.079999999,2010-09-04,2010-09-05,True,True
2010-09-05T00:00:00Z,2010-09-06T00:00:00Z,0.061600000000000002,0.061600000000000002,0.061600000000000002,0.061600000000000002,0,239343.71999999901,2010-09-05,2010-09-06,True,True
2010-09-06T00:00:00Z,2010-09-07T00:00:00Z,0.061600000000000002,0.061600000000000002,0.061600000000000002,0.061600000000000002,0,240878.74173611001,2010-09-06,2010-09-07,True,True
2010-09-07T00:00:00Z,2010-09-08T00:00:00Z,0.060999999999999999,0.060999999999999999,0.060999999999999999,0.060999999999999999,0,238715.875,2010-09-07,2010-09-08,True,True
2010-09-08T00:00:00Z,2010-09-09T00:00:00Z,0.062,0.062,0.062,0.062,0,242629.25,2010-09-08,2010-09-09,True,True
2010-09-09T00:00:00Z,2010-09-10T00:00:00Z,0.061100000000000002,0.061100000000000002,0.061100000000000002,0.061100000000000002,0,239550.717881944,2010-09-09,2010-09-10,True,True
2010-09-10T00:00:00Z,2010-09-11T00:00:00Z,0.061800000000000001,0.061800000000000001,0.061800000000000001,0.061800000000000001,0,243592.424999999,2010-09-10,2010-09-11,True,True
2010-09-11T00:00:00Z,2010-09-12T00:00:00Z,0.063700000000000007,0.063700000000000007,0.063700000000000007,0.063700000000000007,0,251081.512500001,2010-09-11,2010-09-12,True,True
2010-09-12T00:00:00Z,2010-09-13T00:00:00Z,0.061499999999999999,0.061499999999999999,0.061499999999999999,0.061499999999999999,0,242409.9375,2010-09-12,2010-09-13,True,True
2010-09-13T00:00:00Z,2010-09-14T00:00:00Z,0.062199999999999998,0.062199999999999998,0.062199999999999998,0.062199999999999998,0,246817.01864583199,2010-09-13,2010-09-14,True,True
2010-09-14T00:00:00Z,2010-09-15T00:00:00Z,0.062,0.062,0.062,0.062,0,246113.649999999,2010-09-14,2010-09-15,True,True
2010-09-15T00:00:00Z,2010-09-16T00:00:00Z,0.060400000000000002,0.060400000000000002,0.060400000000000002,0.060400000000000002,0,239762.329999999,2010-09-15,2010-09-16,True,True
2010-09-16T00:00:00Z,2010-09-17T00:00:00Z,0.061899999999999997,0.061899999999999997,0.061899999999999997,0.061899999999999997,0,247228.385069446,2010-09-16,2010-09-17,True,True
2010-09-17T00:00:00Z,2010-09-18T00:00:00Z,0.058999999999999997,0.058999999999999997,0.058999999999999997,0.058999999999999997,0,235845.125,2010-09-17,2010-09-18,True,True
2010-09-18T00:00:00Z,2010-09-19T00:00:00Z,0.060999999999999999,0.060999999999999999,0.060999999999999999,0.060999999999999999,0,244356.75468749899,2010-09-18,2010-09-19,True,True
2010-09-19T00:00:00Z,2010-09-20T00:00:00Z,0.062700000000000006,0.062700000000000006,0.062700000000000006,0.062700000000000006,0,252394.14749999999,2010-09-19,2010-09-20,True,True
2010-09-20T00:00:00Z,2010-09-21T00:00:00Z,0.062100000000000002,0.062100000000000002,0.062100000000000002,0.062100000000000002,0,249978.892499999,2010-09-20,2010-09-21,True,True
2010-09-21T00:00:00Z,2010-09-22T00:00:00Z,0.062700000000000006,0.062700000000000006,0.062700000000000006,0.062700000000000006,0,253513.77791666501,2010-09-21,2010-09-22,True,True
2010-09-22T00:00:00Z,2010-09-23T00:00:00Z,0.062199999999999998,0.062199999999999998,0.062199999999999998,0.062199999999999998,0,252119.924999999,2010-09-22,2010-09-23,True,True
2010-09-23T00:00:00Z,2010-09-24T00:00:00Z,0.062300000000000001,0.062300000000000001,0.062300000000000001,0.062300000000000001,0,252525.262500001,2010-09-23,2010-09-24,True,True
2010-09-24T00:00:00Z,2010-09-25T00:00:00Z,0.062199999999999998,0.062199999999999998,0.062199999999999998,0.062199999999999998,0,253413.112673611,2010-09-24,2010-09-25,True,True
2010-09-25T00:00:00Z,2010-09-26T00:00:00Z,0.062,0.062,0.062,0.062,0,253035.950000001,2010-09-25,2010-09-26,True,True
2010-09-26T00:00:00Z,2010-09-27T00:00:00Z,0.062,0.062,0.062,0.062,0,253257.650231482,2010-09-26,2010-09-27,True,True
2010-09-27T00:00:00Z,2010-09-28T00:00:00Z,0.062199999999999998,0.062199999999999998,0.062199999999999998,0.062199999999999998,0,255583.42833333401,2010-09-27,2010-09-28,True,True
2010-09-28T00:00:00Z,2010-09-29T00:00:00Z,0.061899999999999997,0.061899999999999997,0.061899999999999997,0.061899999999999997,0,254350.710833333,2010-09-28,2010-09-29,True,True
2010-09-29T00:00:00Z,2010-09-30T00:00:00Z,0.061899999999999997,0.061899999999999997,0.061899999999999997,0.061899999999999997,0,255233.19778356599,2010-09-29,2010-09-30,True,True
2010-09-30T00:00:00Z,2010-10-01T00:00:00Z,0.061899999999999997,0.061899999999999997,0.061899999999999997,0.061899999999999997,0,256103.512500001,2010-09-30,2010-10-01,True,True
2010-10-01T00:00:00Z,2010-10-02T00:00:00Z,0.062,0.062,0.062,0.062,0,256517.25,2010-10-01,2010-10-02,True,True
2010-10-02T00:00:00Z,2010-10-03T00:00:00Z,0.061400000000000003,0.061400000000000003,0.061400000000000003,0.061400000000000003,0,254034.825000001,2010-10-02,2010-10-03,True,True
2010-10-03T00:00:00Z,2010-10-04T00:00:00Z,0.061100000000000002,0.061100000000000002,0.061100000000000002,0.061100000000000002,0,253473.08480902901,2010-10-03,2010-10-04,True,True
2010-10-04T00:00:00Z,2010-10-05T00:00:00Z,0.0613,0.0613,0.0613,0.0613,0,255328.29249999899,2010-10-04,2010-10-05,True,True
2010-10-05T00:00:00Z,2010-10-06T00:00:00Z,0.061400000000000003,0.061400000000000003,0.061400000000000003,0.061400000000000003,0,255744.81499999901,2010-10-05,2010-10-06,True,True
2010-10-06T00:00:00Z,2010-10-07T00:00:00Z,0.062799999999999995,0.062799999999999995,0.062799999999999995,0.062799999999999995,0,261576.13000000099,2010-10-06,2010-10-07,True,True
2010-10-07T00:00:00Z,2010-10-08T00:00:00Z,0.067000000000000004,0.067000000000000004,0.067000000000000004,0.067000000000000004,0,280123.440624999,2010-10-07,2010-10-08,True,True
2010-10-08T00:00:00Z,2010-10-09T00:00:00Z,0.086900000000000005,0.086900000000000005,0.086900000000000005,0.086900000000000005,0,364386.90749999898,2010-10-08,2010-10-09,True,True
2010-10-09T00:00:00Z,2010-10-10T00:00:00Z,0.093799999999999994,0.093799999999999994,0.093799999999999994,0.093799999999999994,0,393319.81499999901,2010-10-09,2010-10-10,True,True
2010-10-10T00:00:00Z,2010-10-11T00:00:00Z,0.096500000000000002,0.096500000000000002,0.096500000000000002,0.096500000000000002,0,405024.67343750101,2010-10-10,2010-10-11,True,True
2010-10-11T00:00:00Z,2010-10-12T00:00:00Z,0.095000000000000001,0.095000000000000001,0.095000000000000001,0.095000000000000001,0,401002.125,2010-10-11,2010-10-12,True,True
2010-10-12T00:00:00Z,2010-10-13T00:00:00Z,0.094899999999999998,0.094899999999999998,0.094899999999999998,0.094899999999999998,0,400580.01749999798,2010-10-12,2010-10-13,True,True
2010-10-13T00:00:00Z,2010-10-14T00:00:00Z,0.105,0.105,0.105,0.105,0,443212.875,2010-10-13,2010-10-14,True,True
2010-10-14T00:00:00Z,2010-10-15T00:00:00Z,0.10199999999999999,0.10199999999999999,0.10199999999999999,0.10199999999999999,0,432755.08124999999,2010-10-14,2010-10-15,True,True
2010-10-15T00:00:00Z,2010-10-16T00:00:00Z,0.105,0.105,0.105,0.105,0,446158.125,2010-10-15,2010-10-16,True,True
2010-10-16T00:00:00Z,2010-10-17T00:00:00Z,0.10100000000000001,0.10100000000000001,0.10100000000000001,0.10100000000000001,0,429378.038541666,2010-10-16,2010-10-17,True,True
2010-10-17T00:00:00Z,2010-10-18T00:00:00Z,0.10199999999999999,0.10199999999999999,0.10199999999999999,0.10199999999999999,0,436271.849999998,2010-10-17,2010-10-18,True,True
2010-10-18T00:00:00Z,2010-10-19T00:00:00Z,0.1024,0.1024,0.1024,0.1024,0,437982.71999999898,2010-10-18,2010-10-19,True,True
2010-10-19T00:00:00Z,2010-10-20T00:00:00Z,0.097000000000000003,0.097000000000000003,0.097000000000000003,0.097000000000000003,0,417411.84826389101,2010-10-19,2010-10-20,True,True
2010-10-20T00:00:00Z,2010-10-21T00:00:00Z,0.099000000000000005,0.099000000000000005,0.099000000000000005,0.099000000000000005,0,426242.025000002,2010-10-20,2010-10-21,True,True
2010-10-21T00:00:00Z,2010-10-22T00:00:00Z,0.107,0.107,0.107,0.107,0,462820.21493055299,2010-10-21,2010-10-22,True,True
2010-10-22T00:00:00Z,2010-10-23T00:00:00Z,0.10249999999999999,0.10249999999999999,0.10249999999999999,0.10249999999999999,0,444211.9375,2010-10-22,2010-10-23,True,True
2010-10-23T00:00:00Z,2010-10-24T00:00:00Z,0.1055,0.1055,0.1055,0.1055,0,457213.26250000199,2010-10-23,2010-10-24,True,True
2010-10-24T00:00:00Z,2010-10-25T00:00:00Z,0.115,0.115,0.115,0.115,0,499640.6796875,2010-10-24,2010-10-25,True,True
2010-10-25T00:00:00Z,2010-10-26T00:00:00Z,0.13200000000000001,0.13200000000000001,0.13200000000000001,0.13200000000000001,0,575800.5,2010-10-25,2010-10-26,True,True
2010-10-26T00:00:00Z,2010-10-27T00:00:00Z,0.15029999999999999,0.15029999999999999,0.15029999999999999,0.15029999999999999,0,655627.38749999797,2010-10-26,2010-10-27,True,True
2010-10-27T00:00:00Z,2010-10-28T00:00:00Z,0.18770000000000001,0.18770000000000001,0.18770000000000001,0.18770000000000001,0,823396.00557291403,2010-10-27,2010-10-28,True,True
2010-10-28T00:00:00Z,2010-10-29T00:00:00Z,0.1731,0.1731,0.1731,0.1731,0,759939.29249999695,2010-10-28,2010-10-29,True,True
2010-10-29T00:00:00Z,2010-10-30T00:00:00Z,0.19,0.19,0.19,0.19,0,835946.76041666698,2010-10-29,2010-10-30,True,True
2010-10-30T00:00:00Z,2010-10-31T00:00:00Z,0.19889999999999999,0.19889999999999999,0.19889999999999999,0.19889999999999999,0,878784.95249999396,2010-10-30,2010-10-31,True,True
2010-10-31T00:00:00Z,2010-11-01T00:00:00Z,0.1925,0.1925,0.1925,0.1925,0,850508.3125,2010-10-31,2010-11-01,True,True
2010-11-01T00:00:00Z,2010-11-02T00:00:00Z,0.19550000000000001,0.19550000000000001,0.19550000000000001,0.19550000000000001,0,867514.95833333698,2010-11-01,2010-11-02,True,True
2010-11-02T00:00:00Z,2010-11-03T00:00:00Z,0.1938,0.1938,0.1938,0.1938,0,861717.16499999806,2010-11-02,2010-11-03,True,True
2010-11-03T00:00:00Z,2010-11-04T00:00:00Z,0.19309999999999999,0.19309999999999999,0.19309999999999999,0.19309999999999999,0,858604.66749999602,2010-11-03,2010-11-04,True,True
2010-11-04T00:00:00Z,2010-11-05T00:00:00Z,0.23000000000000001,0.23000000000000001,0.23000000000000001,0.23000000000000001,0,1026866.74479167,2010-11-04,2010-11-05,True,True
2010-11-05T00:00:00Z,2010-11-06T00:00:00Z,0.26000000000000001,0.26000000000000001,0.26000000000000001,0.26000000000000001,0,1163363.5,2010-11-05,2010-11-06,True,True
2010-11-06T00:00:00Z,2010-11-07T00:00:00Z,0.39000000000000001,0.39000000000000001,0.39000000000000001,0.39000000000000001,0,1745045.25,2010-11-06,2010-11-07,True,True
2010-11-07T00:00:00Z,2010-11-08T00:00:00Z,0.34000000000000002,0.34000000000000002,0.34000000000000002,0.34000000000000002,0,1530845.75,2010-11-07,2010-11-08,True,True
2010-11-08T00:00:00Z,2010-11-09T00:00:00Z,0.24299999999999999,0.24299999999999999,0.24299999999999999,0.24299999999999999,0,1094104.4624999999,2010-11-08,2010-11-09,True,True
2010-11-09T00:00:00Z,2010-11-10T00:00:00Z,0.20999999999999999,0.20999999999999999,0.20999999999999999,0.20999999999999999,0,950408.49348958302,2010-11-09,2010-11-10,True,True
2010-11-10T00:00:00Z,2010-11-11T00:00:00Z,0.23999999999999999,0.23999999999999999,0.23999999999999999,0.23999999999999999,0,1087326,2010-11-10,2010-11-11,True,True
2010-11-11T00:00:00Z,2010-11-12T00:00:00Z,0.22309999999999999,0.22309999999999999,0.22309999999999999,0.22309999999999999,0,1012270.31309028,2010-11-11,2010-11-12,True,True
2010-11-12T00:00:00Z,2010-11-13T00:00:00Z,0.26819999999999999,0.26819999999999999,0.26819999999999999,0.26819999999999999,0,1222556.1750000101,2010-11-12,2010-11-13,True,True
2010-11-13T00:00:00Z,2010-11-14T00:00:00Z,0.27600000000000002,0.27600000000000002,0.27600000000000002,0.27600000000000002,0,1258111.5,2010-11-13,2010-11-14,True,True
2010-11-14T00:00:00Z,2010-11-15T00:00:00Z,0.27900000000000003,0.27900000000000003,0.27900000000000003,0.27900000000000003,0,1275460.3187499901,2010-11-14,2010-11-15,True,True
2010-11-15T00:00:00Z,2010-11-16T00:00:00Z,0.26819999999999999,0.26819999999999999,0.26819999999999999,0.26819999999999999,0,1230146.2350000101,2010-11-15,2010-11-16,True,True
2010-11-16T00:00:00Z,2010-11-17T00:00:00Z,0.223,0.223,0.223,0.223,0,1022828.525,2010-11-16,2010-11-17,True,True
2010-11-17T00:00:00Z,2010-11-18T00:00:00Z,0.22989999999999999,0.22989999999999999,0.22989999999999999,0.22989999999999999,0,1059520.9217751699,2010-11-17,2010-11-18,True,True
2010-11-18T00:00:00Z,2010-11-19T00:00:00Z,0.26779999999999998,0.26779999999999998,0.26779999999999998,0.26779999999999998,0,1235934.3804166701,2010-11-18,2010-11-19,True,True
2010-11-19T00:00:00Z,2010-11-20T00:00:00Z,0.28000000000000003,0.28000000000000003,0.28000000000000003,0.28000000000000003,0,1294690.88396991,2010-11-19,2010-11-20,True,True
2010-11-20T00:00:00Z,2010-11-21T00:00:00Z,0.28299999999999997,0.28299999999999997,0.28299999999999997,0.28299999999999997,0,1314103.4250000101,2010-11-20,2010-11-21,True,True
2010-11-21T00:00:00Z,2010-11-22T00:00:00Z,0.27679999999999999,0.27679999999999999,0.27679999999999999,0.27679999999999999,0,1285313.8799999999,2010-11-21,2010-11-22,True,True
2010-11-22T00:00:00Z,2010-11-23T00:00:00Z,0.28789999999999999,0.28789999999999999,0.28789999999999999,0.28789999999999999,0,1336856.4524999899,2010-11-22,2010-11-23,True,True
2010-11-23T00:00:00Z,2010-11-24T00:00:00Z,0.28299999999999997,0.28299999999999997,0.28299999999999997,0.28299999999999997,0,1316151.1175202599,2010-11-23,2010-11-24,True,True
2010-11-24T00:00:00Z,2010-11-25T00:00:00Z,0.28299999999999997,0.28299999999999997,0.28299999999999997,0.28299999999999997,0,1322072.82291667,2010-11-24,2010-11-25,True,True
2010-11-25T00:00:00Z,2010-11-26T00:00:00Z,0.28000000000000003,0.28000000000000003,0.28000000000000003,0.28000000000000003,0,1308057.91666667,2010-11-25,2010-11-26,True,True
2010-11-26T00:00:00Z,2010-11-27T00:00:00Z,0.28439999999999999,0.28439999999999999,0.28439999999999999,0.28439999999999999,0,1329637.6087760499,2010-11-26,2010-11-27,True,True
2010-11-27T00:00:00Z,2010-11-28T00:00:00Z,0.28299999999999997,0.28299999999999997,0.28299999999999997,0.28299999999999997,0,1330008.0249999999,2010-11-27,2010-11-28,True,True
2010-11-28T00:00:00Z,2010-11-29T00:00:00Z,0.27000000000000002,0.27000000000000002,0.27000000000000002,0.27000000000000002,0,1268912.25,2010-11-28,2010-11-29,True,True
2010-11-29T00:00:00Z,2010-11-30T00:00:00Z,0.22989999999999999,0.22989999999999999,0.22989999999999999,0.22989999999999999,0,1081153.1247916601,2010-11-29,2010-11-30,True,True
2010-11-30T00:00:00Z,2010-12-01T00:00:00Z,0.2082,0.2082,0.2082,0.2082,0,984343.57499999495,2010-11-30,2010-12-01,True,True
2010-12-01T00:00:00Z,2010-12-02T00:00:00Z,0.22750000000000001,0.22750000000000001,0.22750000000000001,0.22750000000000001,0,1075591.5625,2010-12-01,2010-12-02,True,True
2010-12-02T00:00:00Z,2010-12-03T00:00:00Z,0.255,0.255,0.255,0.255,0,1206931.46875,2010-12-02,2010-12-03,True,True
2010-12-03T00:00:00Z,2010-12-04T00:00:00Z,0.25109999999999999,0.25109999999999999,0.25109999999999999,0.25109999999999999,0,1194250.4325000001,2010-12-03,2010-12-04,True,True
2010-12-04T00:00:00Z,2010-12-05T00:00:00Z,0.20499999999999999,0.20499999999999999,0.20499999999999999,0.20499999999999999,0,974995.375,2010-12-04,2010-12-05,True,True
2010-12-05T00:00:00Z,2010-12-06T00:00:00Z,0.19,0.19,0.19,0.19,0,906556.5,2010-12-05,2010-12-06,True,True
2010-12-06T00:00:00Z,2010-12-07T00:00:00Z,0.20399999999999999,0.20399999999999999,0.20399999999999999,0.20399999999999999,0,975992.09999999695,2010-12-06,2010-12-07,True,True
2010-12-07T00:00:00Z,2010-12-08T00:00:00Z,0.23300000000000001,0.23300000000000001,0.23300000000000001,0.23300000000000001,0,1115722.5377387099,2010-12-07,2010-12-08,True,True
2010-12-08T00:00:00Z,2010-12-09T00:00:00Z,0.23880000000000001,0.23880000000000001,0.23880000000000001,0.23880000000000001,0,1149256.3425,2010-12-08,2010-12-09,True,True
2010-12-09T00:00:00Z,2010-12-10T00:00:00Z,0.20000000000000001,0.20000000000000001,0.20000000000000001,0.20000000000000001,0,962526.25,2010-12-09,2010-12-10,True,True
2010-12-10T00:00:00Z,2010-12-11T00:00:00Z,0.20399999999999999,0.20399999999999999,0.20399999999999999,0.20399999999999999,0,985306.32031250105,2010-12-10,2010-12-11,True,True
2010-12-11T00:00:00Z,2010-12-12T00:00:00Z,0.22800000000000001,0.22800000000000001,0.22800000000000001,0.22800000000000001,0,1103662.5,2010-12-11,2010-12-12,True,True
2010-12-12T00:00:00Z,2010-12-13T00:00:00Z,0.22,0.22,0.22,0.22,0,1064937.5,2010-12-12,2010-12-13,True,True
2010-12-13T00:00:00Z,2010-12-14T00:00:00Z,0.22989999999999999,0.22989999999999999,0.22989999999999999,0.22989999999999999,0,1113917.7064583299,2010-12-13,2010-12-14,True,True
2010-12-14T00:00:00Z,2010-12-15T00:00:00Z,0.2467,0.2467,0.2467,0.2467,0,1201139.1274999999,2010-12-14,2010-12-15,True,True
2010-12-15T00:00:00Z,2010-12-16T00:00:00Z,0.23799999999999999,0.23799999999999999,0.23799999999999999,0.23799999999999999,0,1158780.3500000001,2010-12-15,2010-12-16,True,True
2010-12-16T00:00:00Z,2010-12-17T00:00:00Z,0.25,0.25,0.25,0.25,0,1217206.25,2010-12-16,2010-12-17,True,True
2010-12-17T00:00:00Z,2010-12-18T00:00:00Z,0.23999999999999999,0.23999999999999999,0.23999999999999999,0.23999999999999999,0,1174603.41666667,2010-12-17,2010-12-18,True,True
2010-12-18T00:00:00Z,2010-12-19T00:00:00Z,0.24099999999999999,0.24099999999999999,0.24099999999999999,0.24099999999999999,0,1180315.5749999899,2010-12-18,2010-12-19,True,True
2010-12-19T00:00:00Z,2010-12-20T00:00:00Z,0.24010000000000001,0.24010000000000001,0.24010000000000001,0.24010000000000001,0,1175907.7574999901,2010-12-19,2010-12-20,True,True
2010-12-20T00:00:00Z,2010-12-21T00:00:00Z,0.26700000000000002,0.26700000000000002,0.26700000000000002,0.26700000000000002,0,1311763.7648871599,2010-12-20,2010-12-21,True,True
2010-12-21T00:00:00Z,2010-12-22T00:00:00Z,0.23999999999999999,0.23999999999999999,0.23999999999999999,0.23999999999999999,0,1182197,2010-12-21,2010-12-22,True,True
2010-12-22T00:00:00Z,2010-12-23T00:00:00Z,0.25,0.25,0.25,0.25,0,1231455.20833333,2010-12-22,2010-12-23,True,True
2010-12-23T00:00:00Z,2010-12-24T00:00:00Z,0.25,0.25,0.25,0.25,0,1232245.60185185,2010-12-23,2010-12-24,True,True
2010-12-24T00:00:00Z,2010-12-25T00:00:00Z,0.248,0.248,0.248,0.248,0,1228660.1999999899,2010-12-24,2010-12-25,True,True
2010-12-25T00:00:00Z,2010-12-26T00:00:00Z,0.24990000000000001,0.24990000000000001,0.24990000000000001,0.24990000000000001,0,1238073.3225,2010-12-25,2010-12-26,True,True
2010-12-26T00:00:00Z,2010-12-27T00:00:00Z,0.26500000000000001,0.26500000000000001,0.26500000000000001,0.26500000000000001,0,1312882.875,2010-12-26,2010-12-27,True,True
2010-12-27T00:00:00Z,2010-12-28T00:00:00Z,0.26500000000000001,0.26500000000000001,0.26500000000000001,0.26500000000000001,0,1316036.9788411499,2010-12-27,2010-12-28,True,True
2010-12-28T00:00:00Z,2010-12-29T00:00:00Z,0.28100000000000003,0.28100000000000003,0.28100000000000003,0.28100000000000003,0,1399982.3937500101,2010-12-28,2010-12-29,True,True
2010-12-29T00:00:00Z,2010-12-30T00:00:00Z,0.29999999999999999,0.29999999999999999,0.29999999999999999,0.29999999999999999,0,1494643.125,2010-12-29,2010-12-30,True,True
2010-12-30T00:00:00Z,2010-12-31T00:00:00Z,0.29999999999999999,0.29999999999999999,0.29999999999999999,0.29999999999999999,0,1495641.65364583,2010-12-30,2010-12-31,True,True
2010-12-31T00:00:00Z,2011-01-01T00:00:00Z,0.29999999999999999,0.29999999999999999,0.29999999999999999,0.29999999999999999,0,1503101.25,2010-12-31,2011-01-01,True,True
2011-01-01T00:00:00Z,2011-01-02T00:00:00Z,0.29999999999999999,0.29999999999999999,0.29999999999999999,0.29999999999999999,0,1503101.25,2011-01-01,2011-01-02,True,True
2011-01-02T00:00:00Z,2011-01-03T00:00:00Z,0.29999999999999999,0.29999999999999999,0.29999999999999999,0.29999999999999999,0,1503101.25,2011-01-02,2011-01-03,True,True
2011-01-03T00:00:00Z,2011-01-04T00:00:00Z,0.29499999999999998,0.29499999999999998,0.29499999999999998,0.29499999999999998,0,1485081.9835069401,2011-01-03,2011-01-04,True,True
2011-01-04T00:00:00Z,2011-01-05T00:00:00Z,0.29899999999999999,0.29899999999999999,0.29899999999999999,0.29899999999999999,0,1506504.0249999899,2011-01-04,2011-01-05,True,True
2011-01-05T00:00:00Z,2011-01-06T00:00:00Z,0.29899999999999999,0.29899999999999999,0.29899999999999999,0.29899999999999999,0,1506504.0249999899,2011-01-05,2011-01-06,True,True
2011-01-06T00:00:00Z,2011-01-07T00:00:00Z,0.29799999999999999,0.29799999999999999,0.29799999999999999,0.29799999999999999,0,1502387.6944444501,2011-01-06,2011-01-07,True,True
2011-01-07T00:00:00Z,2011-01-08T00:00:00Z,0.32000000000000001,0.32000000000000001,0.32000000000000001,0.32000000000000001,0,1621224,2011-01-07,2011-01-08,True,True
2011-01-08T00:00:00Z,2011-01-09T00:00:00Z,0.32290000000000002,0.32290000000000002,0.32290000000000002,0.32290000000000002,0,1635916.34249999,2011-01-08,2011-01-09,True,True
2011-01-09T00:00:00Z,2011-01-10T00:00:00Z,0.32300000000000001,0.32300000000000001,0.32300000000000001,0.32300000000000001,0,1636422.9750000101,2011-01-09,2011-01-10,True,True
2011-01-10T00:00:00Z,2011-01-11T00:00:00Z,0.3266,0.3266,0.3266,0.3266,0,1661381.31319443,2011-01-10,2011-01-11,True,True
2011-01-11T00:00:00Z,2011-01-12T00:00:00Z,0.3266,0.3266,0.3266,0.3266,0,1663790.2149999901,2011-01-11,2011-01-12,True,True
2011-01-12T00:00:00Z,2011-01-13T00:00:00Z,0.31879999999999997,0.31879999999999997,0.31879999999999997,0.31879999999999997,0,1624054.8700000001,2011-01-12,2011-01-13,True,True
2011-01-13T00:00:00Z,2011-01-14T00:00:00Z,0.31759999999999999,0.31759999999999999,0.31759999999999999,0.31759999999999999,0,1621218.64416667,2011-01-13,2011-01-14,True,True
2011-01-14T00:00:00Z,2011-01-15T00:00:00Z,0.40000000000000002,0.40000000000000002,0.40000000000000002,0.40000000000000002,0,2049030,2011-01-14,2011-01-15,True,True
2011-01-15T00:00:00Z,2011-01-16T00:00:00Z,0.38600000000000001,0.38600000000000001,0.38600000000000001,0.38600000000000001,0,1977313.9499999899,2011-01-15,2011-01-16,True,True
2011-01-16T00:00:00Z,2011-01-17T00:00:00Z,0.38679999999999998,0.38679999999999998,0.38679999999999998,0.38679999999999998,0,1983103.12679687,2011-01-16,2011-01-17,True,True
2011-01-17T00:00:00Z,2011-01-18T00:00:00Z,0.34949999999999998,0.34949999999999998,0.34949999999999998,0.34949999999999998,0,1800119.4093750101,2011-01-17,2011-01-18,True,True
2011-01-18T00:00:00Z,2011-01-19T00:00:00Z,0.313,0.313,0.313,0.313,0,1612124.1062499899,2011-01-18,2011-01-19,True,True
2011-01-19T00:00:00Z,2011-01-20T00:00:00Z,0.313,0.313,0.313,0.313,0,1612124.1062499899,2011-01-19,2011-01-20,True,True
2011-01-20T00:00:00Z,2011-01-21T00:00:00Z,0.39000000000000001,0.39000000000000001,0.39000000000000001,0.39000000000000001,0,2016505.4609375,2011-01-20,2011-01-21,True,True
2011-01-21T00:00:00Z,2011-01-22T00:00:00Z,0.4199,0.4199,0.4199,0.4199,0,2174557.125,2011-01-21,2011-01-22,True,True
2011-01-22T00:00:00Z,2011-01-23T00:00:00Z,0.44429999999999997,0.44429999999999997,0.44429999999999997,0.44429999999999997,0,2300918.625,2011-01-22,2011-01-23,True,True
2011-01-23T00:00:00Z,2011-01-24T00:00:00Z,0.44240000000000002,0.44240000000000002,0.44240000000000002,0.44240000000000002,0,2297484.42972223,2011-01-23,2011-01-24,True,True
2011-01-24T00:00:00Z,2011-01-25T00:00:00Z,0.4199,0.4199,0.4199,0.4199,0,2186387.8075000001,2011-01-24,2011-01-25,True,True
2011-01-25T00:00:00Z,2011-01-26T00:00:00Z,0.40999999999999998,0.40999999999999998,0.40999999999999998,0.40999999999999998,0,2134839.25,2011-01-25,2011-01-26,True,True
2011-01-26T00:00:00Z,2011-01-27T00:00:00Z,0.41699999999999998,0.41699999999999998,0.41699999999999998,0.41699999999999998,0,2175125.4281250001,2011-01-26,2011-01-27,True,True
2011-01-27T00:00:00Z,2011-01-28T00:00:00Z,0.42120000000000002,0.42120000000000002,0.42120000000000002,0.42120000000000002,0,2204908.29,2011-01-27,2011-01-28,True,True
2011-01-28T00:00:00Z,2011-01-29T00:00:00Z,0.44600000000000001,0.44600000000000001,0.44600000000000001,0.44600000000000001,0,2334731.9500000002,2011-01-28,2011-01-29,True,True
2011-01-29T00:00:00Z,2011-01-30T00:00:00Z,0.439,0.439,0.439,0.439,0,2298088.1749999998,2011-01-29,2011-01-30,True,True
2011-01-30T00:00:00Z,2011-01-31T00:00:00Z,0.47989999999999999,0.47989999999999999,0.47989999999999999,0.47989999999999999,0,2523463.3355902801,2011-01-30,2011-01-31,True,True
2011-01-31T00:00:00Z,2011-02-01T00:00:00Z,0.52000000000000002,0.52000000000000002,0.52000000000000002,0.52000000000000002,0,2736643,2011-01-31,2011-02-01,True,True
2011-02-01T00:00:00Z,2011-02-02T00:00:00Z,0.69999999999999996,0.69999999999999996,0.69999999999999996,0.69999999999999996,0,3683942.5,2011-02-01,2011-02-02,True,True
2011-02-02T00:00:00Z,2011-02-03T00:00:00Z,0.71599999999999997,0.71599999999999997,0.71599999999999997,0.71599999999999997,0,3776317.0069444398,2011-02-02,2011-02-03,True,True
2011-02-03T00:00:00Z,2011-02-04T00:00:00Z,0.68999999999999995,0.68999999999999995,0.68999999999999995,0.68999999999999995,0,3650531.25,2011-02-03,2011-02-04,True,True
2011-02-04T00:00:00Z,2011-02-05T00:00:00Z,0.81100000000000005,0.81100000000000005,0.81100000000000005,0.81100000000000005,0,4290696.875,2011-02-04,2011-02-05,True,True
2011-02-05T00:00:00Z,2011-02-06T00:00:00Z,0.92000000000000004,0.92000000000000004,0.92000000000000004,0.92000000000000004,0,4871435.9375,2011-02-05,2011-02-06,True,True
2011-02-06T00:00:00Z,2011-02-07T00:00:00Z,0.89970000000000006,0.89970000000000006,0.89970000000000006,0.89970000000000006,0,4785391.8375000097,2011-02-06,2011-02-07,True,True
2011-02-07T00:00:00Z,2011-02-08T00:00:00Z,0.89000000000000001,0.89000000000000001,0.89000000000000001,0.89000000000000001,0,4733798.75,2011-02-07,2011-02-08,True,True
2011-02-08T00:00:00Z,2011-02-09T00:00:00Z,0.91800000000000004,0.91800000000000004,0.91800000000000004,0.91800000000000004,0,4884776.3343749903,2011-02-08,2011-02-09,True,True
2011-02-09T00:00:00Z,2011-02-10T00:00:00Z,1.0900000000000001,1.0900000000000001,1.0900000000000001,1.0900000000000001,0,5828039.25,2011-02-09,2011-02-10,True,True
2011-02-10T00:00:00Z,2011-02-11T00:00:00Z,0.98029999999999995,0.98029999999999995,0.98029999999999995,0.98029999999999995,0,5241492.5474999798,2011-02-10,2011-02-11,True,True
2011-02-11T00:00:00Z,2011-02-12T00:00:00Z,1.0700000000000001,1.0700000000000001,1.0700000000000001,1.0700000000000001,0,5725456.3125,2011-02-11,2011-02-12,True,True
2011-02-12T00:00:00Z,2011-02-13T00:00:00Z,1.0799000000000001,1.0799000000000001,1.0799000000000001,1.0799000000000001,0,5804165.5274999803,2011-02-12,2011-02-13,True,True
2011-02-13T00:00:00Z,2011-02-14T00:00:00Z,1.05,1.05,1.05,1.05,0,5643461.25,2011-02-13,2011-02-14,True,True
2011-02-14T00:00:00Z,2011-02-15T00:00:00Z,1.0700000000000001,1.0700000000000001,1.0700000000000001,1.0700000000000001,0,5759233.3888888899,2011-02-14,2011-02-15,True,True
2011-02-15T00:00:00Z,2011-02-16T00:00:00Z,1.05,1.05,1.05,1.05,0,5672703.75,2011-02-15,2011-02-16,True,True
2011-02-16T00:00:00Z,2011-02-17T00:00:00Z,1.0449999999999999,1.0449999999999999,1.0449999999999999,1.0449999999999999,0,5645690.875,2011-02-16,2011-02-17,True,True
2011-02-17T00:00:00Z,2011-02-18T00:00:00Z,1.04,1.04,1.04,1.04,0,5641892.0277777798,2011-02-17,2011-02-18,True,True
2011-02-18T00:00:00Z,2011-02-19T00:00:00Z,0.89890000000000003,0.89890000000000003,0.89890000000000003,0.89890000000000003,0,4881498.9224999798,2011-02-18,2011-02-19,True,True
2011-02-19T00:00:00Z,2011-02-20T00:00:00Z,0.94899999999999995,0.94899999999999995,0.94899999999999995,0.94899999999999995,0,5153660.4888888802,2011-02-19,2011-02-20,True,True
2011-02-20T00:00:00Z,2011-02-21T00:00:00Z,0.84999999999999998,0.84999999999999998,0.84999999999999998,0.84999999999999998,0,4639746.25,2011-02-20,2011-02-21,True,True
2011-02-21T00:00:00Z,2011-02-22T00:00:00Z,0.83450000000000002,0.83450000000000002,0.83450000000000002,0.83450000000000002,0,4555139.1124999803,2011-02-21,2011-02-22,True,True
2011-02-22T00:00:00Z,2011-02-23T00:00:00Z,0.87019999999999997,0.87019999999999997,0.87019999999999997,0.87019999999999997,0,4754251.1835879805,2011-02-22,2011-02-23,True,True
2011-02-23T00:00:00Z,2011-02-24T00:00:00Z,0.90000000000000002,0.90000000000000002,0.90000000000000002,0.90000000000000002,0,4937947.5,2011-02-23,2011-02-24,True,True
2011-02-24T00:00:00Z,2011-02-25T00:00:00Z,0.99739999999999995,0.99739999999999995,0.99739999999999995,0.99739999999999995,0,5472343.1516666496,2011-02-24,2011-02-25,True,True
2011-02-25T00:00:00Z,2011-02-26T00:00:00Z,0.91110000000000002,0.91110000000000002,0.91110000000000002,0.91110000000000002,0,5016158.6979860896,2011-02-25,2011-02-26,True,True
2011-02-26T00:00:00Z,2011-02-27T00:00:00Z,0.95799999999999996,0.95799999999999996,0.95799999999999996,0.95799999999999996,0,5282914.95000003,2011-02-26,2011-02-27,True,True
2011-02-27T00:00:00Z,2011-02-28T00:00:00Z,0.89000000000000001,0.89000000000000001,0.89000000000000001,0.89000000000000001,0,4923476.9097222202,2011-02-27,2011-02-28,True,True
2011-02-28T00:00:00Z,2011-03-01T00:00:00Z,0.85999999999999999,0.85999999999999999,0.85999999999999999,0.85999999999999999,0,4766399.5,2011-02-28,2011-03-01,True,True
2011-03-01T00:00:00Z,2011-03-02T00:00:00Z,0.92020000000000002,0.92020000000000002,0.92020000000000002,0.92020000000000002,0,5100047.4649999896,2011-03-01,2011-03-02,True,True
2011-03-02T00:00:00Z,2011-03-03T00:00:00Z,0.93989999999999996,0.93989999999999996,0.93989999999999996,0.93989999999999996,0,5212139.7358333403,2011-03-02,2011-03-03,True,True
2011-03-03T00:00:00Z,2011-03-04T00:00:00Z,0.93910000000000005,0.93910000000000005,0.93910000000000005,0.93910000000000005,0,5230951.3424999798,2011-03-03,2011-03-04,True,True
2011-03-04T00:00:00Z,2011-03-05T00:00:00Z,0.90100000000000002,0.90100000000000002,0.90100000000000002,0.90100000000000002,0,5018727.67499997,2011-03-04,2011-03-05,True,True
2011-03-05T00:00:00Z,2011-03-06T00:00:00Z,0.9103,0.9103,0.9103,0.9103,0,5081797.7936111297,2011-03-05,2011-03-06,True,True
2011-03-06T00:00:00Z,2011-03-07T00:00:00Z,0.89990000000000003,0.89990000000000003,0.89990000000000003,0.89990000000000003,0,5037662.6974999905,2011-03-06,2011-03-07,True,True
2011-03-07T00:00:00Z,2011-03-08T00:00:00Z,0.88500000000000001,0.88500000000000001,0.88500000000000001,0.88500000000000001,0,4962467.875,2011-03-07,2011-03-08,True,True
2011-03-08T00:00:00Z,2011-03-09T00:00:00Z,0.87,0.87,0.87,0.87,0,4894511.25,2011-03-08,2011-03-09,True,True
2011-03-09T00:00:00Z,2011-03-10T00:00:00Z,0.86450000000000005,0.86450000000000005,0.86450000000000005,0.86450000000000005,0,4863568.9375,2011-03-09,2011-03-10,True,True
2011-03-10T00:00:00Z,2011-03-11T00:00:00Z,0.93289999999999995,0.93289999999999995,0.93289999999999995,0.93289999999999995,0,5248378.7874999801,2011-03-10,2011-03-11,True,True
2011-03-11T00:00:00Z,2011-03-12T00:00:00Z,0.88,0.88,0.88,0.88,0,4969401.8611111101,2011-03-11,2011-03-12,True,True
2011-03-12T00:00:00Z,2011-03-13T00:00:00Z,0.91800000000000004,0.91800000000000004,0.91800000000000004,0.91800000000000004,0,5190349.04999997,2011-03-12,2011-03-13,True,True
2011-03-13T00:00:00Z,2011-03-14T00:00:00Z,0.89249999999999996,0.89249999999999996,0.89249999999999996,0.89249999999999996,0,5046172.6875,2011-03-13,2011-03-14,True,True
2011-03-14T00:00:00Z,2011-03-15T00:00:00Z,0.89490000000000003,0.89490000000000003,0.89490000000000003,0.89490000000000003,0,5059742.2274999795,2011-03-14,2011-03-15,True,True
2011-03-15T00:00:00Z,2011-03-16T00:00:00Z,0.87,0.87,0.87,0.87,0,4921997.8125,2011-03-15,2011-03-16,True,True
2011-03-16T00:00:00Z,2011-03-17T00:00:00Z,0.85999999999999999,0.85999999999999999,0.85999999999999999,0.85999999999999999,0,4886455.5,2011-03-16,2011-03-17,True,True
2011-03-17T00:00:00Z,2011-03-18T00:00:00Z,0.82540000000000002,0.82540000000000002,0.82540000000000002,0.82540000000000002,0,4689860.8949999902,2011-03-17,2011-03-18,True,True
2011-03-18T00:00:00Z,2011-03-19T00:00:00Z,0.8165,0.8165,0.8165,0.8165,0,4639291.76250003,2011-03-18,2011-03-19,True,True
2011-03-19T00:00:00Z,2011-03-20T00:00:00Z,0.76500000000000001,0.76500000000000001,0.76500000000000001,0.76500000000000001,0,4346672.625,2011-03-19,2011-03-20,True,True
2011-03-20T00:00:00Z,2011-03-21T00:00:00Z,0.74109999999999998,0.74109999999999998,0.74109999999999998,0.74109999999999998,0,4226181.5973285604,2011-03-20,2011-03-21,True,True
2011-03-21T00:00:00Z,2011-03-22T00:00:00Z,0.75900000000000001,0.75900000000000001,0.75900000000000001,0.75900000000000001,0,4333777.7312500197,2011-03-21,2011-03-22,True,True
2011-03-22T00:00:00Z,2011-03-23T00:00:00Z,0.80900000000000005,0.80900000000000005,0.80900000000000005,0.80900000000000005,0,4619270.3354166504,2011-03-22,2011-03-23,True,True
2011-03-23T00:00:00Z,2011-03-24T00:00:00Z,0.84970000000000001,0.84970000000000001,0.84970000000000001,0.84970000000000001,0,4851661.3152083503,2011-03-23,2011-03-24,True,True
2011-03-24T00:00:00Z,2011-03-25T00:00:00Z,0.8669,0.8669,0.8669,0.8669,0,4970262.4488671999,2011-03-24,2011-03-25,True,True
2011-03-25T00:00:00Z,2011-03-26T00:00:00Z,0.88380000000000003,0.88380000000000003,0.88380000000000003,0.88380000000000003,0,5071108.1475000205,2011-03-25,2011-03-26,True,True
2011-03-26T00:00:00Z,2011-03-27T00:00:00Z,0.85519999999999996,0.85519999999999996,0.85519999999999996,0.85519999999999996,0,4907005.7566666603,2011-03-26,2011-03-27,True,True
2011-03-27T00:00:00Z,2011-03-28T00:00:00Z,0.81999999999999995,0.81999999999999995,0.81999999999999995,0.81999999999999995,0,4706792.4311342603,2011-03-27,2011-03-28,True,True
2011-03-28T00:00:00Z,2011-03-29T00:00:00Z,0.79900000000000004,0.79900000000000004,0.79900000000000004,0.79900000000000004,0,4606974.0750000197,2011-03-28,2011-03-29,True,True
2011-03-29T00:00:00Z,2011-03-30T00:00:00Z,0.79249999999999998,0.79249999999999998,0.79249999999999998,0.79249999999999998,0,4569495.5625,2011-03-29,2011-03-30,True,True
2011-03-30T00:00:00Z,2011-03-31T00:00:00Z,0.78969999999999996,0.78969999999999996,0.78969999999999996,0.78969999999999996,0,4553350.9725000104,2011-03-30,2011-03-31,True,True
2011-03-31T00:00:00Z,2011-04-01T00:00:00Z,0.78459999999999996,0.78459999999999996,0.78459999999999996,0.78459999999999996,0,4539043.2650347296,2011-03-31,2011-04-01,True,True
2011-04-01T00:00:00Z,2011-04-02T00:00:00Z,0.77410000000000001,0.77410000000000001,0.77410000000000001,0.77410000000000001,0,4484961.2274999795,2011-04-01,2011-04-02,True,True
2011-04-02T00:00:00Z,2011-04-03T00:00:00Z,0.78200000000000003,0.78200000000000003,0.78200000000000003,0.78200000000000003,0,4530732.0499999803,2011-04-02,2011-04-03,True,True
2011-04-03T00:00:00Z,2011-04-04T00:00:00Z,0.77900000000000003,0.77900000000000003,0.77900000000000003,0.77900000000000003,0,4524976.6294198604,2011-04-03,2011-04-04,True,True
2011-04-04T00:00:00Z,2011-04-05T00:00:00Z,0.68000000000000005,0.68000000000000005,0.68000000000000005,0.68000000000000005,0,3959122.91666666,2011-04-04,2011-04-05,True,True
2011-04-05T00:00:00Z,2011-04-06T00:00:00Z,0.70999999999999996,0.70999999999999996,0.70999999999999996,0.70999999999999996,0,4133790.10416666,2011-04-05,2011-04-06,True,True
2011-04-06T00:00:00Z,2011-04-07T00:00:00Z,0.73999999999999999,0.73999999999999999,0.73999999999999999,0.73999999999999999,0,4314236.3897569403,2011-04-06,2011-04-07,True,True
2011-04-07T00:00:00Z,2011-04-08T00:00:00Z,0.75380000000000003,0.75380000000000003,0.75380000000000003,0.75380000000000003,0,4410540.3350000205,2011-04-07,2011-04-08,True,True
2011-04-08T00:00:00Z,2011-04-09T00:00:00Z,0.75,0.75,0.75,0.75,0,4388306.25,2011-04-08,2011-04-09,True,True
2011-04-09T00:00:00Z,2011-04-10T00:00:00Z,0.72999999999999998,0.72999999999999998,0.72999999999999998,0.72999999999999998,0,4271284.75,2011-04-09,2011-04-10,True,True
2011-04-10T00:00:00Z,2011-04-11T00:00:00Z,0.7369,0.7369,0.7369,0.7369,0,4327120.4255034598,2011-04-10,2011-04-11,True,True
2011-04-11T00:00:00Z,2011-04-12T00:00:00Z,0.77000000000000002,0.77000000000000002,0.77000000000000002,0.77000000000000002,0,4526772.25,2011-04-11,2011-04-12,True,True
2011-04-12T00:00:00Z,2011-04-13T00:00:00Z,0.85999999999999999,0.85999999999999999,0.85999999999999999,0.85999999999999999,0,5055875.5,2011-04-12,2011-04-13,True,True
2011-04-13T00:00:00Z,2011-04-14T00:00:00Z,0.92249999999999999,0.92249999999999999,0.92249999999999999,0.92249999999999999,0,5436582.0625,2011-04-13,2011-04-14,True,True
2011-04-14T00:00:00Z,2011-04-15T00:00:00Z,1,1,1,1,0,5906925,2011-04-14,2011-04-15,True,True
2011-04-15T00:00:00Z,2011-04-16T00:00:00Z,0.9899,0.9899,0.9899,0.9899,0,5847265.0574999601,2011-04-15,2011-04-16,True,True
2011-04-16T00:00:00Z,2011-04-17T00:00:00Z,1.0499000000000001,1.0499000000000001,1.0499000000000001,1.0499000000000001,0,6201680.5574999601,2011-04-16,2011-04-17,True,True
2011-04-17T00:00:00Z,2011-04-18T00:00:00Z,1.1123000000000001,1.1123000000000001,1.1123000000000001,1.1123000000000001,0,6600929.6738194805,2011-04-17,2011-04-18,True,True
2011-04-18T00:00:00Z,2011-04-19T00:00:00Z,1.1619999999999999,1.1619999999999999,1.1619999999999999,1.1619999999999999,0,6896324.75,2011-04-18,2011-04-19,True,True
2011-04-19T00:00:00Z,2011-04-20T00:00:00Z,1.1979,1.1979,1.1979,1.1979,0,7109386.76250003,2011-04-19,2011-04-20,True,True
2011-04-20T00:00:00Z,2011-04-21T00:00:00Z,1.1420999999999999,1.1420999999999999,1.1420999999999999,1.1420999999999999,0,6790501.8815625301,2011-04-20,2011-04-21,True,True
2011-04-21T00:00:00Z,2011-04-22T00:00:00Z,1.21,1.21,1.21,1.21,0,7214957.75,2011-04-21,2011-04-22,True,True
2011-04-22T00:00:00Z,2011-04-23T00:00:00Z,1.409,1.409,1.409,1.409,0,8401549.9749999605,2011-04-22,2011-04-23,True,True
2011-04-23T00:00:00Z,2011-04-24T00:00:00Z,1.7000999999999999,1.7000999999999999,1.7000999999999999,1.7000999999999999,0,10140098.576718699,2011-04-23,2011-04-24,True,True
2011-04-24T00:00:00Z,2011-04-25T00:00:00Z,1.6301000000000001,1.6301000000000001,1.6301000000000001,1.6301000000000001,0,9765154.8024999499,2011-04-24,2011-04-25,True,True
2011-04-25T00:00:00Z,2011-04-26T00:00:00Z,1.5589999999999999,1.5589999999999999,1.5589999999999999,1.5589999999999999,0,9339228.4749999493,2011-04-25,2011-04-26,True,True
2011-04-26T00:00:00Z,2011-04-27T00:00:00Z,1.7948999999999999,1.7948999999999999,1.7948999999999999,1.7948999999999999,0,10752393.3225001,2011-04-26,2011-04-27,True,True
2011-04-27T00:00:00Z,2011-04-28T00:00:00Z,1.8999999999999999,1.8999999999999999,1.8999999999999999,1.8999999999999999,0,11432246.5625,2011-04-27,2011-04-28,True,True
2011-04-28T00:00:00Z,2011-04-29T00:00:00Z,2.2105999999999999,2.2105999999999999,2.2105999999999999,2.2105999999999999,0,13304330.304999899,2011-04-28,2011-04-29,True,True
2011-04-29T00:00:00Z,2011-04-30T00:00:00Z,2.8799999999999999,2.8799999999999999,2.8799999999999999,2.8799999999999999,0,17333064,2011-04-29,2011-04-30,True,True
2011-04-30T00:00:00Z,2011-05-01T00:00:00Z,3.5,3.5,3.5,3.5,0,21155542.1875,2011-04-30,2011-05-01,True,True
2011-05-01T00:00:00Z,2011-05-02T00:00:00Z,3.0331000000000001,3.0331000000000001,3.0331000000000001,3.0331000000000001,0,18338653.392499901,2011-05-01,2011-05-02,True,True
2011-05-02T00:00:00Z,2011-05-03T00:00:00Z,3.2000000000000002,3.2000000000000002,3.2000000000000002,3.2000000000000002,0,19347760,2011-05-02,2011-05-03,True,True
2011-05-03T00:00:00Z,2011-05-04T00:00:00Z,3.4100000000000001,3.4100000000000001,3.4100000000000001,3.4100000000000001,0,20707310.25,2011-05-03,2011-05-04,True,True
2011-05-04T00:00:00Z,2011-05-05T00:00:00Z,3.4060999999999999,3.4060999999999999,3.4060999999999999,3.4060999999999999,0,20688906.857500099,2011-05-04,2011-05-05,True,True
2011-05-05T00:00:00Z,2011-05-06T00:00:00Z,3.3330000000000002,3.3330000000000002,3.3330000000000002,3.3330000000000002,0,20267210.923437402,2011-05-05,2011-05-06,True,True
2011-05-06T00:00:00Z,2011-05-07T00:00:00Z,3.4500000000000002,3.4500000000000002,3.4500000000000002,3.4500000000000002,0,21051986.25,2011-05-06,2011-05-07,True,True
2011-05-07T00:00:00Z,2011-05-08T00:00:00Z,3.641,3.641,3.641,3.641,0,22217473.024999902,2011-05-07,2011-05-08,True,True
2011-05-08T00:00:00Z,2011-05-09T00:00:00Z,3.8658999999999999,3.8658999999999999,3.8658999999999999,3.8658999999999999,0,23656735.431475598,2011-05-08,2011-05-09,True,True
2011-05-09T00:00:00Z,2011-05-10T00:00:00Z,3.7999999999999998,3.7999999999999998,3.7999999999999998,3.7999999999999998,0,23293525,2011-05-09,2011-05-10,True,True
2011-05-10T00:00:00Z,2011-05-11T00:00:00Z,5.8099999999999996,5.8099999999999996,5.8099999999999996,5.8099999999999996,0,35614573.75,2011-05-10,2011-05-11,True,True
2011-05-11T00:00:00Z,2011-05-12T00:00:00Z,5.5,5.5,5.5,5.5,0,33868862.5,2011-05-11,2011-05-12,True,True
2011-05-12T00:00:00Z,2011-05-13T00:00:00Z,6.3002000000000002,6.3002000000000002,6.3002000000000002,6.3002000000000002,0,38796474.094999902,2011-05-12,2011-05-13,True,True
2011-05-13T00:00:00Z,2011-05-14T00:00:00Z,8.1980000000000004,8.1980000000000004,8.1980000000000004,8.1980000000000004,0,50483079.049999803,2011-05-13,2011-05-14,True,True
2011-05-14T00:00:00Z,2011-05-15T00:00:00Z,7.1977000000000002,7.1977000000000002,7.1977000000000002,7.1977000000000002,0,44524072.487499803,2011-05-14,2011-05-15,True,True
2011-05-15T00:00:00Z,2011-05-16T00:00:00Z,6.9870000000000001,6.9870000000000001,6.9870000000000001,6.9870000000000001,0,43220708.625,2011-05-15,2011-05-16,True,True
2011-05-16T00:00:00Z,2011-05-17T00:00:00Z,8.0338999999999992,8.0338999999999992,8.0338999999999992,8.0338999999999992,0,49844045.120139197,2011-05-16,2011-05-17,True,True
2011-05-17T00:00:00Z,2011-05-18T00:00:00Z,7.1900000000000004,7.1900000000000004,7.1900000000000004,7.1900000000000004,0,44676323.25,2011-05-17,2011-05-18,True,True
2011-05-18T00:00:00Z,2011-05-19T00:00:00Z,6.8799999999999999,6.8799999999999999,6.8799999999999999,6.8799999999999999,0,42845051.888888903,2011-05-18,2011-05-19,True,True
2011-05-19T00:00:00Z,2011-05-20T00:00:00Z,6.8049999999999997,6.8049999999999997,6.8049999999999997,6.8049999999999997,0,42473237.375,2011-05-19,2011-05-20,True,True
2011-05-20T00:00:00Z,2011-05-21T00:00:00Z,5.5903999999999998,5.5903999999999998,5.5903999999999998,5.5903999999999998,0,34892341.8400001,2011-05-20,2011-05-21,True,True
2011-05-21T00:00:00Z,2011-05-22T00:00:00Z,6.1196999999999999,6.1196999999999999,6.1196999999999999,6.1196999999999999,0,38350370.737708397,2011-05-21,2011-05-22,True,True
2011-05-22T00:00:00Z,2011-05-23T00:00:00Z,6.6901000000000002,6.6901000000000002,6.6901000000000002,6.6901000000000002,0,41943080.192499802,2011-05-22,2011-05-23,True,True
2011-05-23T00:00:00Z,2011-05-24T00:00:00Z,7.1498999999999997,7.1498999999999997,7.1498999999999997,7.1498999999999997,0,44944683.512291297,2011-05-23,2011-05-24,True,True
2011-05-24T00:00:00Z,2011-05-25T00:00:00Z,7.4199999999999999,7.4199999999999999,7.4199999999999999,7.4199999999999999,0,46725780.5,2011-05-24,2011-05-25,True,True
2011-05-25T00:00:00Z,2011-05-26T00:00:00Z,8.3996999999999993,8.3996999999999993,8.3996999999999993,8.3996999999999993,0,53063661.051562697,2011-05-25,2011-05-26,True,True
2011-05-26T00:00:00Z,2011-05-27T00:00:00Z,8.798,8.798,8.798,8.798,0,55648889.6499997,2011-05-26,2011-05-27,True,True
2011-05-27T00:00:00Z,2011-05-28T00:00:00Z,8.5001999999999995,8.5001999999999995,8.5001999999999995,8.5001999999999995,0,53972840.405416399,2011-05-27,2011-05-28,True,True
2011-05-28T00:00:00Z,2011-05-29T00:00:00Z,8.3001000000000005,8.3001000000000005,8.3001000000000005,8.3001000000000005,0,52730327.797500201,2011-05-28,2011-05-29,True,True
2011-05-29T00:00:00Z,2011-05-30T00:00:00Z,8.4298999999999999,8.4298999999999999,8.4298999999999999,8.4298999999999999,0,53554943.952499799,2011-05-29,2011-05-30,True,True
2011-05-30T00:00:00Z,2011-05-31T00:00:00Z,8.8000000000000007,8.8000000000000007,8.8000000000000007,8.8000000000000007,0,56020210.277777798,2011-05-30,2011-05-31,True,True
2011-05-31T00:00:00Z,2011-06-01T00:00:00Z,8.7409999999999997,8.7409999999999997,8.7409999999999997,8.7409999999999997,0,55774791.325000301,2011-05-31,2011-06-01,True,True
2011-06-01T00:00:00Z,2011-06-02T00:00:00Z,9.5700000000000003,9.5700000000000003,9.5700000000000003,9.5700000000000003,0,61064495.25,2011-06-01,2011-06-02,True,True
2011-06-02T00:00:00Z,2011-06-03T00:00:00Z,10.6,10.6,10.6,10.6,0,67698357.5,2011-06-02,2011-06-03,True,True
2011-06-03T00:00:00Z,2011-06-04T00:00:00Z,14.289999999999999,14.289999999999999,14.289999999999999,14.289999999999999,0,91580680.25,2011-06-03,2011-06-04,True,True
2011-06-04T00:00:00Z,2011-06-05T00:00:00Z,18.890000000000001,18.890000000000001,18.890000000000001,18.890000000000001,0,121060815.25,2011-06-04,2011-06-05,True,True
2011-06-05T00:00:00Z,2011-06-06T00:00:00Z,16.699999999999999,16.699999999999999,16.699999999999999,16.699999999999999,0,107269231.04600701,2011-06-05,2011-06-06,True,True
2011-06-06T00:00:00Z,2011-06-07T00:00:00Z,18.549900000000001,18.549900000000001,18.549900000000001,18.549900000000001,0,119397126.971249,2011-06-06,2011-06-07,True,True
2011-06-07T00:00:00Z,2011-06-08T00:00:00Z,23.923400000000001,23.923400000000001,23.923400000000001,23.923400000000001,0,153983861.227501,2011-06-07,2011-06-08,True,True
2011-06-08T00:00:00Z,2011-06-09T00:00:00Z,29.600000000000001,29.600000000000001,29.600000000000001,29.600000000000001,0,191188140.79861099,2011-06-08,2011-06-09,True,True
2011-06-09T00:00:00Z,2011-06-10T00:00:00Z,28.919,28.919,28.919,28.919,0,186943260.625,2011-06-09,2011-06-10,True,True
2011-06-10T00:00:00Z,2011-06-11T00:00:00Z,23.9497,23.9497,23.9497,23.9497,0,154951615.18270901,2011-06-10,2011-06-11,True,True
2011-06-11T00:00:00Z,2011-06-12T00:00:00Z,14.6511,14.6511,14.6511,14.6511,0,95117505.142500594,2011-06-11,2011-06-12,True,True
2011-06-12T00:00:00Z,2011-06-13T00:00:00Z,18.546399999999998,18.546399999999998,18.546399999999998,18.546399999999998,0,120406474.419999,2011-06-12,2011-06-13,True,True
2011-06-13T00:00:00Z,2011-06-14T00:00:00Z,19.84,19.84,19.84,19.84,0,129247142.666667,2011-06-13,2011-06-14,True,True
2011-06-14T00:00:00Z,2011-06-15T00:00:00Z,19.280000000000001,19.280000000000001,19.280000000000001,19.280000000000001,0,125705118,2011-06-14,2011-06-15,True,True
2011-06-15T00:00:00Z,2011-06-16T00:00:00Z,19.489999999999998,19.489999999999998,19.489999999999998,19.489999999999998,0,127380968.951389,2011-06-15,2011-06-16,True,True
2011-06-16T00:00:00Z,2011-06-17T00:00:00Z,17,17,17,17,0,111312175,2011-06-16,2011-06-17,True,True
2011-06-17T00:00:00Z,2011-06-18T00:00:00Z,15.680999999999999,15.680999999999999,15.680999999999999,15.680999999999999,0,102675659.77500001,2011-06-17,2011-06-18,True,True
2011-06-18T00:00:00Z,2011-06-19T00:00:00Z,16.890000000000001,16.890000000000001,16.890000000000001,16.890000000000001,0,110992986.875,2011-06-18,2011-06-19,True,True
2011-06-19T00:00:00Z,2011-06-20T00:00:00Z,17.510000000000002,17.510000000000002,17.510000000000002,17.510000000000002,0,115138318.25,2011-06-19,2011-06-20,True,True
2011-06-20T00:00:00Z,2011-06-21T00:00:00Z,17.510000000000002,17.510000000000002,17.510000000000002,17.510000000000002,0,115293537.104167,2011-06-20,2011-06-21,True,True
2011-06-21T00:00:00Z,2011-06-22T00:00:00Z,17.510000000000002,17.510000000000002,17.510000000000002,17.510000000000002,0,115624220.75,2011-06-21,2011-06-22,True,True
2011-06-22T00:00:00Z,2011-06-23T00:00:00Z,17.510000000000002,17.510000000000002,17.510000000000002,17.510000000000002,0,115665077.416667,2011-06-22,2011-06-23,True,True
2011-06-23T00:00:00Z,2011-06-24T00:00:00Z,17.510000000000002,17.510000000000002,17.510000000000002,17.510000000000002,0,116114500.75,2011-06-23,2011-06-24,True,True
2011-06-24T00:00:00Z,2011-06-25T00:00:00Z,17.510000000000002,17.510000000000002,17.510000000000002,17.510000000000002,0,116114500.75,2011-06-24,2011-06-25,True,True
2011-06-25T00:00:00Z,2011-06-26T00:00:00Z,17.510000000000002,17.510000000000002,17.510000000000002,17.510000000000002,0,116359579.951389,2011-06-25,2011-06-26,True,True
2011-06-26T00:00:00Z,2011-06-27T00:00:00Z,16.449999999999999,16.449999999999999,16.449999999999999,16.449999999999999,0,109542606.25,2011-06-26,2011-06-27,True,True
2011-06-27T00:00:00Z,2011-06-28T00:00:00Z,16.75,16.75,16.75,16.75,0,111540343.75,2011-06-27,2011-06-28,True,True
2011-06-28T00:00:00Z,2011-06-29T00:00:00Z,16.9498,16.9498,16.9498,16.9498,0,112870836.924999,2011-06-28,2011-06-29,True,True
2011-06-29T00:00:00Z,2011-06-30T00:00:00Z,16.844999999999999,16.844999999999999,16.844999999999999,16.844999999999999,0,112627424.6875,2011-06-29,2011-06-30,True,True
2011-06-30T00:00:00Z,2011-07-01T00:00:00Z,16.100999999999999,16.100999999999999,16.100999999999999,16.100999999999999,0,107665374.375,2011-06-30,2011-07-01,True,True
2011-07-01T00:00:00Z,2011-07-02T00:00:00Z,15.397,15.397,15.397,15.397,0,102957814.375,2011-07-01,2011-07-02,True,True
2011-07-02T00:00:00Z,2011-07-03T00:00:00Z,15.4,15.4,15.4,15.4,0,103342074.305556,2011-07-02,2011-07-03,True,True
2011-07-03T00:00:00Z,2011-07-04T00:00:00Z,15.4405,15.4405,15.4405,15.4405,0,103677939.337501,2011-07-03,2011-07-04,True,True
2011-07-04T00:00:00Z,2011-07-05T00:00:00Z,13.859999999999999,13.859999999999999,13.859999999999999,13.859999999999999,0,93065395.5,2011-07-04,2011-07-05,True,True
2011-07-05T00:00:00Z,2011-07-06T00:00:00Z,12.9069,12.9069,12.9069,12.9069,0,86820127.179999605,2011-07-05,2011-07-06,True,True
2011-07-06T00:00:00Z,2011-07-07T00:00:00Z,14.7835,14.7835,14.7835,14.7835,0,99677379.162499607,2011-07-06,2011-07-07,True,True
2011-07-07T00:00:00Z,2011-07-08T00:00:00Z,14.7761,14.7761,14.7761,14.7761,0,99627484.847499907,2011-07-07,2011-07-08,True,True
2011-07-08T00:00:00Z,2011-07-09T00:00:00Z,14.314,14.314,14.314,14.314,0,96511787.150000393,2011-07-08,2011-07-09,True,True
2011-07-09T00:00:00Z,2011-07-10T00:00:00Z,14.380000000000001,14.380000000000001,14.380000000000001,14.380000000000001,0,97231133.9375,2011-07-09,2011-07-10,True,True
2011-07-10T00:00:00Z,2011-07-11T00:00:00Z,14.9,14.9,14.9,14.9,0,100876352.5,2011-07-10,2011-07-11,True,True
2011-07-11T00:00:00Z,2011-07-12T00:00:00Z,14.209099999999999,14.209099999999999,14.209099999999999,14.209099999999999,0,96198804.047500402,2011-07-11,2011-07-12,True,True
2011-07-12T00:00:00Z,2011-07-13T00:00:00Z,14.009399999999999,14.009399999999999,14.009399999999999,14.009399999999999,0,94846790.115000501,2011-07-12,2011-07-13,True,True
2011-07-13T00:00:00Z,2011-07-14T00:00:00Z,13.951000000000001,13.951000000000001,13.951000000000001,13.951000000000001,0,94813008.722395405,2011-07-13,2011-07-14,True,True
2011-07-14T00:00:00Z,2011-07-15T00:00:00Z,13.99,13.99,13.99,13.99,0,95103670.25,2011-07-14,2011-07-15,True,True
2011-07-15T00:00:00Z,2011-07-16T00:00:00Z,13.81,13.81,13.81,13.81,0,93880034.75,2011-07-15,2011-07-16,True,True
2011-07-16T00:00:00Z,2011-07-17T00:00:00Z,13.719099999999999,13.719099999999999,13.719099999999999,13.719099999999999,0,93499143.9107645,2011-07-16,2011-07-17,True,True
2011-07-17T00:00:00Z,2011-07-18T00:00:00Z,13.16,13.16,13.16,13.16,0,89827199,2011-07-17,2011-07-18,True,True
2011-07-18T00:00:00Z,2011-07-19T00:00:00Z,13.48,13.48,13.48,13.48,0,92011447,2011-07-18,2011-07-19,True,True
2011-07-19T00:00:00Z,2011-07-20T00:00:00Z,13.850199999999999,13.850199999999999,13.850199999999999,13.850199999999999,0,94589334.953749999,2011-07-19,2011-07-20,True,True
2011-07-20T00:00:00Z,2011-07-21T00:00:00Z,13.689399999999999,13.689399999999999,13.689399999999999,13.689399999999999,0,93822698.544999406,2011-07-20,2011-07-21,True,True
2011-07-21T00:00:00Z,2011-07-22T00:00:00Z,13.609999999999999,13.609999999999999,13.609999999999999,13.609999999999999,0,93278516.75,2011-07-21,2011-07-22,True,True
2011-07-22T00:00:00Z,2011-07-23T00:00:00Z,13.695399999999999,13.695399999999999,13.695399999999999,13.695399999999999,0,93863820.595000297,2011-07-22,2011-07-23,True,True
2011-07-23T00:00:00Z,2011-07-24T00:00:00Z,13.68,13.68,13.68,13.68,0,93887450.25,2011-07-23,2011-07-24,True,True
2011-07-24T00:00:00Z,2011-07-25T00:00:00Z,13.98,13.98,13.98,13.98,0,96202321.5,2011-07-24,2011-07-25,True,True
2011-07-25T00:00:00Z,2011-07-26T00:00:00Z,14.047800000000001,14.047800000000001,14.047800000000001,14.047800000000001,0,96668882.115000501,2011-07-25,2011-07-26,True,True
2011-07-26T00:00:00Z,2011-07-27T00:00:00Z,13.882099999999999,13.882099999999999,13.882099999999999,13.882099999999999,0,95528629.992500305,2011-07-26,2011-07-27,True,True
2011-07-27T00:00:00Z,2011-07-28T00:00:00Z,13.939399999999999,13.939399999999999,13.939399999999999,13.939399999999999,0,96305756.097639307,2011-07-27,2011-07-28,True,True
2011-07-28T00:00:00Z,2011-07-29T00:00:00Z,13.4901,13.4901,13.4901,13.4901,0,93206810.677500501,2011-07-28,2011-07-29,True,True
2011-07-29T00:00:00Z,2011-07-30T00:00:00Z,13.4983,13.4983,13.4983,13.4983,0,93263466.732499406,2011-07-29,2011-07-30,True,True
2011-07-30T00:00:00Z,2011-07-31T00:00:00Z,13.5303,13.5303,13.5303,13.5303,0,93697285.217812195,2011-07-30,2011-07-31,True,True
2011-07-31T00:00:00Z,2011-08-01T00:00:00Z,13.35,13.35,13.35,13.35,0,92611953.75,2011-07-31,2011-08-01,True,True
2011-08-01T00:00:00Z,2011-08-02T00:00:00Z,13.0946,13.0946,13.0946,13.0946,0,90840186.485000402,2011-08-01,2011-08-02,True,True
2011-08-02T00:00:00Z,2011-08-03T00:00:00Z,12.050000000000001,12.050000000000001,12.050000000000001,12.050000000000001,0,83654480.694444507,2011-08-02,2011-08-03,True,True
2011-08-03T00:00:00Z,2011-08-04T00:00:00Z,9.2599999999999998,9.2599999999999998,9.2599999999999998,9.2599999999999998,0,64497983.5,2011-08-03,2011-08-04,True,True
2011-08-04T00:00:00Z,2011-08-05T00:00:00Z,10.75,10.75,10.75,10.75,0,74876168.75,2011-08-04,2011-08-05,True,True
2011-08-05T00:00:00Z,2011-08-06T00:00:00Z,9.7998999999999992,9.7998999999999992,9.7998999999999992,9.7998999999999992,0,68258508.477500498,2011-08-05,2011-08-06,True,True
2011-08-06T00:00:00Z,2011-08-07T00:00:00Z,6.5499999999999998,6.5499999999999998,6.5499999999999998,6.5499999999999998,0,45642070.477430597,2011-08-06,2011-08-07,True,True
2011-08-07T00:00:00Z,2011-08-08T00:00:00Z,7.9000000000000004,7.9000000000000004,7.9000000000000004,7.9000000000000004,0,55247662.5,2011-08-07,2011-08-08,True,True
2011-08-08T00:00:00Z,2011-08-09T00:00:00Z,7.7999000000000001,7.7999000000000001,7.7999000000000001,7.7999000000000001,0,54547625.6625003,2011-08-08,2011-08-09,True,True
2011-08-09T00:00:00Z,2011-08-10T00:00:00Z,9.9900000000000002,9.9900000000000002,9.9900000000000002,9.9900000000000002,0,69863816.25,2011-08-09,2011-08-10,True,True
2011-08-10T00:00:00Z,2011-08-11T00:00:00Z,9.9800000000000004,9.9800000000000004,9.9800000000000004,9.9800000000000004,0,69804631.791666701,2011-08-10,2011-08-11,True,True
2011-08-11T00:00:00Z,2011-08-12T00:00:00Z,9.4625000000000004,9.4625000000000004,9.4625000000000004,9.4625000000000004,0,66441653.4375,2011-08-11,2011-08-12,True,True
2011-08-12T00:00:00Z,2011-08-13T00:00:00Z,9.4604999999999997,9.4604999999999997,9.4604999999999997,9.4604999999999997,0,66427610.287500098,2011-08-12,2011-08-13,True,True
2011-08-13T00:00:00Z,2011-08-14T00:00:00Z,10.131,10.131,10.131,10.131,0,71135576.325000405,2011-08-13,2011-08-14,True,True
2011-08-14T00:00:00Z,2011-08-15T00:00:00Z,10.7957,10.7957,10.7957,10.7957,0,75802817.227500498,2011-08-14,2011-08-15,True,True
2011-08-15T00:00:00Z,2011-08-16T00:00:00Z,11.149800000000001,11.149800000000001,11.149800000000001,11.149800000000001,0,78510274.309844106,2011-08-15,2011-08-16,True,True
2011-08-16T00:00:00Z,2011-08-17T00:00:00Z,10.9641,10.9641,10.9641,10.9641,0,77301519.058750093,2011-08-16,2011-08-17,True,True
2011-08-17T00:00:00Z,2011-08-18T00:00:00Z,10.945600000000001,10.945600000000001,10.945600000000001,10.945600000000001,0,77171086.2733334,2011-08-17,2011-08-18,True,True
2011-08-18T00:00:00Z,2011-08-19T00:00:00Z,10.83,10.83,10.83,10.83,0,76356057.625,2011-08-18,2011-08-19,True,True
2011-08-19T00:00:00Z,2011-08-20T00:00:00Z,11.65,11.65,11.65,11.65,0,82342965.963903502,2011-08-19,2011-08-20,True,True
2011-08-20T00:00:00Z,2011-08-21T00:00:00Z,11.452999999999999,11.452999999999999,11.452999999999999,11.452999999999999,0,81073615.702083498,2011-08-20,2011-08-21,True,True
2011-08-21T00:00:00Z,2011-08-22T00:00:00Z,11.311299999999999,11.311299999999999,11.311299999999999,11.311299999999999,0,80070548.266041204,2011-08-21,2011-08-22,True,True
2011-08-22T00:00:00Z,2011-08-23T00:00:00Z,10.895,10.895,10.895,10.895,0,77123639.489583194,2011-08-22,2011-08-23,True,True
2011-08-23T00:00:00Z,2011-08-24T00:00:00Z,10.94,10.94,10.94,10.94,0,77725782.350115702,2011-08-23,2011-08-24,True,True
2011-08-24T00:00:00Z,2011-08-25T00:00:00Z,10.8506,10.8506,10.8506,10.8506,0,77120910.764999703,2011-08-24,2011-08-25,True,True
2011-08-25T00:00:00Z,2011-08-26T00:00:00Z,9.657,9.657,9.657,9.657,0,68637368.924999595,2011-08-25,2011-08-26,True,True
2011-08-26T00:00:00Z,2011-08-27T00:00:00Z,8.1793999999999993,8.1793999999999993,8.1793999999999993,8.1793999999999993,0,58135289.985000201,2011-08-26,2011-08-27,True,True
2011-08-27T00:00:00Z,2011-08-28T00:00:00Z,8.5901999999999994,8.5901999999999994,8.5901999999999994,8.5901999999999994,0,61276855.446666896,2011-08-27,2011-08-28,True,True
2011-08-28T00:00:00Z,2011-08-29T00:00:00Z,9.0701000000000001,9.0701000000000001,9.0701000000000001,9.0701000000000001,0,64725367.362499699,2011-08-28,2011-08-29,True,True
2011-08-29T00:00:00Z,2011-08-30T00:00:00Z,8.9689999999999994,8.9689999999999994,8.9689999999999994,8.9689999999999994,0,64003905.125,2011-08-29,2011-08-30,True,True
2011-08-30T00:00:00Z,2011-08-31T00:00:00Z,8.7912999999999997,8.7912999999999997,8.7912999999999997,8.7912999999999997,0,62735815.712499797,2011-08-30,2011-08-31,True,True
2011-08-31T00:00:00Z,2011-09-01T00:00:00Z,8.1995000000000005,8.1995000000000005,8.1995000000000005,8.1995000000000005,0,58674784.255946003,2011-08-31,2011-09-01,True,True
2011-09-01T00:00:00Z,2011-09-02T00:00:00Z,8.2100000000000009,8.2100000000000009,8.2100000000000009,8.2100000000000009,0,58816764.979166403,2011-09-01,2011-09-02,True,True
2011-09-02T00:00:00Z,2011-09-03T00:00:00Z,8.6400000000000006,8.6400000000000006,8.6400000000000006,8.6400000000000006,0,61897302,2011-09-02,2011-09-03,True,True
2011-09-03T00:00:00Z,2011-09-04T00:00:00Z,8.4800000000000004,8.4800000000000004,8.4800000000000004,8.4800000000000004,0,60751055.666666403,2011-09-03,2011-09-04,True,True
2011-09-04T00:00:00Z,2011-09-05T00:00:00Z,8.1780000000000008,8.1780000000000008,8.1780000000000008,8.1780000000000008,0,58771445.759331897,2011-09-04,2011-09-05,True,True
2011-09-05T00:00:00Z,2011-09-06T00:00:00Z,7.6109999999999998,7.6109999999999998,7.6109999999999998,7.6109999999999998,0,54740785.575000301,2011-09-05,2011-09-06,True,True
2011-09-06T00:00:00Z,2011-09-07T00:00:00Z,6.8628,6.8628,6.8628,6.8628,0,49359488.010000199,2011-09-06,2011-09-07,True,True
2011-09-07T00:00:00Z,2011-09-08T00:00:00Z,7.1863999999999999,7.1863999999999999,7.1863999999999999,7.1863999999999999,0,51686924.379999697,2011-09-07,2011-09-08,True,True
2011-09-08T00:00:00Z,2011-09-09T00:00:00Z,6.5300000000000002,6.5300000000000002,6.5300000000000002,6.5300000000000002,0,47114768.517361097,2011-09-08,2011-09-09,True,True
2011-09-09T00:00:00Z,2011-09-10T00:00:00Z,5.0300000000000002,5.0300000000000002,5.0300000000000002,5.0300000000000002,0,36321001.25,2011-09-09,2011-09-10,True,True
2011-09-10T00:00:00Z,2011-09-11T00:00:00Z,4.7739000000000003,4.7739000000000003,4.7739000000000003,4.7739000000000003,0,34471735.162500203,2011-09-10,2011-09-11,True,True
2011-09-11T00:00:00Z,2011-09-12T00:00:00Z,5.8643999999999998,5.8643999999999998,5.8643999999999998,5.8643999999999998,0,42346099.350000203,2011-09-11,2011-09-12,True,True
2011-09-12T00:00:00Z,2011-09-13T00:00:00Z,6.0780000000000003,6.0780000000000003,6.0780000000000003,6.0780000000000003,0,43993779.5999998,2011-09-12,2011-09-13,True,True
2011-09-13T00:00:00Z,2011-09-14T00:00:00Z,5.7999999999999998,5.7999999999999998,5.7999999999999998,5.7999999999999998,0,42045505,2011-09-13,2011-09-14,True,True
2011-09-14T00:00:00Z,2011-09-15T00:00:00Z,5.6193,5.6193,5.6193,5.6193,0,40735570.042499699,2011-09-14,2011-09-15,True,True
2011-09-15T00:00:00Z,2011-09-16T00:00:00Z,4.8399999999999999,4.8399999999999999,4.8399999999999999,4.8399999999999999,0,35086249,2011-09-15,2011-09-16,True,True
2011-09-16T00:00:00Z,2011-09-17T00:00:00Z,4.8200000000000003,4.8200000000000003,4.8200000000000003,4.8200000000000003,0,35016848.125,2011-09-16,2011-09-17,True,True
2011-09-17T00:00:00Z,2011-09-18T00:00:00Z,4.7699999999999996,4.7699999999999996,4.7699999999999996,4.7699999999999996,0,34716894.75,2011-09-17,2011-09-18,True,True
2011-09-18T00:00:00Z,2011-09-19T00:00:00Z,5.2000000000000002,5.2000000000000002,5.2000000000000002,5.2000000000000002,0,37846510,2011-09-18,2011-09-19,True,True
2011-09-19T00:00:00Z,2011-09-20T00:00:00Z,5.46,5.46,5.46,5.46,0,39738835.5,2011-09-19,2011-09-20,True,True
2011-09-20T00:00:00Z,2011-09-21T00:00:00Z,6.1119000000000003,6.1119000000000003,6.1119000000000003,6.1119000000000003,0,44550742.637500003,2011-09-20,2011-09-21,True,True
2011-09-21T00:00:00Z,2011-09-22T00:00:00Z,5.6113999999999997,5.6113999999999997,5.6113999999999997,5.6113999999999997,0,40999553.814999998,2011-09-21,2011-09-22,True,True
2011-09-22T00:00:00Z,2011-09-23T00:00:00Z,5.4278000000000004,5.4278000000000004,5.4278000000000004,5.4278000000000004,0,39658085.004999898,2011-09-22,2011-09-23,True,True
2011-09-23T00:00:00Z,2011-09-24T00:00:00Z,5.5450999999999997,5.5450999999999997,5.5450999999999997,5.5450999999999997,0,40515134.5224998,2011-09-23,2011-09-24,True,True
2011-09-24T00:00:00Z,2011-09-25T00:00:00Z,5.4683000000000002,5.4683000000000002,5.4683000000000002,5.4683000000000002,0,40005750.5248264,2011-09-24,2011-09-25,True,True
2011-09-25T00:00:00Z,2011-09-26T00:00:00Z,5.3300000000000001,5.3300000000000001,5.3300000000000001,5.3300000000000001,0,39093284.75,2011-09-25,2011-09-26,True,True
2011-09-26T00:00:00Z,2011-09-27T00:00:00Z,4.8696999999999999,4.8696999999999999,4.8696999999999999,4.8696999999999999,0,35717179.877499901,2011-09-26,2011-09-27,True,True
2011-09-27T00:00:00Z,2011-09-28T00:00:00Z,4.9156000000000004,4.9156000000000004,4.9156000000000004,4.9156000000000004,0,36053836.870000102,2011-09-27,2011-09-28,True,True
2011-09-28T00:00:00Z,2011-09-29T00:00:00Z,4.7725,4.7725,4.7725,4.7725,0,35028260.885416701,2011-09-28,2011-09-29,True,True
2011-09-29T00:00:00Z,2011-09-30T00:00:00Z,4.7793999999999999,4.7793999999999999,4.7793999999999999,4.7793999999999999,0,35190602.7150001,2011-09-29,2011-09-30,True,True
2011-09-30T00:00:00Z,2011-10-01T00:00:00Z,5.1401000000000003,5.1401000000000003,5.1401000000000003,5.1401000000000003,0,37846427.797499999,2011-09-30,2011-10-01,True,True
2011-10-01T00:00:00Z,2011-10-02T00:00:00Z,5.0324,5.0324,5.0324,5.0324,0,37053435.390000001,2011-10-01,2011-10-02,True,True
2011-10-02T00:00:00Z,2011-10-03T00:00:00Z,5.0270000000000001,5.0270000000000001,5.0270000000000001,5.0270000000000001,0,37013675.325000003,2011-10-02,2011-10-03,True,True
2011-10-03T00:00:00Z,2011-10-04T00:00:00Z,5.024,5.024,5.024,5.024,0,37113585.866666697,2011-10-03,2011-10-04,True,True
2011-10-04T00:00:00Z,2011-10-05T00:00:00Z,4.96,4.96,4.96,4.96,0,36660228,2011-10-04,2011-10-05,True,True
2011-10-05T00:00:00Z,2011-10-06T00:00:00Z,4.8700000000000001,4.8700000000000001,4.8700000000000001,4.8700000000000001,0,35995022.25,2011-10-05,2011-10-06,True,True
2011-10-06T00:00:00Z,2011-10-07T00:00:00Z,4.7343999999999999,4.7343999999999999,4.7343999999999999,4.7343999999999999,0,34992778.920000099,2011-10-06,2011-10-07,True,True
2011-10-07T00:00:00Z,2011-10-08T00:00:00Z,4.2728000000000002,4.2728000000000002,4.2728000000000002,4.2728000000000002,0,31645743.2345833,2011-10-07,2011-10-08,True,True
2011-10-08T00:00:00Z,2011-10-09T00:00:00Z,4.0075000000000003,4.0075000000000003,4.0075000000000003,4.0075000000000003,0,29734414.354166798,2011-10-08,2011-10-09,True,True
2011-10-09T00:00:00Z,2011-10-10T00:00:00Z,4.1029,4.1029,4.1029,4.1029,0,30442252.939166799,2011-10-09,2011-10-10,True,True
2011-10-10T00:00:00Z,2011-10-11T00:00:00Z,4.0999999999999996,4.0999999999999996,4.0999999999999996,4.0999999999999996,0,30420735.833333202,2011-10-10,2011-10-11,True,True
2011-10-11T00:00:00Z,2011-10-12T00:00:00Z,3.9308000000000001,3.9308000000000001,3.9308000000000001,3.9308000000000001,0,29165324.0033333,2011-10-11,2011-10-12,True,True
2011-10-12T00:00:00Z,2011-10-13T00:00:00Z,4.1500000000000004,4.1500000000000004,4.1500000000000004,4.1500000000000004,0,30883890.523726899,2011-10-12,2011-10-13,True,True
2011-10-13T00:00:00Z,2011-10-14T00:00:00Z,4.0461999999999998,4.0461999999999998,4.0461999999999998,4.0461999999999998,0,30137614.925000101,2011-10-13,2011-10-14,True,True
2011-10-14T00:00:00Z,2011-10-15T00:00:00Z,3.9878999999999998,3.9878999999999998,3.9878999999999998,3.9878999999999998,0,29703374.662500199,2011-10-14,2011-10-15,True,True
2011-10-15T00:00:00Z,2011-10-16T00:00:00Z,3.8420999999999998,3.8420999999999998,3.8420999999999998,3.8420999999999998,0,28617401.587499902,2011-10-15,2011-10-16,True,True
2011-10-16T00:00:00Z,2011-10-17T00:00:00Z,3.5569999999999999,3.5569999999999999,3.5569999999999999,3.5569999999999999,0,26505414.377864499,2011-10-16,2011-10-17,True,True
2011-10-17T00:00:00Z,2011-10-18T00:00:00Z,2.5600000000000001,2.5600000000000001,2.5600000000000001,2.5600000000000001,0,19140352,2011-10-17,2011-10-18,True,True
2011-10-18T00:00:00Z,2011-10-19T00:00:00Z,2.419,2.419,2.419,2.419,0,18086137.300000101,2011-10-18,2011-10-19,True,True
2011-10-19T00:00:00Z,2011-10-20T00:00:00Z,2.27,2.27,2.27,2.27,0,16972109,2011-10-19,2011-10-20,True,True
2011-10-20T00:00:00Z,2011-10-21T00:00:00Z,2.3479999999999999,2.3479999999999999,2.3479999999999999,2.3479999999999999,0,17555291.600000001,2011-10-20,2011-10-21,True,True
2011-10-21T00:00:00Z,2011-10-22T00:00:00Z,2.5699999999999998,2.5699999999999998,2.5699999999999998,2.5699999999999998,0,19254410.552083299,2011-10-21,2011-10-22,True,True
2011-10-22T00:00:00Z,2011-10-23T00:00:00Z,3.1587999999999998,3.1587999999999998,3.1587999999999998,3.1587999999999998,0,23706557.0900001,2011-10-22,2011-10-23,True,True
2011-10-23T00:00:00Z,2011-10-24T00:00:00Z,3.1699999999999999,3.1699999999999999,3.1699999999999999,3.1699999999999999,0,23790612.25,2011-10-23,2011-10-24,True,True
2011-10-24T00:00:00Z,2011-10-25T00:00:00Z,2.5449999999999999,2.5449999999999999,2.5449999999999999,2.5449999999999999,0,19100034.125,2011-10-24,2011-10-25,True,True
2011-10-25T00:00:00Z,2011-10-26T00:00:00Z,2.77,2.77,2.77,2.77,0,20788642.25,2011-10-25,2011-10-26,True,True
2011-10-26T00:00:00Z,2011-10-27T00:00:00Z,2.7730000000000001,2.7730000000000001,2.7730000000000001,2.7730000000000001,0,20859316.717360999,2011-10-26,2011-10-27,True,True
2011-10-27T00:00:00Z,2011-10-28T00:00:00Z,3.04,3.04,3.04,3.04,0,22900396,2011-10-27,2011-10-28,True,True
2011-10-28T00:00:00Z,2011-10-29T00:00:00Z,3.1899999999999999,3.1899999999999999,3.1899999999999999,3.1899999999999999,0,24030349.75,2011-10-28,2011-10-29,True,True
2011-10-29T00:00:00Z,2011-10-30T00:00:00Z,3.5811000000000002,3.5811000000000002,3.5811000000000002,3.5811000000000002,0,26976515.827500101,2011-10-29,2011-10-30,True,True
2011-10-30T00:00:00Z,2011-10-31T00:00:00Z,3.27,3.27,3.27,3.27,0,24632991.75,2011-10-30,2011-10-31,True,True
2011-10-31T00:00:00Z,2011-11-01T00:00:00Z,3.2480000000000002,3.2480000000000002,3.2480000000000002,3.2480000000000002,0,24525475.449999899,2011-10-31,2011-11-01,True,True
2011-11-01T00:00:00Z,2011-11-02T00:00:00Z,3.1499999999999999,3.1499999999999999,3.1499999999999999,3.1499999999999999,0,23816913.75,2011-11-01,2011-11-02,True,True
2011-11-02T00:00:00Z,2011-11-03T00:00:00Z,3.2543000000000002,3.2543000000000002,3.2543000000000002,3.2543000000000002,0,24605518.227499999,2011-11-02,2011-11-03,True,True
2011-11-03T00:00:00Z,2011-11-04T00:00:00Z,3.1520000000000001,3.1520000000000001,3.1520000000000001,3.1520000000000001,0,23832035.600000098,2011-11-03,2011-11-04,True,True
2011-11-04T00:00:00Z,2011-11-05T00:00:00Z,3.109,3.109,3.109,3.109,0,23563237.303125098,2011-11-04,2011-11-05,True,True
2011-11-05T00:00:00Z,2011-11-06T00:00:00Z,2.9700000000000002,2.9700000000000002,2.9700000000000002,2.9700000000000002,0,22538810.25,2011-11-05,2011-11-06,True,True
2011-11-06T00:00:00Z,2011-11-07T00:00:00Z,2.9596,2.9596,2.9596,2.9596,0,22459886.469999999,2011-11-06,2011-11-07,True,True
2011-11-07T00:00:00Z,2011-11-08T00:00:00Z,3.0068000000000001,3.0068000000000001,3.0068000000000001,3.0068000000000001,0,22818079.010000199,2011-11-07,2011-11-08,True,True
2011-11-08T00:00:00Z,2011-11-09T00:00:00Z,3.0350000000000001,3.0350000000000001,3.0350000000000001,3.0350000000000001,0,23078653.736979298,2011-11-08,2011-11-09,True,True
2011-11-09T00:00:00Z,2011-11-10T00:00:00Z,2.9500000000000002,2.9500000000000002,2.9500000000000002,2.9500000000000002,0,22472239.583333299,2011-11-09,2011-11-10,True,True
2011-11-10T00:00:00Z,2011-11-11T00:00:00Z,2.8399000000000001,2.8399000000000001,2.8399000000000001,2.8399000000000001,0,21633529.895833299,2011-11-10,2011-11-11,True,True
2011-11-11T00:00:00Z,2011-11-12T00:00:00Z,3.0800000000000001,3.0800000000000001,3.0800000000000001,3.0800000000000001,0,23462541.666666701,2011-11-11,2011-11-12,True,True
2011-11-12T00:00:00Z,2011-11-13T00:00:00Z,3.0310000000000001,3.0310000000000001,3.0310000000000001,3.0310000000000001,0,23127989.370370399,2011-11-12,2011-11-13,True,True
2011-11-13T00:00:00Z,2011-11-14T00:00:00Z,2.9969000000000001,2.9969000000000001,2.9969000000000001,2.9969000000000001,0,22918418.137499899,2011-11-13,2011-11-14,True,True
2011-11-14T00:00:00Z,2011-11-15T00:00:00Z,2.2200000000000002,2.2200000000000002,2.2200000000000002,2.2200000000000002,0,16977172.5,2011-11-14,2011-11-15,True,True
2011-11-15T00:00:00Z,2011-11-16T00:00:00Z,2.3290000000000002,2.3290000000000002,2.3290000000000002,2.3290000000000002,0,17810736.375,2011-11-15,2011-11-16,True,True
2011-11-16T00:00:00Z,2011-11-17T00:00:00Z,2.5604,2.5604,2.5604,2.5604,0,19620807.4944444,2011-11-16,2011-11-17,True,True
2011-11-17T00:00:00Z,2011-11-18T00:00:00Z,2.25,2.25,2.25,2.25,0,17270606.25,2011-11-17,2011-11-18,True,True
2011-11-18T00:00:00Z,2011-11-19T00:00:00Z,2.0499999999999998,2.0499999999999998,2.0499999999999998,2.0499999999999998,0,15735441.25,2011-11-18,2011-11-19,True,True
2011-11-19T00:00:00Z,2011-11-20T00:00:00Z,2.1959,2.1959,2.1959,2.1959,0,16855344.1175,2011-11-19,2011-11-20,True,True
2011-11-20T00:00:00Z,2011-11-21T00:00:00Z,2.2000000000000002,2.2000000000000002,2.2000000000000002,2.2000000000000002,0,16907322.361111101,2011-11-20,2011-11-21,True,True
2011-11-21T00:00:00Z,2011-11-22T00:00:00Z,2.294,2.294,2.294,2.294,0,17672493.304166701,2011-11-21,2011-11-22,True,True
2011-11-22T00:00:00Z,2011-11-23T00:00:00Z,2.3289,2.3289,2.3289,2.3289,0,17941355.560625099,2011-11-22,2011-11-23,True,True
2011-11-23T00:00:00Z,2011-11-24T00:00:00Z,2.3321000000000001,2.3321000000000001,2.3321000000000001,2.3321000000000001,0,17966007.6872917,2011-11-23,2011-11-24,True,True
2011-11-24T00:00:00Z,2011-11-25T00:00:00Z,2.4321000000000002,2.4321000000000002,2.4321000000000002,2.4321000000000002,0,18736386.6456251,2011-11-24,2011-11-25,True,True
2011-11-25T00:00:00Z,2011-11-26T00:00:00Z,2.5061,2.5061,2.5061,2.5061,0,19369379.0496854,2011-11-25,2011-11-26,True,True
2011-11-26T00:00:00Z,2011-11-27T00:00:00Z,2.4700000000000002,2.4700000000000002,2.4700000000000002,2.4700000000000002,0,19100077.75,2011-11-26,2011-11-27,True,True
2011-11-27T00:00:00Z,2011-11-28T00:00:00Z,2.4799000000000002,2.4799000000000002,2.4799000000000002,2.4799000000000002,0,19176632.717500001,2011-11-27,2011-11-28,True,True
2011-11-28T00:00:00Z,2011-11-29T00:00:00Z,2.5499999999999998,2.5499999999999998,2.5499999999999998,2.5499999999999998,0,19718703.75,2011-11-28,2011-11-29,True,True
2011-11-29T00:00:00Z,2011-11-30T00:00:00Z,2.7502,2.7502,2.7502,2.7502,0,21292850.541666701,2011-11-29,2011-11-30,True,True
2011-11-30T00:00:00Z,2011-12-01T00:00:00Z,2.9701,2.9701,2.9701,2.9701,0,23051614.372500099,2011-11-30,2011-12-01,True,True
2011-12-01T00:00:00Z,2011-12-02T00:00:00Z,3.0600000000000001,3.0600000000000001,3.0600000000000001,3.0600000000000001,0,23749348.5,2011-12-01,2011-12-02,True,True
2011-12-02T00:00:00Z,2011-12-03T00:00:00Z,3.1151,3.1151,3.1151,3.1151,0,24176991.997500099,2011-12-02,2011-12-03,True,True
2011-12-03T00:00:00Z,2011-12-04T00:00:00Z,2.794,2.794,2.794,2.794,0,21721753.7981482,2011-12-03,2011-12-04,True,True
2011-12-04T00:00:00Z,2011-12-05T00:00:00Z,2.8281000000000001,2.8281000000000001,2.8281000000000001,2.8281000000000001,0,22036248.822500199,2011-12-04,2011-12-05,True,True
2011-12-05T00:00:00Z,2011-12-06T00:00:00Z,2.8797999999999999,2.8797999999999999,2.8797999999999999,2.8797999999999999,0,22439089.6216667,2011-12-05,2011-12-06,True,True
2011-12-06T00:00:00Z,2011-12-07T00:00:00Z,3.0299999999999998,3.0299999999999998,3.0299999999999998,3.0299999999999998,0,23609431.75,2011-12-06,2011-12-07,True,True
2011-12-07T00:00:00Z,2011-12-08T00:00:00Z,2.9900000000000002,2.9900000000000002,2.9900000000000002,2.9900000000000002,0,23344924.285011701,2011-12-07,2011-12-08,True,True
2011-12-08T00:00:00Z,2011-12-09T00:00:00Z,2.98,2.98,2.98,2.98,0,23311316.958333299,2011-12-08,2011-12-09,True,True
2011-12-09T00:00:00Z,2011-12-10T00:00:00Z,2.9700000000000002,2.9700000000000002,2.9700000000000002,2.9700000000000002,0,23233091.0625,2011-12-09,2011-12-10,True,True
2011-12-10T00:00:00Z,2011-12-11T00:00:00Z,3.0499999999999998,3.0499999999999998,3.0499999999999998,3.0499999999999998,0,23858898.229166701,2011-12-10,2011-12-11,True,True
2011-12-11T00:00:00Z,2011-12-12T00:00:00Z,3.2511000000000001,3.2511000000000001,3.2511000000000001,3.2511000000000001,0,25488762.002422001,2011-12-11,2011-12-12,True,True
2011-12-12T00:00:00Z,2011-12-13T00:00:00Z,3.1349999999999998,3.1349999999999998,3.1349999999999998,3.1349999999999998,0,24614380.65625,2011-12-12,2011-12-13,True,True
2011-12-13T00:00:00Z,2011-12-14T00:00:00Z,3.2498999999999998,3.2498999999999998,3.2498999999999998,3.2498999999999998,0,25516515.373125099,2011-12-13,2011-12-14,True,True
2011-12-14T00:00:00Z,2011-12-15T00:00:00Z,3.1499999999999999,3.1499999999999999,3.1499999999999999,3.1499999999999999,0,24732152.8125,2011-12-14,2011-12-15,True,True
2011-12-15T00:00:00Z,2011-12-16T00:00:00Z,3.2000000000000002,3.2000000000000002,3.2000000000000002,3.2000000000000002,0,25169384.375000101,2011-12-15,2011-12-16,True,True
2011-12-16T00:00:00Z,2011-12-17T00:00:00Z,3.2000000000000002,3.2000000000000002,3.2000000000000002,3.2000000000000002,0,25214666.666666798,2011-12-16,2011-12-17,True,True
2011-12-17T00:00:00Z,2011-12-18T00:00:00Z,3.2000999999999999,3.2000999999999999,3.2000999999999999,3.2000999999999999,0,25215454.625,2011-12-17,2011-12-18,True,True
2011-12-18T00:00:00Z,2011-12-19T00:00:00Z,3.1930000000000001,3.1930000000000001,3.1930000000000001,3.1930000000000001,0,25159509.583333202,2011-12-18,2011-12-19,True,True
2011-12-19T00:00:00Z,2011-12-20T00:00:00Z,3.5202,3.5202,3.5202,3.5202,0,27768698.316197898,2011-12-19,2011-12-20,True,True
2011-12-20T00:00:00Z,2011-12-21T00:00:00Z,3.9500000000000002,3.9500000000000002,3.9500000000000002,3.9500000000000002,0,31239463.75,2011-12-20,2011-12-21,True,True
2011-12-21T00:00:00Z,2011-12-22T00:00:00Z,3.8900000000000001,3.8900000000000001,3.8900000000000001,3.8900000000000001,0,30764940.25,2011-12-21,2011-12-22,True,True
2011-12-22T00:00:00Z,2011-12-23T00:00:00Z,3.8900999999999999,3.8900999999999999,3.8900999999999999,3.8900999999999999,0,30765731.1225002,2011-12-22,2011-12-23,True,True
2011-12-23T00:00:00Z,2011-12-24T00:00:00Z,3.9468000000000001,3.9468000000000001,3.9468000000000001,3.9468000000000001,0,31244489.1464063,2011-12-23,2011-12-24,True,True
2011-12-24T00:00:00Z,2011-12-25T00:00:00Z,3.9399999999999999,3.9399999999999999,3.9399999999999999,3.9399999999999999,0,31276655.75,2011-12-24,2011-12-25,True,True
2011-12-25T00:00:00Z,2011-12-26T00:00:00Z,4.2249999999999996,4.2249999999999996,4.2249999999999996,4.2249999999999996,0,33539053.4375,2011-12-25,2011-12-26,True,True
2011-12-26T00:00:00Z,2011-12-27T00:00:00Z,4.0179999999999998,4.0179999999999998,4.0179999999999998,4.0179999999999998,0,31895838.274999801,2011-12-26,2011-12-27,True,True
2011-12-27T00:00:00Z,2011-12-28T00:00:00Z,4.0700000000000003,4.0700000000000003,4.0700000000000003,4.0700000000000003,0,32369434.909867,2011-12-27,2011-12-28,True,True
2011-12-28T00:00:00Z,2011-12-29T00:00:00Z,4.1855000000000002,4.1855000000000002,4.1855000000000002,4.1855000000000002,0,33352322.4260417,2011-12-28,2011-12-29,True,True
2011-12-29T00:00:00Z,2011-12-30T00:00:00Z,4.1660000000000004,4.1660000000000004,4.1660000000000004,4.1660000000000004,0,33196935.904166501,2011-12-29,2011-12-30,True,True
2011-12-30T00:00:00Z,2011-12-31T00:00:00Z,4.2480000000000002,4.2480000000000002,4.2480000000000002,4.2480000000000002,0,33850356.149999797,2011-12-30,2011-12-31,True,True
2011-12-31T00:00:00Z,2012-01-01T00:00:00Z,4.7220000000000004,4.7220000000000004,4.7220000000000004,4.7220000000000004,0,37679799.838975601,2011-12-31,2012-01-01,True,True
2012-01-01T00:00:00Z,2012-01-02T00:00:00Z,5.2676999999999996,5.2676999999999996,5.2676999999999996,5.2676999999999996,0,42130197.624374896,2012-01-01,2012-01-02,True,True
2012-01-02T00:00:00Z,2012-01-03T00:00:00Z,5.2168000000000001,5.2168000000000001,5.2168000000000001,5.2168000000000001,0,41723107.801666401,2012-01-02,2012-01-03,True,True
2012-01-03T00:00:00Z,2012-01-04T00:00:00Z,4.8807999999999998,4.8807999999999998,4.8807999999999998,4.8807999999999998,0,39035835.101666696,2012-01-03,2012-01-04,True,True
2012-01-04T00:00:00Z,2012-01-05T00:00:00Z,5.5738000000000003,5.5738000000000003,5.5738000000000003,5.5738000000000003,0,44680307.321283497,2012-01-04,2012-01-05,True,True
2012-01-05T00:00:00Z,2012-01-06T00:00:00Z,6.9476000000000004,6.9476000000000004,6.9476000000000004,6.9476000000000004,0,55770266.841666803,2012-01-05,2012-01-06,True,True
2012-01-06T00:00:00Z,2012-01-07T00:00:00Z,6.6969000000000003,6.6969000000000003,6.6969000000000003,6.6969000000000003,0,53757830.043750301,2012-01-06,2012-01-07,True,True
2012-01-07T00:00:00Z,2012-01-08T00:00:00Z,6.8099999999999996,6.8099999999999996,6.8099999999999996,6.8099999999999996,0,54676031.347656198,2012-01-07,2012-01-08,True,True
2012-01-08T00:00:00Z,2012-01-09T00:00:00Z,7.1135999999999999,7.1135999999999999,7.1135999999999999,7.1135999999999999,0,57309710.639999799,2012-01-08,2012-01-09,True,True
2012-01-09T00:00:00Z,2012-01-10T00:00:00Z,6.3257000000000003,6.3257000000000003,6.3257000000000003,6.3257000000000003,0,50962105.9091665,2012-01-09,2012-01-10,True,True
2012-01-10T00:00:00Z,2012-01-11T00:00:00Z,6.3600000000000003,6.3600000000000003,6.3600000000000003,6.3600000000000003,0,51238439,2012-01-10,2012-01-11,True,True
2012-01-11T00:00:00Z,2012-01-12T00:00:00Z,6.9000000000000004,6.9000000000000004,6.9000000000000004,6.9000000000000004,0,55622672.517361097,2012-01-11,2012-01-12,True,True
2012-01-12T00:00:00Z,2012-01-13T00:00:00Z,6.7999999999999998,6.7999999999999998,6.7999999999999998,6.7999999999999998,0,54987350,2012-01-12,2012-01-13,True,True
2012-01-13T00:00:00Z,2012-01-14T00:00:00Z,6.4100000000000001,6.4100000000000001,6.4100000000000001,6.4100000000000001,0,51833663.75,2012-01-13,2012-01-14,True,True
2012-01-14T00:00:00Z,2012-01-15T00:00:00Z,6.75,6.75,6.75,6.75,0,54583031.25,2012-01-14,2012-01-15,True,True
2012-01-15T00:00:00Z,2012-01-16T00:00:00Z,7.0018000000000002,7.0018000000000002,7.0018000000000002,7.0018000000000002,0,56629510.5611808,2012-01-15,2012-01-16,True,True
2012-01-16T00:00:00Z,2012-01-17T00:00:00Z,6.6825000000000001,6.6825000000000001,6.6825000000000001,6.6825000000000001,0,54240014.8125,2012-01-16,2012-01-17,True,True
2012-01-17T00:00:00Z,2012-01-18T00:00:00Z,5.5999999999999996,5.5999999999999996,5.5999999999999996,5.5999999999999996,0,45453660,2012-01-17,2012-01-18,True,True
2012-01-18T00:00:00Z,2012-01-19T00:00:00Z,5.9199999999999999,5.9199999999999999,5.9199999999999999,5.9199999999999999,0,48051012,2012-01-18,2012-01-19,True,True
2012-01-19T00:00:00Z,2012-01-20T00:00:00Z,6.3597999999999999,6.3597999999999999,6.3597999999999999,6.3597999999999999,0,51637194.620422602,2012-01-19,2012-01-20,True,True
2012-01-20T00:00:00Z,2012-01-21T00:00:00Z,6.4897999999999998,6.4897999999999998,6.4897999999999998,6.4897999999999998,0,52869263.863333203,2012-01-20,2012-01-21,True,True
2012-01-21T00:00:00Z,2012-01-22T00:00:00Z,6.1799999999999997,6.1799999999999997,6.1799999999999997,6.1799999999999997,0,50345473,2012-01-21,2012-01-22,True,True
2012-01-22T00:00:00Z,2012-01-23T00:00:00Z,6.3097000000000003,6.3097000000000003,6.3097000000000003,6.3097000000000003,0,51402076.211666502,2012-01-22,2012-01-23,True,True
2012-01-23T00:00:00Z,2012-01-24T00:00:00Z,6.3559999999999999,6.3559999999999999,6.3559999999999999,6.3559999999999999,0,51844982.4630206,2012-01-23,2012-01-24,True,True
2012-01-24T00:00:00Z,2012-01-25T00:00:00Z,6.2897999999999996,6.2897999999999996,6.2897999999999996,6.2897999999999996,0,51421814.372499898,2012-01-24,2012-01-25,True,True
2012-01-25T00:00:00Z,2012-01-26T00:00:00Z,5.75,5.75,5.75,5.75,0,47008717.7083335,2012-01-25,2012-01-26,True,True
2012-01-26T00:00:00Z,2012-01-27T00:00:00Z,5.3399999999999999,5.3399999999999999,5.3399999999999999,5.3399999999999999,0,43656791.75,2012-01-26,2012-01-27,True,True
2012-01-27T00:00:00Z,2012-01-28T00:00:00Z,5.2919999999999998,5.2919999999999998,5.2919999999999998,5.2919999999999998,0,43284114.168749698,2012-01-27,2012-01-28,True,True
2012-01-28T00:00:00Z,2012-01-29T00:00:00Z,5.6266999999999996,5.6266999999999996,5.6266999999999996,5.6266999999999996,0,46168620.842500202,2012-01-28,2012-01-29,True,True
2012-01-29T00:00:00Z,2012-01-30T00:00:00Z,5.3808999999999996,5.3808999999999996,5.3808999999999996,5.3808999999999996,0,44151764.247500002,2012-01-29,2012-01-30,True,True
2012-01-30T00:00:00Z,2012-01-31T00:00:00Z,5.4904999999999999,5.4904999999999999,5.4904999999999999,5.4904999999999999,0,45051062.387500197,2012-01-30,2012-01-31,True,True
2012-01-31T00:00:00Z,2012-02-01T00:00:00Z,5.4837999999999996,5.4837999999999996,5.4837999999999996,5.4837999999999996,0,45070936.075419597,2012-01-31,2012-02-01,True,True
2012-02-01T00:00:00Z,2012-02-02T00:00:00Z,6.0755999999999997,6.0755999999999997,6.0755999999999997,6.0755999999999997,0,50030199.047500201,2012-02-01,2012-02-02,True,True
2012-02-02T00:00:00Z,2012-02-03T00:00:00Z,6.0999999999999996,6.0999999999999996,6.0999999999999996,6.0999999999999996,0,50231123.5416665,2012-02-02,2012-02-03,True,True
2012-02-03T00:00:00Z,2012-02-04T00:00:00Z,5.9592999999999998,5.9592999999999998,5.9592999999999998,5.9592999999999998,0,49072513.856041498,2012-02-03,2012-02-04,True,True
2012-02-04T00:00:00Z,2012-02-05T00:00:00Z,5.8734000000000002,5.8734000000000002,5.8734000000000002,5.8734000000000002,0,48485583.960599102,2012-02-04,2012-02-05,True,True
2012-02-05T00:00:00Z,2012-02-06T00:00:00Z,5.6887999999999996,5.6887999999999996,5.6887999999999996,5.6887999999999996,0,47008118.819999799,2012-02-05,2012-02-06,True,True
2012-02-06T00:00:00Z,2012-02-07T00:00:00Z,5.4535,5.4535,5.4535,5.4535,0,45063770.212499797,2012-02-06,2012-02-07,True,True
2012-02-07T00:00:00Z,2012-02-08T00:00:00Z,5.6900000000000004,5.6900000000000004,5.6900000000000004,5.6900000000000004,0,47018034.75,2012-02-07,2012-02-08,True,True
2012-02-08T00:00:00Z,2012-02-09T00:00:00Z,5.5999999999999996,5.5999999999999996,5.5999999999999996,5.5999999999999996,0,46394147.7546295,2012-02-08,2012-02-09,True,True
2012-02-09T00:00:00Z,2012-02-10T00:00:00Z,5.8300000000000001,5.8300000000000001,5.8300000000000001,5.8300000000000001,0,48341971.3333335,2012-02-09,2012-02-10,True,True
2012-02-10T00:00:00Z,2012-02-11T00:00:00Z,5.9126000000000003,5.9126000000000003,5.9126000000000003,5.9126000000000003,0,49026885.026666701,2012-02-10,2012-02-11,True,True
2012-02-11T00:00:00Z,2012-02-12T00:00:00Z,5.6005000000000003,5.6005000000000003,5.6005000000000003,5.6005000000000003,0,46438972.633333199,2012-02-11,2012-02-12,True,True
2012-02-12T00:00:00Z,2012-02-13T00:00:00Z,5.5147000000000004,5.5147000000000004,5.5147000000000004,5.5147000000000004,0,45860015.101695798,2012-02-12,2012-02-13,True,True
2012-02-13T00:00:00Z,2012-02-14T00:00:00Z,5.2599999999999998,5.2599999999999998,5.2599999999999998,5.2599999999999998,0,43765961.5,2012-02-13,2012-02-14,True,True
2012-02-14T00:00:00Z,2012-02-15T00:00:00Z,4.4629000000000003,4.4629000000000003,4.4629000000000003,4.4629000000000003,0,37133671.0224998,2012-02-14,2012-02-15,True,True
2012-02-15T00:00:00Z,2012-02-16T00:00:00Z,4.3250999999999999,4.3250999999999999,4.3250999999999999,4.3250999999999999,0,35987102.677499801,2012-02-15,2012-02-16,True,True
2012-02-16T00:00:00Z,2012-02-17T00:00:00Z,4.2739000000000003,4.2739000000000003,4.2739000000000003,4.2739000000000003,0,35655737.906597003,2012-02-16,2012-02-17,True,True
2012-02-17T00:00:00Z,2012-02-18T00:00:00Z,4.4100000000000001,4.4100000000000001,4.4100000000000001,4.4100000000000001,0,36819641.25,2012-02-17,2012-02-18,True,True
2012-02-18T00:00:00Z,2012-02-19T00:00:00Z,4.2220000000000004,4.2220000000000004,4.2220000000000004,4.2220000000000004,0,35250005.75,2012-02-18,2012-02-19,True,True
2012-02-19T00:00:00Z,2012-02-20T00:00:00Z,4.3867000000000003,4.3867000000000003,4.3867000000000003,4.3867000000000003,0,36628615.997500002,2012-02-19,2012-02-20,True,True
2012-02-20T00:00:00Z,2012-02-21T00:00:00Z,4.3615000000000004,4.3615000000000004,4.3615000000000004,4.3615000000000004,0,36540319.887500003,2012-02-20,2012-02-21,True,True
2012-02-21T00:00:00Z,2012-02-22T00:00:00Z,4.2720000000000002,4.2720000000000002,4.2720000000000002,4.2720000000000002,0,35790495.600000203,2012-02-21,2012-02-22,True,True
2012-02-22T00:00:00Z,2012-02-23T00:00:00Z,4.4246999999999996,4.4246999999999996,4.4246999999999996,4.4246999999999996,0,37069804.747500002,2012-02-22,2012-02-23,True,True
2012-02-23T00:00:00Z,2012-02-24T00:00:00Z,5.0149999999999997,5.0149999999999997,5.0149999999999997,5.0149999999999997,0,42044145.216435298,2012-02-23,2012-02-24,True,True
2012-02-24T00:00:00Z,2012-02-25T00:00:00Z,5.0288000000000004,5.0288000000000004,5.0288000000000004,5.0288000000000004,0,42274565.293333203,2012-02-24,2012-02-25,True,True
2012-02-25T00:00:00Z,2012-02-26T00:00:00Z,4.7729999999999997,4.7729999999999997,4.7729999999999997,4.7729999999999997,0,40124184.725000203,2012-02-25,2012-02-26,True,True
2012-02-26T00:00:00Z,2012-02-27T00:00:00Z,4.9219999999999997,4.9219999999999997,4.9219999999999997,4.9219999999999997,0,41376751.983333498,2012-02-26,2012-02-27,True,True
2012-02-27T00:00:00Z,2012-02-28T00:00:00Z,4.9560000000000004,4.9560000000000004,4.9560000000000004,4.9560000000000004,0,41722956.9567708,2012-02-27,2012-02-28,True,True
2012-02-28T00:00:00Z,2012-02-29T00:00:00Z,4.8680000000000003,4.8680000000000003,4.8680000000000003,4.8680000000000003,0,41066346.583333403,2012-02-28,2012-02-29,True,True
2012-02-29T00:00:00Z,2012-03-01T00:00:00Z,4.8600000000000003,4.8600000000000003,4.8600000000000003,4.8600000000000003,0,40998858.75,2012-02-29,2012-03-01,True,True
2012-03-01T00:00:00Z,2012-03-02T00:00:00Z,4.9212999999999996,4.9212999999999996,4.9212999999999996,4.9212999999999996,0,41515984.272916801,2012-03-01,2012-03-02,True,True
2012-03-02T00:00:00Z,2012-03-03T00:00:00Z,4.7050000000000001,4.7050000000000001,4.7050000000000001,4.7050000000000001,0,39801346.0332755,2012-03-02,2012-03-03,True,True
2012-03-03T00:00:00Z,2012-03-04T00:00:00Z,4.6143999999999998,4.6143999999999998,4.6143999999999998,4.6143999999999998,0,39060982.520000301,2012-03-03,2012-03-04,True,True
2012-03-04T00:00:00Z,2012-03-05T00:00:00Z,4.8200000000000003,4.8200000000000003,4.8200000000000003,4.8200000000000003,0,40801390.375,2012-03-04,2012-03-05,True,True
2012-03-05T00:00:00Z,2012-03-06T00:00:00Z,4.9843000000000002,4.9843000000000002,4.9843000000000002,4.9843000000000002,0,42192192.955624998,2012-03-05,2012-03-06,True,True
2012-03-06T00:00:00Z,2012-03-07T00:00:00Z,4.9901,4.9901,4.9901,4.9901,0,42305724.947209001,2012-03-06,2012-03-07,True,True
2012-03-07T00:00:00Z,2012-03-08T00:00:00Z,4.9375,4.9375,4.9375,4.9375,0,41937273.4375,2012-03-07,2012-03-08,True,True
2012-03-08T00:00:00Z,2012-03-09T00:00:00Z,4.9302000000000001,4.9302000000000001,4.9302000000000001,4.9302000000000001,0,41875269.975000203,2012-03-08,2012-03-09,True,True
2012-03-09T00:00:00Z,2012-03-10T00:00:00Z,4.8611000000000004,4.8611000000000004,4.8611000000000004,4.8611000000000004,0,41288360.4874999,2012-03-09,2012-03-10,True,True
2012-03-10T00:00:00Z,2012-03-11T00:00:00Z,4.8331999999999997,4.8331999999999997,4.8331999999999997,4.8331999999999997,0,41154885.9577775,2012-03-10,2012-03-11,True,True
2012-03-11T00:00:00Z,2012-03-12T00:00:00Z,4.9100000000000001,4.9100000000000001,4.9100000000000001,4.9100000000000001,0,41849280.25,2012-03-11,2012-03-12,True,True
2012-03-12T00:00:00Z,2012-03-13T00:00:00Z,4.8901000000000003,4.8901000000000003,4.8901000000000003,4.8901000000000003,0,41679667.077499896,2012-03-12,2012-03-13,True,True
2012-03-13T00:00:00Z,2012-03-14T00:00:00Z,5.2699999999999996,5.2699999999999996,5.2699999999999996,5.2699999999999996,0,44917659.25,2012-03-13,2012-03-14,True,True
2012-03-14T00:00:00Z,2012-03-15T00:00:00Z,5.3799999999999999,5.3799999999999999,5.3799999999999999,5.3799999999999999,0,45990341.562499903,2012-03-14,2012-03-15,True,True
2012-03-15T00:00:00Z,2012-03-16T00:00:00Z,5.3266,5.3266,5.3266,5.3266,0,45558631.741666801,2012-03-15,2012-03-16,True,True
2012-03-16T00:00:00Z,2012-03-17T00:00:00Z,5.3438999999999997,5.3438999999999997,5.3438999999999997,5.3438999999999997,0,45706599.362499803,2012-03-16,2012-03-17,True,True
2012-03-17T00:00:00Z,2012-03-18T00:00:00Z,5.2159000000000004,5.2159000000000004,5.2159000000000004,5.2159000000000004,0,44611810.029166698,2012-03-17,2012-03-18,True,True
2012-03-18T00:00:00Z,2012-03-19T00:00:00Z,5.2793999999999999,5.2793999999999999,5.2793999999999999,5.2793999999999999,0,45278567.300585903,2012-03-18,2012-03-19,True,True
2012-03-19T00:00:00Z,2012-03-20T00:00:00Z,4.6939000000000002,4.6939000000000002,4.6939000000000002,4.6939000000000002,0,40284174.380208403,2012-03-19,2012-03-20,True,True
2012-03-20T00:00:00Z,2012-03-21T00:00:00Z,4.8379000000000003,4.8379000000000003,4.8379000000000003,4.8379000000000003,0,41520016.880208403,2012-03-20,2012-03-21,True,True
2012-03-21T00:00:00Z,2012-03-22T00:00:00Z,4.8148999999999997,4.8148999999999997,4.8148999999999997,4.8148999999999997,0,41322625.369791597,2012-03-21,2012-03-22,True,True
2012-03-22T00:00:00Z,2012-03-23T00:00:00Z,4.7042999999999999,4.7042999999999999,4.7042999999999999,4.7042999999999999,0,40505907.170156099,2012-03-22,2012-03-23,True,True
2012-03-23T00:00:00Z,2012-03-24T00:00:00Z,4.6859999999999999,4.6859999999999999,4.6859999999999999,4.6859999999999999,0,40358184.7625001,2012-03-23,2012-03-24,True,True
2012-03-24T00:00:00Z,2012-03-25T00:00:00Z,4.6760000000000002,4.6760000000000002,4.6760000000000002,4.6760000000000002,0,40272059.741666801,2012-03-24,2012-03-25,True,True
2012-03-25T00:00:00Z,2012-03-26T00:00:00Z,4.5499999999999998,4.5499999999999998,4.5499999999999998,4.5499999999999998,0,39192102.003399901,2012-03-25,2012-03-26,True,True
2012-03-26T00:00:00Z,2012-03-27T00:00:00Z,4.6191000000000004,4.6191000000000004,4.6191000000000004,4.6191000000000004,0,39920687.2275002,2012-03-26,2012-03-27,True,True
2012-03-27T00:00:00Z,2012-03-28T00:00:00Z,4.8113000000000001,4.8113000000000001,4.8113000000000001,4.8113000000000001,0,41581780.532499902,2012-03-27,2012-03-28,True,True
2012-03-28T00:00:00Z,2012-03-29T00:00:00Z,4.7880000000000003,4.7880000000000003,4.7880000000000003,4.7880000000000003,0,41380409.7000001,2012-03-28,2012-03-29,True,True
2012-03-29T00:00:00Z,2012-03-30T00:00:00Z,4.8083999999999998,4.8083999999999998,4.8083999999999998,4.8083999999999998,0,41564695.035694301,2012-03-29,2012-03-30,True,True
2012-03-30T00:00:00Z,2012-03-31T00:00:00Z,4.8600000000000003,4.8600000000000003,4.8600000000000003,4.8600000000000003,0,42147813.375,2012-03-30,2012-03-31,True,True
2012-03-31T00:00:00Z,2012-04-01T00:00:00Z,4.9086999999999996,4.9086999999999996,4.9086999999999996,4.9086999999999996,0,42570158.747708596,2012-03-31,2012-04-01,True,True
2012-04-01T00:00:00Z,2012-04-02T00:00:00Z,4.827,4.827,4.827,4.827,0,41861624.5187499,2012-04-01,2012-04-02,True,True
2012-04-02T00:00:00Z,2012-04-03T00:00:00Z,4.9740000000000002,4.9740000000000002,4.9740000000000002,4.9740000000000002,0,43136465.787500203,2012-04-02,2012-04-03,True,True
2012-04-03T00:00:00Z,2012-04-04T00:00:00Z,4.952,4.952,4.952,4.952,0,43084522.403414398,2012-04-03,2012-04-04,True,True
2012-04-04T00:00:00Z,2012-04-05T00:00:00Z,4.9100999999999999,4.9100999999999999,4.9100999999999999,4.9100999999999999,0,42728610.84375,2012-04-04,2012-04-05,True,True
2012-04-05T00:00:00Z,2012-04-06T00:00:00Z,4.9189999999999996,4.9189999999999996,4.9189999999999996,4.9189999999999996,0,42806060.3125,2012-04-05,2012-04-06,True,True
2012-04-06T00:00:00Z,2012-04-07T00:00:00Z,4.9499000000000004,4.9499000000000004,4.9499000000000004,4.9499000000000004,0,43074957.90625,2012-04-06,2012-04-07,True,True
2012-04-07T00:00:00Z,2012-04-08T00:00:00Z,4.6871999999999998,4.6871999999999998,4.6871999999999998,4.6871999999999998,0,40850091.589999899,2012-04-07,2012-04-08,True,True
2012-04-08T00:00:00Z,2012-04-09T00:00:00Z,4.7925000000000004,4.7925000000000004,4.7925000000000004,4.7925000000000004,0,41846023.265625,2012-04-08,2012-04-09,True,True
2012-04-09T00:00:00Z,2012-04-10T00:00:00Z,4.8719000000000001,4.8719000000000001,4.8719000000000001,4.8719000000000001,0,42539309.493541703,2012-04-09,2012-04-10,True,True
2012-04-10T00:00:00Z,2012-04-11T00:00:00Z,4.8367000000000004,4.8367000000000004,4.8367000000000004,4.8367000000000004,0,42231958.420208097,2012-04-10,2012-04-11,True,True
2012-04-11T00:00:00Z,2012-04-12T00:00:00Z,4.9279000000000002,4.9279000000000002,4.9279000000000002,4.9279000000000002,0,43075089.593594,2012-04-11,2012-04-12,True,True
2012-04-12T00:00:00Z,2012-04-13T00:00:00Z,4.9196999999999997,4.9196999999999997,4.9196999999999997,4.9196999999999997,0,43102977.859375,2012-04-12,2012-04-13,True,True
2012-04-13T00:00:00Z,2012-04-14T00:00:00Z,4.9400000000000004,4.9400000000000004,4.9400000000000004,4.9400000000000004,0,43280832.291666597,2012-04-13,2012-04-14,True,True
2012-04-14T00:00:00Z,2012-04-15T00:00:00Z,4.9596999999999998,4.9596999999999998,4.9596999999999998,4.9596999999999998,0,43453429.9427085,2012-04-14,2012-04-15,True,True
2012-04-15T00:00:00Z,2012-04-16T00:00:00Z,4.9688999999999997,4.9688999999999997,4.9688999999999997,4.9688999999999997,0,43534033.921875,2012-04-15,2012-04-16,True,True
2012-04-16T00:00:00Z,2012-04-17T00:00:00Z,4.9320000000000004,4.9320000000000004,4.9320000000000004,4.9320000000000004,0,43323067.8182289,2012-04-16,2012-04-17,True,True
2012-04-17T00:00:00Z,2012-04-18T00:00:00Z,4.9759000000000002,4.9759000000000002,4.9759000000000002,4.9759000000000002,0,43739778.167499699,2012-04-17,2012-04-18,True,True
2012-04-18T00:00:00Z,2012-04-19T00:00:00Z,5.1177999999999999,5.1177999999999999,5.1177999999999999,5.1177999999999999,0,44987125.2849999,2012-04-18,2012-04-19,True,True
2012-04-19T00:00:00Z,2012-04-20T00:00:00Z,5.1376999999999997,5.1376999999999997,5.1376999999999997,5.1376999999999997,0,45162052.752500102,2012-04-19,2012-04-20,True,True
2012-04-20T00:00:00Z,2012-04-21T00:00:00Z,5.3499999999999996,5.3499999999999996,5.3499999999999996,5.3499999999999996,0,47144208.359375201,2012-04-20,2012-04-21,True,True
2012-04-21T00:00:00Z,2012-04-22T00:00:00Z,5.2601000000000004,5.2601000000000004,5.2601000000000004,5.2601000000000004,0,46390016.381041899,2012-04-21,2012-04-22,True,True
2012-04-22T00:00:00Z,2012-04-23T00:00:00Z,5.2035,5.2035,5.2035,5.2035,0,45890848.128124803,2012-04-22,2012-04-23,True,True
2012-04-23T00:00:00Z,2012-04-24T00:00:00Z,4.96,4.96,4.96,4.96,0,43743366.3333335,2012-04-23,2012-04-24,True,True
2012-04-24T00:00:00Z,2012-04-25T00:00:00Z,5.0982000000000003,5.0982000000000003,5.0982000000000003,5.0982000000000003,0,45044061.183567896,2012-04-24,2012-04-25,True,True
2012-04-25T00:00:00Z,2012-04-26T00:00:00Z,5.1318000000000001,5.1318000000000001,5.1318000000000001,5.1318000000000001,0,45416750.737499803,2012-04-25,2012-04-26,True,True
2012-04-26T00:00:00Z,2012-04-27T00:00:00Z,5.0975999999999999,5.0975999999999999,5.0975999999999999,5.0975999999999999,0,45114078.600000203,2012-04-26,2012-04-27,True,True
2012-04-27T00:00:00Z,2012-04-28T00:00:00Z,5.1094999999999997,5.1094999999999997,5.1094999999999997,5.1094999999999997,0,45219394.34375,2012-04-27,2012-04-28,True,True
2012-04-28T00:00:00Z,2012-04-29T00:00:00Z,4.9794,4.9794,4.9794,4.9794,0,44099913.605017401,2012-04-28,2012-04-29,True,True
2012-04-29T00:00:00Z,2012-04-30T00:00:00Z,4.9043999999999999,4.9043999999999999,4.9043999999999999,4.9043999999999999,0,43552645.495000198,2012-04-29,2012-04-30,True,True
2012-04-30T00:00:00Z,2012-05-01T00:00:00Z,4.9490999999999996,4.9490999999999996,4.9490999999999996,4.9490999999999996,0,43949595.836250201,2012-04-30,2012-05-01,True,True
2012-05-01T00:00:00Z,2012-05-02T00:00:00Z,5,5,5,5,0,44401604.1666665,2012-05-01,2012-05-02,True,True
2012-05-02T00:00:00Z,2012-05-03T00:00:00Z,5.0736999999999997,5.0736999999999997,5.0736999999999997,5.0736999999999997,0,45172839.764185399,2012-05-02,2012-05-03,True,True
2012-05-03T00:00:00Z,2012-05-04T00:00:00Z,5.1344000000000003,5.1344000000000003,5.1344000000000003,5.1344000000000003,0,45745022.373333097,2012-05-03,2012-05-04,True,True
2012-05-04T00:00:00Z,2012-05-05T00:00:00Z,5.0670000000000002,5.0670000000000002,5.0670000000000002,5.0670000000000002,0,45144520.950000197,2012-05-04,2012-05-05,True,True
2012-05-05T00:00:00Z,2012-05-06T00:00:00Z,5.077,5.077,5.077,5.077,0,45250433.238454998,2012-05-05,2012-05-06,True,True
2012-05-06T00:00:00Z,2012-05-07T00:00:00Z,5.0499000000000001,5.0499000000000001,5.0499000000000001,5.0499000000000001,0,45138152.407499798,2012-05-06,2012-05-07,True,True
2012-05-07T00:00:00Z,2012-05-08T00:00:00Z,5.0599999999999996,5.0599999999999996,5.0599999999999996,5.0599999999999996,0,45228430.5,2012-05-07,2012-05-08,True,True
2012-05-08T00:00:00Z,2012-05-09T00:00:00Z,5.0499999999999998,5.0499999999999998,5.0499999999999998,5.0499999999999998,0,45139046.25,2012-05-08,2012-05-09,True,True
2012-05-09T00:00:00Z,2012-05-10T00:00:00Z,5.0437000000000003,5.0437000000000003,5.0437000000000003,5.0437000000000003,0,45179190.2649073,2012-05-09,2012-05-10,True,True
2012-05-10T00:00:00Z,2012-05-11T00:00:00Z,4.8499999999999996,4.8499999999999996,4.8499999999999996,4.8499999999999996,0,43496537.916666597,2012-05-10,2012-05-11,True,True
2012-05-11T00:00:00Z,2012-05-12T00:00:00Z,4.96,4.96,4.96,4.96,0,44483057.3333335,2012-05-11,2012-05-12,True,True
2012-05-12T00:00:00Z,2012-05-13T00:00:00Z,4.9462000000000002,4.9462000000000002,4.9462000000000002,4.9462000000000002,0,44359293.988333203,2012-05-12,2012-05-13,True,True
2012-05-13T00:00:00Z,2012-05-14T00:00:00Z,4.9299999999999997,4.9299999999999997,4.9299999999999997,4.9299999999999997,0,44275492.356481403,2012-05-13,2012-05-14,True,True
2012-05-14T00:00:00Z,2012-05-15T00:00:00Z,5.0058999999999996,5.0058999999999996,5.0058999999999996,5.0058999999999996,0,45039709.217500202,2012-05-14,2012-05-15,True,True
2012-05-15T00:00:00Z,2012-05-16T00:00:00Z,5.0350000000000001,5.0350000000000001,5.0350000000000001,5.0350000000000001,0,45301531.375,2012-05-15,2012-05-16,True,True
2012-05-16T00:00:00Z,2012-05-17T00:00:00Z,5.0887000000000002,5.0887000000000002,5.0887000000000002,5.0887000000000002,0,45784687.727500297,2012-05-16,2012-05-17,True,True
2012-05-17T00:00:00Z,2012-05-18T00:00:00Z,5.0998000000000001,5.0998000000000001,5.0998000000000001,5.0998000000000001,0,45884558.0349999,2012-05-17,2012-05-18,True,True
2012-05-18T00:00:00Z,2012-05-19T00:00:00Z,5.1180000000000003,5.1180000000000003,5.1180000000000003,5.1180000000000003,0,46186424.266666897,2012-05-18,2012-05-19,True,True
2012-05-19T00:00:00Z,2012-05-20T00:00:00Z,5.0994999999999999,5.0994999999999999,5.0994999999999999,5.0994999999999999,0,46029744.337499797,2012-05-19,2012-05-20,True,True
2012-05-20T00:00:00Z,2012-05-21T00:00:00Z,5.0899999999999999,5.0899999999999999,5.0899999999999999,5.0899999999999999,0,45943994.25,2012-05-20,2012-05-21,True,True
2012-05-21T00:00:00Z,2012-05-22T00:00:00Z,5.0998000000000001,5.0998000000000001,5.0998000000000001,5.0998000000000001,0,46032452.235000104,2012-05-21,2012-05-22,True,True
2012-05-22T00:00:00Z,2012-05-23T00:00:00Z,5.0987999999999998,5.0987999999999998,5.0987999999999998,5.0987999999999998,0,46152139.185103998,2012-05-22,2012-05-23,True,True
2012-05-23T00:00:00Z,2012-05-24T00:00:00Z,5.1397000000000004,5.1397000000000004,5.1397000000000004,5.1397000000000004,0,46537435.0654165,2012-05-23,2012-05-24,True,True
2012-05-24T00:00:00Z,2012-05-25T00:00:00Z,5.1189999999999998,5.1189999999999998,5.1189999999999998,5.1189999999999998,0,46350006.829166502,2012-05-24,2012-05-25,True,True
2012-05-25T00:00:00Z,2012-05-26T00:00:00Z,5.1455000000000002,5.1455000000000002,5.1455000000000002,5.1455000000000002,0,46589951.189583302,2012-05-25,2012-05-26,True,True
2012-05-26T00:00:00Z,2012-05-27T00:00:00Z,5.1032000000000002,5.1032000000000002,5.1032000000000002,5.1032000000000002,0,46246502.994097203,2012-05-26,2012-05-27,True,True
2012-05-27T00:00:00Z,2012-05-28T00:00:00Z,5.1390000000000002,5.1390000000000002,5.1390000000000002,5.1390000000000002,0,46678179.375,2012-05-27,2012-05-28,True,True
2012-05-28T00:00:00Z,2012-05-29T00:00:00Z,5.1357999999999997,5.1357999999999997,5.1357999999999997,5.1357999999999997,0,46649113.375,2012-05-28,2012-05-29,True,True
2012-05-29T00:00:00Z,2012-05-30T00:00:00Z,5.1500000000000004,5.1500000000000004,5.1500000000000004,5.1500000000000004,0,46778093.75,2012-05-29,2012-05-30,True,True
2012-05-30T00:00:00Z,2012-05-31T00:00:00Z,5.1349999999999998,5.1349999999999998,5.1349999999999998,5.1349999999999998,0,46662953.678855702,2012-05-30,2012-05-31,True,True
2012-05-31T00:00:00Z,2012-06-01T00:00:00Z,5.1801000000000004,5.1801000000000004,5.1801000000000004,5.1801000000000004,0,47201060.408124901,2012-05-31,2012-06-01,True,True
2012-06-01T00:00:00Z,2012-06-02T00:00:00Z,5.2747999999999999,5.2747999999999999,5.2747999999999999,5.2747999999999999,0,48063966.6108336,2012-06-01,2012-06-02,True,True
2012-06-02T00:00:00Z,2012-06-03T00:00:00Z,5.2489999999999997,5.2489999999999997,5.2489999999999997,5.2489999999999997,0,47828877.064583302,2012-06-02,2012-06-03,True,True
2012-06-03T00:00:00Z,2012-06-04T00:00:00Z,5.2050999999999998,5.2050999999999998,5.2050999999999998,5.2050999999999998,0,47473762.928341798,2012-06-03,2012-06-04,True,True
2012-06-04T00:00:00Z,2012-06-05T00:00:00Z,5.266,5.266,5.266,5.266,0,48139533.950000197,2012-06-04,2012-06-05,True,True
2012-06-05T00:00:00Z,2012-06-06T00:00:00Z,5.4400000000000004,5.4400000000000004,5.4400000000000004,5.4400000000000004,0,49730168,2012-06-05,2012-06-06,True,True
2012-06-06T00:00:00Z,2012-06-07T00:00:00Z,5.46,5.46,5.46,5.46,0,49912999.5,2012-06-06,2012-06-07,True,True
2012-06-07T00:00:00Z,2012-06-08T00:00:00Z,5.5910000000000002,5.5910000000000002,5.5910000000000002,5.5910000000000002,0,51152260.614113301,2012-06-07,2012-06-08,True,True
2012-06-08T00:00:00Z,2012-06-09T00:00:00Z,5.633,5.633,5.633,5.633,0,51660301.6770835,2012-06-08,2012-06-09,True,True
2012-06-09T00:00:00Z,2012-06-10T00:00:00Z,5.5599999999999996,5.5599999999999996,5.5599999999999996,5.5599999999999996,0,50990817.9166665,2012-06-09,2012-06-10,True,True
2012-06-10T00:00:00Z,2012-06-11T00:00:00Z,5.4683000000000002,5.4683000000000002,5.4683000000000002,5.4683000000000002,0,50149836.261458002,2012-06-10,2012-06-11,True,True
2012-06-11T00:00:00Z,2012-06-12T00:00:00Z,5.5747,5.5747,5.5747,5.5747,0,51221685.697733402,2012-06-11,2012-06-12,True,True
2012-06-12T00:00:00Z,2012-06-13T00:00:00Z,5.7000000000000002,5.7000000000000002,5.7000000000000002,5.7000000000000002,0,52444132.5,2012-06-12,2012-06-13,True,True
2012-06-13T00:00:00Z,2012-06-14T00:00:00Z,5.9290000000000003,5.9290000000000003,5.9290000000000003,5.9290000000000003,0,54551098.5249997,2012-06-13,2012-06-14,True,True
2012-06-14T00:00:00Z,2012-06-15T00:00:00Z,5.9541000000000004,5.9541000000000004,5.9541000000000004,5.9541000000000004,0,54782036.7224999,2012-06-14,2012-06-15,True,True
2012-06-15T00:00:00Z,2012-06-16T00:00:00Z,6.5,6.5,6.5,6.5,0,59927589.019097,2012-06-15,2012-06-16,True,True
2012-06-16T00:00:00Z,2012-06-17T00:00:00Z,6.4000000000000004,6.4000000000000004,6.4000000000000004,6.4000000000000004,0,59071973.333333597,2012-06-16,2012-06-17,True,True
2012-06-17T00:00:00Z,2012-06-18T00:00:00Z,6.1638000000000002,6.1638000000000002,6.1638000000000002,6.1638000000000002,0,56891848.317499697,2012-06-17,2012-06-18,True,True
2012-06-18T00:00:00Z,2012-06-19T00:00:00Z,6.3099999999999996,6.3099999999999996,6.3099999999999996,6.3099999999999996,0,58241273.708333597,2012-06-18,2012-06-19,True,True
2012-06-19T00:00:00Z,2012-06-20T00:00:00Z,6.4988000000000001,6.4988000000000001,6.4988000000000001,6.4988000000000001,0,60164885.116875,2012-06-19,2012-06-20,True,True
2012-06-20T00:00:00Z,2012-06-21T00:00:00Z,6.6699999999999999,6.6699999999999999,6.6699999999999999,6.6699999999999999,0,61766715.1458335,2012-06-20,2012-06-21,True,True
2012-06-21T00:00:00Z,2012-06-22T00:00:00Z,6.6801000000000004,6.6801000000000004,6.6801000000000004,6.6801000000000004,0,61860244.954374798,2012-06-21,2012-06-22,True,True
2012-06-22T00:00:00Z,2012-06-23T00:00:00Z,6.5477999999999996,6.5477999999999996,6.5477999999999996,6.5477999999999996,0,60635097.0662499,2012-06-22,2012-06-23,True,True
2012-06-23T00:00:00Z,2012-06-24T00:00:00Z,6.4284999999999997,6.4284999999999997,6.4284999999999997,6.4284999999999997,0,59679946.815147303,2012-06-23,2012-06-24,True,True
2012-06-24T00:00:00Z,2012-06-25T00:00:00Z,6.3499999999999996,6.3499999999999996,6.3499999999999996,6.3499999999999996,0,58990071.25,2012-06-24,2012-06-25,True,True
2012-06-25T00:00:00Z,2012-06-26T00:00:00Z,6.3048000000000002,6.3048000000000002,6.3048000000000002,6.3048000000000002,0,58570173.420000099,2012-06-25,2012-06-26,True,True
2012-06-26T00:00:00Z,2012-06-27T00:00:00Z,6.4195000000000002,6.4195000000000002,6.4195000000000002,6.4195000000000002,0,59635710.612499699,2012-06-26,2012-06-27,True,True
2012-06-27T00:00:00Z,2012-06-28T00:00:00Z,6.6470000000000002,6.6470000000000002,6.6470000000000002,6.6470000000000002,0,61923976.489844002,2012-06-27,2012-06-28,True,True
2012-06-28T00:00:00Z,2012-06-29T00:00:00Z,6.6059000000000001,6.6059000000000001,6.6059000000000001,6.6059000000000001,0,61559060.920000002,2012-06-28,2012-06-29,True,True
2012-06-29T00:00:00Z,2012-06-30T00:00:00Z,6.6500000000000004,6.6500000000000004,6.6500000000000004,6.6500000000000004,0,61970020,2012-06-29,2012-06-30,True,True
2012-06-30T00:00:00Z,2012-07-01T00:00:00Z,6.6900000000000004,6.6900000000000004,6.6900000000000004,6.6900000000000004,0,62342772,2012-06-30,2012-07-01,True,True
2012-07-01T00:00:00Z,2012-07-02T00:00:00Z,6.6289999999999996,6.6289999999999996,6.6289999999999996,6.6289999999999996,0,61953590.546296701,2012-07-01,2012-07-02,True,True
2012-07-02T00:00:00Z,2012-07-03T00:00:00Z,6.7599999999999998,6.7599999999999998,6.7599999999999998,6.7599999999999998,0,63188649.3333335,2012-07-02,2012-07-03,True,True
2012-07-03T00:00:00Z,2012-07-04T00:00:00Z,6.4499000000000004,6.4499000000000004,6.4499000000000004,6.4499000000000004,0,60290010.256666601,2012-07-03,2012-07-04,True,True
2012-07-04T00:00:00Z,2012-07-05T00:00:00Z,6.5101000000000004,6.5101000000000004,6.5101000000000004,6.5101000000000004,0,60852725.743333697,2012-07-04,2012-07-05,True,True
2012-07-05T00:00:00Z,2012-07-06T00:00:00Z,6.6699999999999999,6.6699999999999999,6.6699999999999999,6.6699999999999999,0,62541357.6747685,2012-07-05,2012-07-06,True,True
2012-07-06T00:00:00Z,2012-07-07T00:00:00Z,6.6481000000000003,6.6481000000000003,6.6481000000000003,6.6481000000000003,0,62338735.092500202,2012-07-06,2012-07-07,True,True
2012-07-07T00:00:00Z,2012-07-08T00:00:00Z,6.7621000000000002,6.7621000000000002,6.7621000000000002,6.7621000000000002,0,63407704.542499699,2012-07-07,2012-07-08,True,True
2012-07-08T00:00:00Z,2012-07-09T00:00:00Z,6.7990000000000004,6.7990000000000004,6.7990000000000004,6.7990000000000004,0,63801440.6385419,2012-07-08,2012-07-09,True,True
2012-07-09T00:00:00Z,2012-07-10T00:00:00Z,7.0214999999999996,7.0214999999999996,7.0214999999999996,7.0214999999999996,0,66045808.837499902,2012-07-09,2012-07-10,True,True
2012-07-10T00:00:00Z,2012-07-11T00:00:00Z,7.1999000000000004,7.1999000000000004,7.1999000000000004,7.1999000000000004,0,67723879.377499998,2012-07-10,2012-07-11,True,True
2012-07-11T00:00:00Z,2012-07-12T00:00:00Z,7.1500000000000004,7.1500000000000004,7.1500000000000004,7.1500000000000004,0,67254508.75,2012-07-11,2012-07-12,True,True
2012-07-12T00:00:00Z,2012-07-13T00:00:00Z,7.7644000000000002,7.7644000000000002,7.7644000000000002,7.7644000000000002,0,73100788.837019399,2012-07-12,2012-07-13,True,True
2012-07-13T00:00:00Z,2012-07-14T00:00:00Z,7.6650999999999998,7.6650999999999998,7.6650999999999998,7.6650999999999998,0,72324082.987916499,2012-07-13,2012-07-14,True,True
2012-07-14T00:00:00Z,2012-07-15T00:00:00Z,7.5420999999999996,7.5420999999999996,7.5420999999999996,7.5420999999999996,0,71163515.975416601,2012-07-14,2012-07-15,True,True
2012-07-15T00:00:00Z,2012-07-16T00:00:00Z,7.6210000000000004,7.6210000000000004,7.6210000000000004,7.6210000000000004,0,71907977.254166797,2012-07-15,2012-07-16,True,True
2012-07-16T00:00:00Z,2012-07-17T00:00:00Z,8.4995999999999992,8.4995999999999992,8.4995999999999992,8.4995999999999992,0,80286862.777187198,2012-07-16,2012-07-17,True,True
2012-07-17T00:00:00Z,2012-07-18T00:00:00Z,8.8000000000000007,8.8000000000000007,8.8000000000000007,8.8000000000000007,0,83302780,2012-07-17,2012-07-18,True,True
2012-07-18T00:00:00Z,2012-07-19T00:00:00Z,9.1097999999999999,9.1097999999999999,9.1097999999999999,9.1097999999999999,0,86235416.5050001,2012-07-18,2012-07-19,True,True
2012-07-19T00:00:00Z,2012-07-20T00:00:00Z,8.8699999999999992,8.8699999999999992,8.8699999999999992,8.8699999999999992,0,83965415.75,2012-07-19,2012-07-20,True,True
2012-07-20T00:00:00Z,2012-07-21T00:00:00Z,8.5199999999999996,8.5199999999999996,8.5199999999999996,8.5199999999999996,0,80772686.774305597,2012-07-20,2012-07-21,True,True
2012-07-21T00:00:00Z,2012-07-22T00:00:00Z,8.8454999999999995,8.8454999999999995,8.8454999999999995,8.8454999999999995,0,83992592.674999595,2012-07-21,2012-07-22,True,True
2012-07-22T00:00:00Z,2012-07-23T00:00:00Z,8.4095999999999993,8.4095999999999993,8.4095999999999993,8.4095999999999993,0,79853496.959999397,2012-07-22,2012-07-23,True,True
2012-07-23T00:00:00Z,2012-07-24T00:00:00Z,8.4457000000000004,8.4457000000000004,8.4457000000000004,8.4457000000000004,0,80196285.111666605,2012-07-23,2012-07-24,True,True
2012-07-24T00:00:00Z,2012-07-25T00:00:00Z,8.5999999999999996,8.5999999999999996,8.5999999999999996,8.5999999999999996,0,81788533.7774885,2012-07-24,2012-07-25,True,True
2012-07-25T00:00:00Z,2012-07-26T00:00:00Z,8.8000000000000007,8.8000000000000007,8.8000000000000007,8.8000000000000007,0,83818845,2012-07-25,2012-07-26,True,True
2012-07-26T00:00:00Z,2012-07-27T00:00:00Z,8.9000000000000004,8.9000000000000004,8.9000000000000004,8.9000000000000004,0,84771331.875,2012-07-26,2012-07-27,True,True
2012-07-27T00:00:00Z,2012-07-28T00:00:00Z,8.9000000000000004,8.9000000000000004,8.9000000000000004,8.9000000000000004,0,84771331.875,2012-07-27,2012-07-28,True,True
2012-07-28T00:00:00Z,2012-07-29T00:00:00Z,8.8880999999999997,8.8880999999999997,8.8880999999999997,8.8880999999999997,0,84880180.207152396,2012-07-28,2012-07-29,True,True
2012-07-29T00:00:00Z,2012-07-30T00:00:00Z,8.7103000000000002,8.7103000000000002,8.7103000000000002,8.7103000000000002,0,83234773.916458204,2012-07-29,2012-07-30,True,True
2012-07-30T00:00:00Z,2012-07-31T00:00:00Z,9.0980000000000008,9.0980000000000008,9.0980000000000008,9.0980000000000008,0,86939597.154166907,2012-07-30,2012-07-31,True,True
2012-07-31T00:00:00Z,2012-08-01T00:00:00Z,9.3499999999999996,9.3499999999999996,9.3499999999999996,9.3499999999999996,0,89347684.479166895,2012-07-31,2012-08-01,True,True
2012-08-01T00:00:00Z,2012-08-02T00:00:00Z,9.5503,9.5503,9.5503,9.5503,0,91493400.224158004,2012-08-01,2012-08-02,True,True
2012-08-02T00:00:00Z,2012-08-03T00:00:00Z,10.529999999999999,10.529999999999999,10.529999999999999,10.529999999999999,0,100949157.5625,2012-08-02,2012-08-03,True,True
2012-08-03T00:00:00Z,2012-08-04T00:00:00Z,10.970000000000001,10.970000000000001,10.970000000000001,10.970000000000001,0,105167355.979167,2012-08-03,2012-08-04,True,True
2012-08-04T00:00:00Z,2012-08-05T00:00:00Z,10.984,10.984,10.984,10.984,0,105301571.383334,2012-08-04,2012-08-05,True,True
2012-08-05T00:00:00Z,2012-08-06T00:00:00Z,10.869999999999999,10.869999999999999,10.869999999999999,10.869999999999999,0,104508969.515119,2012-08-05,2012-08-06,True,True
2012-08-06T00:00:00Z,2012-08-07T00:00:00Z,10.8552,10.8552,10.8552,10.8552,0,104395182.080001,2012-08-06,2012-08-07,True,True
2012-08-07T00:00:00Z,2012-08-08T00:00:00Z,11.1,11.1,11.1,11.1,0,106749440,2012-08-07,2012-08-08,True,True
2012-08-08T00:00:00Z,2012-08-09T00:00:00Z,11.055300000000001,11.055300000000001,11.055300000000001,11.055300000000001,0,106341973.212231,2012-08-08,2012-08-09,True,True
2012-08-09T00:00:00Z,2012-08-10T00:00:00Z,11.0611,11.0611,11.0611,11.0611,0,106698297.18270899,2012-08-09,2012-08-10,True,True
2012-08-10T00:00:00Z,2012-08-11T00:00:00Z,11.3864,11.3864,11.3864,11.3864,0,109836227.05166601,2012-08-10,2012-08-11,True,True
2012-08-11T00:00:00Z,2012-08-12T00:00:00Z,11.510199999999999,11.510199999999999,11.510199999999999,11.510199999999999,0,111030434.60708299,2012-08-11,2012-08-12,True,True
2012-08-12T00:00:00Z,2012-08-13T00:00:00Z,11.624000000000001,11.624000000000001,11.624000000000001,11.624000000000001,0,112272038.540914,2012-08-12,2012-08-13,True,True
2012-08-13T00:00:00Z,2012-08-14T00:00:00Z,12.0375,12.0375,12.0375,12.0375,0,116477458.125,2012-08-13,2012-08-14,True,True
2012-08-14T00:00:00Z,2012-08-15T00:00:00Z,12.19,12.19,12.19,12.19,0,117953081.166667,2012-08-14,2012-08-15,True,True
2012-08-15T00:00:00Z,2012-08-16T00:00:00Z,13.25,13.25,13.25,13.25,0,128209870.833333,2012-08-15,2012-08-16,True,True
2012-08-16T00:00:00Z,2012-08-17T00:00:00Z,13.5,13.5,13.5,13.5,0,130891413.86718699,2012-08-16,2012-08-17,True,True
2012-08-17T00:00:00Z,2012-08-18T00:00:00Z,11.583600000000001,11.583600000000001,11.583600000000001,11.583600000000001,0,112434162.137501,2012-08-17,2012-08-18,True,True
2012-08-18T00:00:00Z,2012-08-19T00:00:00Z,11.609999999999999,11.609999999999999,11.609999999999999,11.609999999999999,0,112690409.0625,2012-08-18,2012-08-19,True,True
2012-08-19T00:00:00Z,2012-08-20T00:00:00Z,8,8,8,8,0,77650583.333333194,2012-08-19,2012-08-20,True,True
2012-08-20T00:00:00Z,2012-08-21T00:00:00Z,10.1,10.1,10.1,10.1,0,98273101.847511902,2012-08-20,2012-08-21,True,True
2012-08-21T00:00:00Z,2012-08-22T00:00:00Z,9.9149999999999991,9.9149999999999991,9.9149999999999991,9.9149999999999991,0,96537480.125,2012-08-21,2012-08-22,True,True
2012-08-22T00:00:00Z,2012-08-23T00:00:00Z,9.8068000000000008,9.8068000000000008,9.8068000000000008,9.8068000000000008,0,95483989.923333094,2012-08-22,2012-08-23,True,True
2012-08-23T00:00:00Z,2012-08-24T00:00:00Z,10.1,10.1,10.1,10.1,0,98403333.690683007,2012-08-23,2012-08-24,True,True
2012-08-24T00:00:00Z,2012-08-25T00:00:00Z,10.6,10.6,10.6,10.6,0,103521918.75,2012-08-24,2012-08-25,True,True
2012-08-25T00:00:00Z,2012-08-26T00:00:00Z,10.523899999999999,10.523899999999999,10.523899999999999,10.523899999999999,0,102778709.503125,2012-08-25,2012-08-26,True,True
2012-08-26T00:00:00Z,2012-08-27T00:00:00Z,10.609999999999999,10.609999999999999,10.609999999999999,10.609999999999999,0,103619580.9375,2012-08-26,2012-08-27,True,True
2012-08-27T00:00:00Z,2012-08-28T00:00:00Z,10.949999999999999,10.949999999999999,10.949999999999999,10.949999999999999,0,107046851.15885399,2012-08-27,2012-08-28,True,True
2012-08-28T00:00:00Z,2012-08-29T00:00:00Z,10.94,10.94,10.94,10.94,0,107172729.958333,2012-08-28,2012-08-29,True,True
2012-08-29T00:00:00Z,2012-08-30T00:00:00Z,10.9169,10.9169,10.9169,10.9169,0,106946432.877708,2012-08-29,2012-08-30,True,True
2012-08-30T00:00:00Z,2012-08-31T00:00:00Z,10.776999999999999,10.776999999999999,10.776999999999999,10.776999999999999,0,105575915.060417,2012-08-30,2012-08-31,True,True
2012-08-31T00:00:00Z,2012-09-01T00:00:00Z,10.16,10.16,10.16,10.16,0,99646647.395833507,2012-08-31,2012-09-01,True,True
2012-09-01T00:00:00Z,2012-09-02T00:00:00Z,9.9654000000000007,9.9654000000000007,9.9654000000000007,9.9654000000000007,0,97926248.775000393,2012-09-01,2012-09-02,True,True
2012-09-02T00:00:00Z,2012-09-03T00:00:00Z,10.2041,10.2041,10.2041,10.2041,0,100271864.16249999,2012-09-02,2012-09-03,True,True
2012-09-03T00:00:00Z,2012-09-04T00:00:00Z,10.529999999999999,10.529999999999999,10.529999999999999,10.529999999999999,0,103474361.25,2012-09-03,2012-09-04,True,True
2012-09-04T00:00:00Z,2012-09-05T00:00:00Z,10.3847,10.3847,10.3847,10.3847,0,102205013.063263,2012-09-04,2012-09-05,True,True
2012-09-05T00:00:00Z,2012-09-06T00:00:00Z,10.999700000000001,10.999700000000001,10.999700000000001,10.999700000000001,0,108421017.982499,2012-09-05,2012-09-06,True,True
2012-09-06T00:00:00Z,2012-09-07T00:00:00Z,11.180999999999999,11.180999999999999,11.180999999999999,11.180999999999999,0,110208042.224999,2012-09-06,2012-09-07,True,True
2012-09-07T00:00:00Z,2012-09-08T00:00:00Z,11,11,11,11,0,108423975,2012-09-07,2012-09-08,True,True
2012-09-08T00:00:00Z,2012-09-09T00:00:00Z,11.037000000000001,11.037000000000001,11.037000000000001,11.037000000000001,0,109104366.036589,2012-09-08,2012-09-09,True,True
2012-09-09T00:00:00Z,2012-09-10T00:00:00Z,11.02,11.02,11.02,11.02,0,108962385.125,2012-09-09,2012-09-10,True,True
2012-09-10T00:00:00Z,2012-09-11T00:00:00Z,11.17,11.17,11.17,11.17,0,110445539.1875,2012-09-10,2012-09-11,True,True
2012-09-11T00:00:00Z,2012-09-12T00:00:00Z,11.3308,11.3308,11.3308,11.3308,0,112035480.3425,2012-09-11,2012-09-12,True,True
2012-09-12T00:00:00Z,2012-09-13T00:00:00Z,11.3649,11.3649,11.3649,11.3649,0,112689351.592838,2012-09-12,2012-09-13,True,True
2012-09-13T00:00:00Z,2012-09-14T00:00:00Z,11.398999999999999,11.398999999999999,11.398999999999999,11.398999999999999,0,113052455.997917,2012-09-13,2012-09-14,True,True
2012-09-14T00:00:00Z,2012-09-15T00:00:00Z,11.67,11.67,11.67,11.67,0,115740166.8125,2012-09-14,2012-09-15,True,True
2012-09-15T00:00:00Z,2012-09-16T00:00:00Z,11.75,11.75,11.75,11.75,0,116533586.979167,2012-09-15,2012-09-16,True,True
2012-09-16T00:00:00Z,2012-09-17T00:00:00Z,11.869999999999999,11.869999999999999,11.869999999999999,11.869999999999999,0,117978777.37463801,2012-09-16,2012-09-17,True,True
2012-09-17T00:00:00Z,2012-09-18T00:00:00Z,11.890000000000001,11.890000000000001,11.890000000000001,11.890000000000001,0,118291826.5,2012-09-17,2012-09-18,True,True
2012-09-18T00:00:00Z,2012-09-19T00:00:00Z,12.25,12.25,12.25,12.25,0,121873412.5,2012-09-18,2012-09-19,True,True
2012-09-19T00:00:00Z,2012-09-20T00:00:00Z,12.5725,12.5725,12.5725,12.5725,0,125081916.625,2012-09-19,2012-09-20,True,True
2012-09-20T00:00:00Z,2012-09-21T00:00:00Z,12.282500000000001,12.282500000000001,12.282500000000001,12.282500000000001,0,122482906.786458,2012-09-20,2012-09-21,True,True
2012-09-21T00:00:00Z,2012-09-22T00:00:00Z,12.368,12.368,12.368,12.368,0,123438824,2012-09-21,2012-09-22,True,True
2012-09-22T00:00:00Z,2012-09-23T00:00:00Z,12.2378,12.2378,12.2378,12.2378,0,122139362.900001,2012-09-22,2012-09-23,True,True
2012-09-23T00:00:00Z,2012-09-24T00:00:00Z,12.193300000000001,12.193300000000001,12.193300000000001,12.193300000000001,0,121695230.650001,2012-09-23,2012-09-24,True,True
2012-09-24T00:00:00Z,2012-09-25T00:00:00Z,12.1,12.1,12.1,12.1,0,121093444.490741,2012-09-24,2012-09-25,True,True
2012-09-25T00:00:00Z,2012-09-26T00:00:00Z,12.196999999999999,12.196999999999999,12.196999999999999,12.196999999999999,0,122108639.23333301,2012-09-25,2012-09-26,True,True
2012-09-26T00:00:00Z,2012-09-27T00:00:00Z,12.27,12.27,12.27,12.27,0,122839469,2012-09-26,2012-09-27,True,True
2012-09-27T00:00:00Z,2012-09-28T00:00:00Z,12.3089,12.3089,12.3089,12.3089,0,123228911.163334,2012-09-27,2012-09-28,True,True
2012-09-28T00:00:00Z,2012-09-29T00:00:00Z,12.391,12.391,12.391,12.391,0,124344202.90507799,2012-09-28,2012-09-29,True,True
2012-09-29T00:00:00Z,2012-09-30T00:00:00Z,12.363099999999999,12.363099999999999,12.363099999999999,12.363099999999999,0,124146180.679584,2012-09-29,2012-09-30,True,True
2012-09-30T00:00:00Z,2012-10-01T00:00:00Z,12.4,12.4,12.4,12.4,0,124516718.333333,2012-09-30,2012-10-01,True,True
2012-10-01T00:00:00Z,2012-10-02T00:00:00Z,12.4,12.4,12.4,12.4,0,124516718.333333,2012-10-01,2012-10-02,True,True
2012-10-02T00:00:00Z,2012-10-03T00:00:00Z,12.84,12.84,12.84,12.84,0,129167602.953125,2012-10-02,2012-10-03,True,True
2012-10-03T00:00:00Z,2012-10-04T00:00:00Z,12.890000000000001,12.890000000000001,12.890000000000001,12.890000000000001,0,129852168.1875,2012-10-03,2012-10-04,True,True
2012-10-04T00:00:00Z,2012-10-05T00:00:00Z,12.85,12.85,12.85,12.85,0,129449213.4375,2012-10-04,2012-10-05,True,True
2012-10-05T00:00:00Z,2012-10-06T00:00:00Z,12.688000000000001,12.688000000000001,12.688000000000001,12.688000000000001,0,127817246.7,2012-10-05,2012-10-06,True,True
2012-10-06T00:00:00Z,2012-10-07T00:00:00Z,12.505000000000001,12.505000000000001,12.505000000000001,12.505000000000001,0,126002316.266819,2012-10-06,2012-10-07,True,True
2012-10-07T00:00:00Z,2012-10-08T00:00:00Z,11.800000000000001,11.800000000000001,11.800000000000001,11.800000000000001,0,119241605.833333,2012-10-07,2012-10-08,True,True
2012-10-08T00:00:00Z,2012-10-09T00:00:00Z,11.7781,11.7781,11.7781,11.7781,0,119020301.49708299,2012-10-08,2012-10-09,True,True
2012-10-09T00:00:00Z,2012-10-10T00:00:00Z,11.895,11.895,11.895,11.895,0,120201601.8125,2012-10-09,2012-10-10,True,True
2012-10-10T00:00:00Z,2012-10-11T00:00:00Z,12.119999999999999,12.119999999999999,12.119999999999999,12.119999999999999,0,122475276.5,2012-10-10,2012-10-11,True,True
2012-10-11T00:00:00Z,2012-10-12T00:00:00Z,12.029999999999999,12.029999999999999,12.029999999999999,12.029999999999999,0,121906959.289497,2012-10-11,2012-10-12,True,True
2012-10-12T00:00:00Z,2012-10-13T00:00:00Z,12,12,12,12,0,121635300,2012-10-12,2012-10-13,True,True
2012-10-13T00:00:00Z,2012-10-14T00:00:00Z,11.861000000000001,11.861000000000001,11.861000000000001,11.861000000000001,0,120226357.775001,2012-10-13,2012-10-14,True,True
2012-10-14T00:00:00Z,2012-10-15T00:00:00Z,11.738899999999999,11.738899999999999,11.738899999999999,11.738899999999999,0,118988718.5975,2012-10-14,2012-10-15,True,True
2012-10-15T00:00:00Z,2012-10-16T00:00:00Z,11.838100000000001,11.838100000000001,11.838100000000001,11.838100000000001,0,120253896.860769,2012-10-15,2012-10-16,True,True
2012-10-16T00:00:00Z,2012-10-17T00:00:00Z,11.8499,11.8499,11.8499,11.8499,0,120470304.926875,2012-10-16,2012-10-17,True,True
2012-10-17T00:00:00Z,2012-10-18T00:00:00Z,11.81,11.81,11.81,11.81,0,120064667.3125,2012-10-17,2012-10-18,True,True
2012-10-18T00:00:00Z,2012-10-19T00:00:00Z,11.9398,11.9398,11.9398,11.9398,0,121384260.35374901,2012-10-18,2012-10-19,True,True
2012-10-19T00:00:00Z,2012-10-20T00:00:00Z,11.7401,11.7401,11.7401,11.7401,0,119586089.424687,2012-10-19,2012-10-20,True,True
2012-10-20T00:00:00Z,2012-10-21T00:00:00Z,11.7399,11.7399,11.7399,11.7399,0,119715208.895625,2012-10-20,2012-10-21,True,True
2012-10-21T00:00:00Z,2012-10-22T00:00:00Z,11.6311,11.6311,11.6311,11.6311,0,118605743.33562499,2012-10-21,2012-10-22,True,True
2012-10-22T00:00:00Z,2012-10-23T00:00:00Z,11.710100000000001,11.710100000000001,11.710100000000001,11.710100000000001,0,119411329.541875,2012-10-22,2012-10-23,True,True
2012-10-23T00:00:00Z,2012-10-24T00:00:00Z,11.65,11.65,11.65,11.65,0,119031597.839627,2012-10-23,2012-10-24,True,True
2012-10-24T00:00:00Z,2012-10-25T00:00:00Z,11.65,11.65,11.65,11.65,0,119157510.625,2012-10-24,2012-10-25,True,True
2012-10-25T00:00:00Z,2012-10-26T00:00:00Z,10.861599999999999,10.861599999999999,10.861599999999999,10.861599999999999,0,111093666.73,2012-10-25,2012-10-26,True,True
2012-10-26T00:00:00Z,2012-10-27T00:00:00Z,10.1706,10.1706,10.1706,10.1706,0,104026040.99250001,2012-10-26,2012-10-27,True,True
2012-10-27T00:00:00Z,2012-10-28T00:00:00Z,10.2605,10.2605,10.2605,10.2605,0,105127818.84464701,2012-10-27,2012-10-28,True,True
2012-10-28T00:00:00Z,2012-10-29T00:00:00Z,10.699999999999999,10.699999999999999,10.699999999999999,10.699999999999999,0,109774599.166667,2012-10-28,2012-10-29,True,True
2012-10-29T00:00:00Z,2012-10-30T00:00:00Z,10.6,10.6,10.6,10.6,0,108748668.333333,2012-10-29,2012-10-30,True,True
2012-10-30T00:00:00Z,2012-10-31T00:00:00Z,10.887499999999999,10.887499999999999,10.887499999999999,10.887499999999999,0,111698219.479167,2012-10-30,2012-10-31,True,True
2012-10-31T00:00:00Z,2012-11-01T00:00:00Z,11.201000000000001,11.201000000000001,11.201000000000001,11.201000000000001,0,115132466.729745,2012-10-31,2012-11-01,True,True
2012-11-01T00:00:00Z,2012-11-02T00:00:00Z,10.57,10.57,10.57,10.57,0,108773667.916667,2012-11-01,2012-11-02,True,True
2012-11-02T00:00:00Z,2012-11-03T00:00:00Z,10.4688,10.4688,10.4688,10.4688,0,107732239.799999,2012-11-02,2012-11-03,True,True
2012-11-03T00:00:00Z,2012-11-04T00:00:00Z,10.6425,10.6425,10.6425,10.6425,0,109519750.3125,2012-11-03,2012-11-04,True,True
2012-11-04T00:00:00Z,2012-11-05T00:00:00Z,10.8001,10.8001,10.8001,10.8001,0,111235748.70109899,2012-11-04,2012-11-05,True,True
2012-11-05T00:00:00Z,2012-11-06T00:00:00Z,10.747999999999999,10.747999999999999,10.747999999999999,10.747999999999999,0,110942804.075001,2012-11-05,2012-11-06,True,True
2012-11-06T00:00:00Z,2012-11-07T00:00:00Z,10.898999999999999,10.898999999999999,10.898999999999999,10.898999999999999,0,112501453.443749,2012-11-06,2012-11-07,True,True
2012-11-07T00:00:00Z,2012-11-08T00:00:00Z,10.92,10.92,10.92,10.92,0,112718219.25,2012-11-07,2012-11-08,True,True
2012-11-08T00:00:00Z,2012-11-09T00:00:00Z,10.925000000000001,10.925000000000001,10.925000000000001,10.925000000000001,0,112826526.354167,2012-11-08,2012-11-09,True,True
2012-11-09T00:00:00Z,2012-11-10T00:00:00Z,10.815,10.815,10.815,10.815,0,111971142.28125,2012-11-09,2012-11-10,True,True
2012-11-10T00:00:00Z,2012-11-11T00:00:00Z,10.890000000000001,10.890000000000001,10.890000000000001,10.890000000000001,0,112747641.1875,2012-11-10,2012-11-11,True,True
2012-11-11T00:00:00Z,2012-11-12T00:00:00Z,10.8687,10.8687,10.8687,10.8687,0,112527115.498124,2012-11-11,2012-11-12,True,True
2012-11-12T00:00:00Z,2012-11-13T00:00:00Z,11.007999999999999,11.007999999999999,11.007999999999999,11.007999999999999,0,113969332.799999,2012-11-12,2012-11-13,True,True
2012-11-13T00:00:00Z,2012-11-14T00:00:00Z,10.9512,10.9512,10.9512,10.9512,0,113670833.700938,2012-11-13,2012-11-14,True,True
2012-11-14T00:00:00Z,2012-11-15T00:00:00Z,10.949999999999999,10.949999999999999,10.949999999999999,10.949999999999999,0,113707811.25,2012-11-14,2012-11-15,True,True
2012-11-15T00:00:00Z,2012-11-16T00:00:00Z,11.197699999999999,11.197699999999999,11.197699999999999,11.197699999999999,0,116279996.1675,2012-11-15,2012-11-16,True,True
2012-11-16T00:00:00Z,2012-11-17T00:00:00Z,11.748900000000001,11.748900000000001,11.748900000000001,11.748900000000001,0,122003808.5475,2012-11-16,2012-11-17,True,True
2012-11-17T00:00:00Z,2012-11-18T00:00:00Z,11.7889,11.7889,11.7889,11.7889,0,122612026.303333,2012-11-17,2012-11-18,True,True
2012-11-18T00:00:00Z,2012-11-19T00:00:00Z,11.6515,11.6515,11.6515,11.6515,0,121344255.462501,2012-11-18,2012-11-19,True,True
2012-11-19T00:00:00Z,2012-11-20T00:00:00Z,11.799899999999999,11.799899999999999,11.799899999999999,11.799899999999999,0,122889763.55250099,2012-11-19,2012-11-20,True,True
2012-11-20T00:00:00Z,2012-11-21T00:00:00Z,11.732799999999999,11.732799999999999,11.732799999999999,11.732799999999999,0,122190952.28,2012-11-20,2012-11-21,True,True
2012-11-21T00:00:00Z,2012-11-22T00:00:00Z,11.77,11.77,11.77,11.77,0,122699139.68554699,2012-11-21,2012-11-22,True,True
2012-11-22T00:00:00Z,2012-11-23T00:00:00Z,12.421900000000001,12.421900000000001,12.421900000000001,12.421900000000001,0,129753965.729375,2012-11-22,2012-11-23,True,True
2012-11-23T00:00:00Z,2012-11-24T00:00:00Z,12.345000000000001,12.345000000000001,12.345000000000001,12.345000000000001,0,128950700.53125,2012-11-23,2012-11-24,True,True
2012-11-24T00:00:00Z,2012-11-25T00:00:00Z,12.4115,12.4115,12.4115,12.4115,0,129645331.684375,2012-11-24,2012-11-25,True,True
2012-11-25T00:00:00Z,2012-11-26T00:00:00Z,12.482100000000001,12.482100000000001,12.482100000000001,12.482100000000001,0,130489387.342208,2012-11-25,2012-11-26,True,True
2012-11-26T00:00:00Z,2012-11-27T00:00:00Z,12.2455,12.2455,12.2455,12.2455,0,128283194.70208301,2012-11-26,2012-11-27,True,True
2012-11-27T00:00:00Z,2012-11-28T00:00:00Z,12.199999999999999,12.199999999999999,12.199999999999999,12.199999999999999,0,127806539.166667,2012-11-27,2012-11-28,True,True
2012-11-28T00:00:00Z,2012-11-29T00:00:00Z,12.3477,12.3477,12.3477,12.3477,0,129353836.366249,2012-11-28,2012-11-29,True,True
2012-11-29T00:00:00Z,2012-11-30T00:00:00Z,12.449999999999999,12.449999999999999,12.449999999999999,12.449999999999999,0,130600993.17274299,2012-11-29,2012-11-30,True,True
2012-11-30T00:00:00Z,2012-12-01T00:00:00Z,12.565,12.565,12.565,12.565,0,131972550.9375,2012-11-30,2012-12-01,True,True
2012-12-01T00:00:00Z,2012-12-02T00:00:00Z,12.561999999999999,12.561999999999999,12.561999999999999,12.561999999999999,0,131941041.375,2012-12-01,2012-12-02,True,True
2012-12-02T00:00:00Z,2012-12-03T00:00:00Z,12.5,12.5,12.5,12.5,0,131289843.75,2012-12-02,2012-12-03,True,True
2012-12-03T00:00:00Z,2012-12-04T00:00:00Z,12.679,12.679,12.679,12.679,0,133231794.326085,2012-12-03,2012-12-04,True,True
2012-12-04T00:00:00Z,2012-12-05T00:00:00Z,13.41,13.41,13.41,13.41,0,141052624.03125,2012-12-04,2012-12-05,True,True
2012-12-05T00:00:00Z,2012-12-06T00:00:00Z,13.380000000000001,13.380000000000001,13.380000000000001,13.380000000000001,0,140737070.0625,2012-12-05,2012-12-06,True,True
2012-12-06T00:00:00Z,2012-12-07T00:00:00Z,13.298999999999999,13.298999999999999,13.298999999999999,13.298999999999999,0,139885074.34687501,2012-12-06,2012-12-07,True,True
2012-12-07T00:00:00Z,2012-12-08T00:00:00Z,13.4999,13.4999,13.4999,13.4999,0,141998234.09093699,2012-12-07,2012-12-08,True,True
2012-12-08T00:00:00Z,2012-12-09T00:00:00Z,13.4201,13.4201,13.4201,13.4201,0,141275623.26740199,2012-12-08,2012-12-09,True,True
2012-12-09T00:00:00Z,2012-12-10T00:00:00Z,13.388,13.388,13.388,13.388,0,141028299.466667,2012-12-09,2012-12-10,True,True
2012-12-10T00:00:00Z,2012-12-11T00:00:00Z,13.433400000000001,13.433400000000001,13.433400000000001,13.433400000000001,0,141506540.040001,2012-12-10,2012-12-11,True,True
2012-12-11T00:00:00Z,2012-12-12T00:00:00Z,13.557,13.557,13.557,13.557,0,142808534.19999999,2012-12-11,2012-12-12,True,True
2012-12-12T00:00:00Z,2012-12-13T00:00:00Z,13.6989,13.6989,13.6989,13.6989,0,144319736.83085901,2012-12-12,2012-12-13,True,True
2012-12-13T00:00:00Z,2012-12-14T00:00:00Z,13.700100000000001,13.700100000000001,13.700100000000001,13.700100000000001,0,144521784.0625,2012-12-13,2012-12-14,True,True
2012-12-14T00:00:00Z,2012-12-15T00:00:00Z,13.6,13.6,13.6,13.6,0,143465833.33333299,2012-12-14,2012-12-15,True,True
2012-12-15T00:00:00Z,2012-12-16T00:00:00Z,13.4901,13.4901,13.4901,13.4901,0,142306502.8125,2012-12-15,2012-12-16,True,True
2012-12-16T00:00:00Z,2012-12-17T00:00:00Z,13.300000000000001,13.300000000000001,13.300000000000001,13.300000000000001,0,140301145.83333299,2012-12-16,2012-12-17,True,True
2012-12-17T00:00:00Z,2012-12-18T00:00:00Z,13.2501,13.2501,13.2501,13.2501,0,139818015.00242999,2012-12-17,2012-12-18,True,True
2012-12-18T00:00:00Z,2012-12-19T00:00:00Z,13.298999999999999,13.298999999999999,13.298999999999999,13.298999999999999,0,140482989.07499999,2012-12-18,2012-12-19,True,True
2012-12-19T00:00:00Z,2012-12-20T00:00:00Z,13.599,13.599,13.599,13.599,0,143652016.57499999,2012-12-19,2012-12-20,True,True
2012-12-20T00:00:00Z,2012-12-21T00:00:00Z,13.5246,13.5246,13.5246,13.5246,0,142866097.755,2012-12-20,2012-12-21,True,True
2012-12-21T00:00:00Z,2012-12-22T00:00:00Z,13.5,13.5,13.5,13.5,0,142606237.5,2012-12-21,2012-12-22,True,True
2012-12-22T00:00:00Z,2012-12-23T00:00:00Z,13.3714,13.3714,13.3714,13.3714,0,141357133.05836499,2012-12-22,2012-12-23,True,True
2012-12-23T00:00:00Z,2012-12-24T00:00:00Z,13.311999999999999,13.311999999999999,13.311999999999999,13.311999999999999,0,140811493.33333299,2012-12-23,2012-12-24,True,True
2012-12-24T00:00:00Z,2012-12-25T00:00:00Z,13.380000000000001,13.380000000000001,13.380000000000001,13.380000000000001,0,141530782.8125,2012-12-24,2012-12-25,True,True
2012-12-25T00:00:00Z,2012-12-26T00:00:00Z,13.35,13.35,13.35,13.35,0,141213449.21875,2012-12-25,2012-12-26,True,True
2012-12-26T00:00:00Z,2012-12-27T00:00:00Z,13.4679,13.4679,13.4679,13.4679,0,142511178.91606799,2012-12-26,2012-12-27,True,True
2012-12-27T00:00:00Z,2012-12-28T00:00:00Z,13.4217,13.4217,13.4217,13.4217,0,142170853.21031201,2012-12-27,2012-12-28,True,True
2012-12-28T00:00:00Z,2012-12-29T00:00:00Z,13.421200000000001,13.421200000000001,13.421200000000001,13.421200000000001,0,142165556.90458399,2012-12-28,2012-12-29,True,True
2012-12-29T00:00:00Z,2012-12-30T00:00:00Z,13.4,13.4,13.4,13.4,0,141940993.54166701,2012-12-29,2012-12-30,True,True
2012-12-30T00:00:00Z,2012-12-31T00:00:00Z,13.449999999999999,13.449999999999999,13.449999999999999,13.449999999999999,0,142564032.00032601,2012-12-30,2012-12-31,True,True
2012-12-31T00:00:00Z,2013-01-01T00:00:00Z,13.51,13.51,13.51,13.51,0,143306339.89583299,2012-12-31,2013-01-01,True,True
2013-01-01T00:00:00Z,2013-01-02T00:00:00Z,13.3041,13.3041,13.3041,13.3041,0,141122270.65937501,2013-01-01,2013-01-02,True,True
2013-01-02T00:00:00Z,2013-01-03T00:00:00Z,13.279999999999999,13.279999999999999,13.279999999999999,13.279999999999999,0,140866631.66666701,2013-01-02,2013-01-03,True,True
2013-01-03T00:00:00Z,2013-01-04T00:00:00Z,13.3979,13.3979,13.3979,13.3979,0,142283686.71585801,2013-01-03,2013-01-04,True,True
2013-01-04T00:00:00Z,2013-01-05T00:00:00Z,13.5,13.5,13.5,13.5,0,143397407.8125,2013-01-04,2013-01-05,True,True
2013-01-05T00:00:00Z,2013-01-06T00:00:00Z,13.44,13.44,13.44,13.44,0,142760086,2013-01-05,2013-01-06,True,True
2013-01-06T00:00:00Z,2013-01-07T00:00:00Z,13.454000000000001,13.454000000000001,13.454000000000001,13.454000000000001,0,142908794.42291701,2013-01-06,2013-01-07,True,True
2013-01-07T00:00:00Z,2013-01-08T00:00:00Z,13.5876,13.5876,13.5876,13.5876,0,144520752.33149299,2013-01-07,2013-01-08,True,True
2013-01-08T00:00:00Z,2013-01-09T00:00:00Z,13.742800000000001,13.742800000000001,13.742800000000001,13.742800000000001,0,146177067.31166801,2013-01-08,2013-01-09,True,True
2013-01-09T00:00:00Z,2013-01-10T00:00:00Z,13.77,13.77,13.77,13.77,0,146466383.625,2013-01-09,2013-01-10,True,True
2013-01-10T00:00:00Z,2013-01-11T00:00:00Z,14.140000000000001,14.140000000000001,14.140000000000001,14.140000000000001,0,150401936.41666701,2013-01-10,2013-01-11,True,True
2013-01-11T00:00:00Z,2013-01-12T00:00:00Z,14.137,14.137,14.137,14.137,0,150572305.48278299,2013-01-11,2013-01-12,True,True
2013-01-12T00:00:00Z,2013-01-13T00:00:00Z,14.237,14.237,14.237,14.237,0,151638109.03749901,2013-01-12,2013-01-13,True,True
2013-01-13T00:00:00Z,2013-01-14T00:00:00Z,14.116,14.116,14.116,14.116,0,150349339.55000001,2013-01-13,2013-01-14,True,True
2013-01-14T00:00:00Z,2013-01-15T00:00:00Z,14.300000000000001,14.300000000000001,14.300000000000001,14.300000000000001,0,152309121.25,2013-01-14,2013-01-15,True,True
2013-01-15T00:00:00Z,2013-01-16T00:00:00Z,14.25,14.25,14.25,14.25,0,151883702.00195301,2013-01-15,2013-01-16,True,True
2013-01-16T00:00:00Z,2013-01-17T00:00:00Z,14.73,14.73,14.73,14.73,0,157103091.1875,2013-01-16,2013-01-17,True,True
2013-01-17T00:00:00Z,2013-01-18T00:00:00Z,15.5,15.5,15.5,15.5,0,165315540.625,2013-01-17,2013-01-18,True,True
2013-01-18T00:00:00Z,2013-01-19T00:00:00Z,15.705,15.705,15.705,15.705,0,167501971.96875,2013-01-18,2013-01-19,True,True
2013-01-19T00:00:00Z,2013-01-20T00:00:00Z,15.615,15.615,15.615,15.615,0,166560057.21207699,2013-01-19,2013-01-20,True,True
2013-01-20T00:00:00Z,2013-01-21T00:00:00Z,15.699999999999999,15.699999999999999,15.699999999999999,15.699999999999999,0,167675035.104166,2013-01-20,2013-01-21,True,True
2013-01-21T00:00:00Z,2013-01-22T00:00:00Z,16.800000000000001,16.800000000000001,16.800000000000001,16.800000000000001,0,179422967.5,2013-01-21,2013-01-22,True,True
2013-01-22T00:00:00Z,2013-01-23T00:00:00Z,17.261399999999998,17.261399999999998,17.261399999999998,17.261399999999998,0,184350691.143125,2013-01-22,2013-01-23,True,True
2013-01-23T00:00:00Z,2013-01-24T00:00:00Z,17.5,17.5,17.5,17.5,0,186898924.479166,2013-01-23,2013-01-24,True,True
2013-01-24T00:00:00Z,2013-01-25T00:00:00Z,16.896000000000001,16.896000000000001,16.896000000000001,16.896000000000001,0,180627484.76666799,2013-01-24,2013-01-25,True,True
2013-01-25T00:00:00Z,2013-01-26T00:00:00Z,17.399999999999999,17.399999999999999,17.399999999999999,17.399999999999999,0,186084082.5,2013-01-25,2013-01-26,True,True
2013-01-26T00:00:00Z,2013-01-27T00:00:00Z,17.879999999999999,17.879999999999999,17.879999999999999,17.879999999999999,0,191217436.5,2013-01-26,2013-01-27,True,True
2013-01-27T00:00:00Z,2013-01-28T00:00:00Z,17.818200000000001,17.818200000000001,17.818200000000001,17.818200000000001,0,190556517.172501,2013-01-27,2013-01-28,True,True
2013-01-28T00:00:00Z,2013-01-29T00:00:00Z,18.721,18.721,18.721,18.721,0,200439046.76710001,2013-01-28,2013-01-29,True,True
2013-01-29T00:00:00Z,2013-01-30T00:00:00Z,19.525400000000001,19.525400000000001,19.525400000000001,19.525400000000001,0,209097752.667501,2013-01-29,2013-01-30,True,True
2013-01-30T00:00:00Z,2013-01-31T00:00:00Z,19.699999999999999,19.699999999999999,19.699999999999999,19.699999999999999,0,210967546.25,2013-01-30,2013-01-31,True,True
2013-01-31T00:00:00Z,2013-02-01T00:00:00Z,20.41,20.41,20.41,20.41,0,218606887.04050899,2013-01-31,2013-02-01,True,True
2013-02-01T00:00:00Z,2013-02-02T00:00:00Z,20.498999999999999,20.498999999999999,20.498999999999999,20.498999999999999,0,219829823.987501,2013-02-01,2013-02-02,True,True
2013-02-02T00:00:00Z,2013-02-03T00:00:00Z,19.629999999999999,19.629999999999999,19.629999999999999,19.629999999999999,0,210510729.541666,2013-02-02,2013-02-03,True,True
2013-02-03T00:00:00Z,2013-02-04T00:00:00Z,20.59,20.59,20.59,20.59,0,220805701.541666,2013-02-03,2013-02-04,True,True
2013-02-04T00:00:00Z,2013-02-05T00:00:00Z,20.430099999999999,20.430099999999999,20.430099999999999,20.430099999999999,0,219257215.896871,2013-02-04,2013-02-05,True,True
2013-02-05T00:00:00Z,2013-02-06T00:00:00Z,20.600000000000001,20.600000000000001,20.600000000000001,20.600000000000001,0,221212842.5,2013-02-05,2013-02-06,True,True
2013-02-06T00:00:00Z,2013-02-07T00:00:00Z,21.18,21.18,21.18,21.18,0,227441165.25,2013-02-06,2013-02-07,True,True
2013-02-07T00:00:00Z,2013-02-08T00:00:00Z,22.149999999999999,22.149999999999999,22.149999999999999,22.149999999999999,0,237857498.125,2013-02-07,2013-02-08,True,True
2013-02-08T00:00:00Z,2013-02-09T00:00:00Z,22.66,22.66,22.66,22.66,0,243608241.9375,2013-02-08,2013-02-09,True,True
2013-02-09T00:00:00Z,2013-02-10T00:00:00Z,23.649999999999999,23.649999999999999,23.649999999999999,23.649999999999999,0,254312884.375,2013-02-09,2013-02-10,True,True
2013-02-10T00:00:00Z,2013-02-11T00:00:00Z,23.969799999999999,23.969799999999999,23.969799999999999,23.969799999999999,0,257751753.737501,2013-02-10,2013-02-11,True,True
2013-02-11T00:00:00Z,2013-02-12T00:00:00Z,24.649999999999999,24.649999999999999,24.649999999999999,24.649999999999999,0,265092122.88085899,2013-02-11,2013-02-12,True,True
2013-02-12T00:00:00Z,2013-02-13T00:00:00Z,25.169799999999999,25.169799999999999,25.169799999999999,25.169799999999999,0,271020383.52625102,2013-02-12,2013-02-13,True,True
2013-02-13T00:00:00Z,2013-02-14T00:00:00Z,24.199999999999999,24.199999999999999,24.199999999999999,24.199999999999999,0,260577886.25,2013-02-13,2013-02-14,True,True
2013-02-14T00:00:00Z,2013-02-15T00:00:00Z,27.220500000000001,27.220500000000001,27.220500000000001,27.220500000000001,0,293101667.46562302,2013-02-14,2013-02-15,True,True
2013-02-15T00:00:00Z,2013-02-16T00:00:00Z,27.100000000000001,27.100000000000001,27.100000000000001,27.100000000000001,0,291969256.62760401,2013-02-15,2013-02-16,True,True
2013-02-16T00:00:00Z,2013-02-17T00:00:00Z,27.215800000000002,27.215800000000002,27.215800000000002,27.215800000000002,0,293442456.58749998,2013-02-16,2013-02-17,True,True
2013-02-17T00:00:00Z,2013-02-18T00:00:00Z,26.814599999999999,26.814599999999999,26.814599999999999,26.814599999999999,0,289116693.11250198,2013-02-17,2013-02-18,True,True
2013-02-18T00:00:00Z,2013-02-19T00:00:00Z,26.949999999999999,26.949999999999999,26.949999999999999,26.949999999999999,0,290660564.50520802,2013-02-18,2013-02-19,True,True
2013-02-19T00:00:00Z,2013-02-20T00:00:00Z,29.4176,29.4176,29.4176,29.4176,0,317608221.55999899,2013-02-19,2013-02-20,True,True
2013-02-20T00:00:00Z,2013-02-21T00:00:00Z,29.645,29.645,29.645,29.645,0,320063354.1875,2013-02-20,2013-02-21,True,True
2013-02-21T00:00:00Z,2013-02-22T00:00:00Z,29.747699999999998,29.747699999999998,29.747699999999998,29.747699999999998,0,321172158.58875,2013-02-21,2013-02-22,True,True
2013-02-22T00:00:00Z,2013-02-23T00:00:00Z,30.2454,30.2454,30.2454,30.2454,0,326944259.60484499,2013-02-22,2013-02-23,True,True
2013-02-23T00:00:00Z,2013-02-24T00:00:00Z,29.800000000000001,29.800000000000001,29.800000000000001,29.800000000000001,0,322163702.5,2013-02-23,2013-02-24,True,True
2013-02-24T00:00:00Z,2013-02-25T00:00:00Z,29.890000000000001,29.890000000000001,29.890000000000001,29.890000000000001,0,323136680.125,2013-02-24,2013-02-25,True,True
2013-02-25T00:00:00Z,2013-02-26T00:00:00Z,30.399999999999999,30.399999999999999,30.399999999999999,30.399999999999999,0,328894090.27777803,2013-02-25,2013-02-26,True,True
2013-02-26T00:00:00Z,2013-02-27T00:00:00Z,31.100000000000001,31.100000000000001,31.100000000000001,31.100000000000001,0,336664108.75,2013-02-26,2013-02-27,True,True
2013-02-27T00:00:00Z,2013-02-28T00:00:00Z,30.901199999999999,30.901199999999999,30.901199999999999,30.901199999999999,0,334512056.50500101,2013-02-27,2013-02-28,True,True
2013-02-28T00:00:00Z,2013-03-01T00:00:00Z,33.380000000000003,33.380000000000003,33.380000000000003,33.380000000000003,0,361501889.11169201,2013-02-28,2013-03-01,True,True
2013-03-01T00:00:00Z,2013-03-02T00:00:00Z,34.5,34.5,34.5,34.5,0,373964762.5,2013-03-01,2013-03-02,True,True
2013-03-02T00:00:00Z,2013-03-03T00:00:00Z,34.25,34.25,34.25,34.25,0,371254872.916668,2013-03-02,2013-03-03,True,True
2013-03-03T00:00:00Z,2013-03-04T00:00:00Z,34.5,34.5,34.5,34.5,0,373964762.5,2013-03-03,2013-03-04,True,True
2013-03-04T00:00:00Z,2013-03-05T00:00:00Z,36.152000000000001,36.152000000000001,36.152000000000001,36.152000000000001,0,392260819.16493303,2013-03-04,2013-03-05,True,True
2013-03-05T00:00:00Z,2013-03-06T00:00:00Z,40.329999999999998,40.329999999999998,40.329999999999998,40.329999999999998,0,437730225.125,2013-03-05,2013-03-06,True,True
2013-03-06T00:00:00Z,2013-03-07T00:00:00Z,41.020099999999999,41.020099999999999,41.020099999999999,41.020099999999999,0,445220372.12124699,2013-03-06,2013-03-07,True,True
2013-03-07T00:00:00Z,2013-03-08T00:00:00Z,42,42,42,42,0,455899948.4375,2013-03-07,2013-03-08,True,True
2013-03-08T00:00:00Z,2013-03-09T00:00:00Z,44.18,44.18,44.18,44.18,0,480152105.75,2013-03-08,2013-03-09,True,True
2013-03-09T00:00:00Z,2013-03-10T00:00:00Z,46.850000000000001,46.850000000000001,46.850000000000001,46.850000000000001,0,509169899.375,2013-03-09,2013-03-10,True,True
2013-03-10T00:00:00Z,2013-03-11T00:00:00Z,46,46,46,46,0,499932025,2013-03-10,2013-03-11,True,True
2013-03-11T00:00:00Z,2013-03-12T00:00:00Z,48.399999999999999,48.399999999999999,48.399999999999999,48.399999999999999,0,526526702.01388901,2013-03-11,2013-03-12,True,True
2013-03-12T00:00:00Z,2013-03-13T00:00:00Z,44.289900000000003,44.289900000000003,44.289900000000003,44.289900000000003,0,481973210.65124798,2013-03-12,2013-03-13,True,True
2013-03-13T00:00:00Z,2013-03-14T00:00:00Z,46.920000000000002,46.920000000000002,46.920000000000002,46.920000000000002,0,510594583.5,2013-03-13,2013-03-14,True,True
2013-03-14T00:00:00Z,2013-03-15T00:00:00Z,47.169600000000003,47.169600000000003,47.169600000000003,47.169600000000003,0,513404139.65569299,2013-03-14,2013-03-15,True,True
2013-03-15T00:00:00Z,2013-03-16T00:00:00Z,46.950000000000003,46.950000000000003,46.950000000000003,46.950000000000003,0,511590039.21875,2013-03-15,2013-03-16,True,True
2013-03-16T00:00:00Z,2013-03-17T00:00:00Z,47.0002,47.0002,47.0002,47.0002,0,512137042.83895898,2013-03-16,2013-03-17,True,True
2013-03-17T00:00:00Z,2013-03-18T00:00:00Z,47.399999999999999,47.399999999999999,47.399999999999999,47.399999999999999,0,516521702.68229198,2013-03-17,2013-03-18,True,True
2013-03-18T00:00:00Z,2013-03-19T00:00:00Z,51.600000000000001,51.600000000000001,51.600000000000001,51.600000000000001,0,562996635,2013-03-18,2013-03-19,True,True
2013-03-19T00:00:00Z,2013-03-20T00:00:00Z,59.140000000000001,59.140000000000001,59.140000000000001,59.140000000000001,0,645263972.75,2013-03-19,2013-03-20,True,True
2013-03-20T00:00:00Z,2013-03-21T00:00:00Z,64.488799999999998,64.488799999999998,64.488799999999998,64.488799999999998,0,703668029.74374604,2013-03-20,2013-03-21,True,True
2013-03-21T00:00:00Z,2013-03-22T00:00:00Z,70.849999999999994,70.849999999999994,70.849999999999994,70.849999999999994,0,774033593.125,2013-03-21,2013-03-22,True,True
2013-03-22T00:00:00Z,2013-03-23T00:00:00Z,69.864999999999995,69.864999999999995,69.864999999999995,69.864999999999995,0,763272505.0625,2013-03-22,2013-03-23,True,True
2013-03-23T00:00:00Z,2013-03-24T00:00:00Z,64.349999999999994,64.349999999999994,64.349999999999994,64.349999999999994,0,703445309.53125,2013-03-23,2013-03-24,True,True
2013-03-24T00:00:00Z,2013-03-25T00:00:00Z,71.5,71.5,71.5,71.5,0,782162631.25,2013-03-24,2013-03-25,True,True
2013-03-25T00:00:00Z,2013-03-26T00:00:00Z,73.599999999999994,73.599999999999994,73.599999999999994,73.599999999999994,0,805135240,2013-03-25,2013-03-26,True,True
2013-03-26T00:00:00Z,2013-03-27T00:00:00Z,78.5,78.5,78.5,78.5,0,858934345.96354198,2013-03-26,2013-03-27,True,True
2013-03-27T00:00:00Z,2013-03-28T00:00:00Z,88.920000000000002,88.920000000000002,88.920000000000002,88.920000000000002,0,973981885.5,2013-03-27,2013-03-28,True,True
2013-03-28T00:00:00Z,2013-03-29T00:00:00Z,86.180000000000007,86.180000000000007,86.180000000000007,86.180000000000007,0,943969398.25,2013-03-28,2013-03-29,True,True
2013-03-29T00:00:00Z,2013-03-30T00:00:00Z,90.5,90.5,90.5,90.5,0,991288356.25,2013-03-29,2013-03-30,True,True
2013-03-30T00:00:00Z,2013-03-31T00:00:00Z,92.189999999999998,92.189999999999998,92.189999999999998,92.189999999999998,0,1010708121.48633,2013-03-30,2013-03-31,True,True
2013-03-31T00:00:00Z,2013-04-01T00:00:00Z,93.030000000000001,93.030000000000001,93.030000000000001,93.030000000000001,0,1020314083.6875,2013-03-31,2013-04-01,True,True
2013-04-01T00:00:00Z,2013-04-02T00:00:00Z,104,104,104,104,0,1140628450,2013-04-01,2013-04-02,True,True
2013-04-02T00:00:00Z,2013-04-03T00:00:00Z,117.98,117.98,117.98,117.98,0,1294772851.61285,2013-04-02,2013-04-03,True,True
2013-04-03T00:00:00Z,2013-04-04T00:00:00Z,135,135,135,135,0,1482548062.5,2013-04-03,2013-04-04,True,True
2013-04-04T00:00:00Z,2013-04-05T00:00:00Z,132.12,132.12,132.12,132.12,0,1450920370.5,2013-04-04,2013-04-05,True,True
2013-04-05T00:00:00Z,2013-04-06T00:00:00Z,142.3236,142.3236,142.3236,142.3236,0,1562988632.8854101,2013-04-05,2013-04-06,True,True
2013-04-06T00:00:00Z,2013-04-07T00:00:00Z,142.6311,142.6311,142.6311,142.6311,0,1568369792.7112401,2013-04-06,2013-04-07,True,True
2013-04-07T00:00:00Z,2013-04-08T00:00:00Z,162.30099999999999,162.30099999999999,162.30099999999999,162.30099999999999,0,1784659767.2374899,2013-04-07,2013-04-08,True,True
2013-04-08T00:00:00Z,2013-04-09T00:00:00Z,187.5,187.5,187.5,187.5,0,2061747656.25,2013-04-08,2013-04-09,True,True
2013-04-09T00:00:00Z,2013-04-10T00:00:00Z,230,230,230,230,0,2531070817.7083302,2013-04-09,2013-04-10,True,True
2013-04-10T00:00:00Z,2013-04-11T00:00:00Z,165,165,165,165,0,1816652062.5,2013-04-10,2013-04-11,True,True
2013-04-11T00:00:00Z,2013-04-12T00:00:00Z,124.90000000000001,124.90000000000001,124.90000000000001,124.90000000000001,0,1375150561.25,2013-04-11,2013-04-12,True,True
2013-04-12T00:00:00Z,2013-04-13T00:00:00Z,117,117,117,117,0,1288796935.15625,2013-04-12,2013-04-13,True,True
2013-04-13T00:00:00Z,2013-04-14T00:00:00Z,93,93,93,93,0,1025244787.5,2013-04-13,2013-04-14,True,True
2013-04-14T00:00:00Z,2013-04-15T00:00:00Z,90,90,90,90,0,992172375,2013-04-14,2013-04-15,True,True
2013-04-15T00:00:00Z,2013-04-16T00:00:00Z,82.385999999999996,82.385999999999996,82.385999999999996,82.385999999999996,0,908234592.07500505,2013-04-15,2013-04-16,True,True
2013-04-16T00:00:00Z,2013-04-17T00:00:00Z,68.355699999999999,68.355699999999999,68.355699999999999,68.355699999999999,0,754428375.68117595,2013-04-16,2013-04-17,True,True
2013-04-17T00:00:00Z,2013-04-18T00:00:00Z,93.069999999999993,93.069999999999993,93.069999999999993,93.069999999999993,0,1027322171.66666,2013-04-17,2013-04-18,True,True
2013-04-18T00:00:00Z,2013-04-19T00:00:00Z,109.01000000000001,109.01000000000001,109.01000000000001,109.01000000000001,0,1203270548.3333299,2013-04-18,2013-04-19,True,True
2013-04-19T00:00:00Z,2013-04-20T00:00:00Z,118.48,118.48,118.48,118.48,0,1308409347.5092599,2013-04-19,2013-04-20,True,True
2013-04-20T00:00:00Z,2013-04-21T00:00:00Z,126.6155,126.6155,126.6155,126.6155,0,1399400404.1187501,2013-04-20,2013-04-21,True,True
2013-04-21T00:00:00Z,2013-04-22T00:00:00Z,119.2,119.2,119.2,119.2,0,1317441610,2013-04-21,2013-04-22,True,True
2013-04-22T00:00:00Z,2013-04-23T00:00:00Z,127.40000000000001,127.40000000000001,127.40000000000001,127.40000000000001,0,1408070982.5,2013-04-22,2013-04-23,True,True
2013-04-23T00:00:00Z,2013-04-24T00:00:00Z,143.47499999999999,143.47499999999999,143.47499999999999,143.47499999999999,0,1587452559.7526,2013-04-23,2013-04-24,True,True
2013-04-24T00:00:00Z,2013-04-25T00:00:00Z,154.19999999999999,154.19999999999999,154.19999999999999,154.19999999999999,0,1706440807.5,2013-04-24,2013-04-25,True,True
2013-04-25T00:00:00Z,2013-04-26T00:00:00Z,141.71000000000001,141.71000000000001,141.71000000000001,141.71000000000001,0,1568221315.375,2013-04-25,2013-04-26,True,True
2013-04-26T00:00:00Z,2013-04-27T00:00:00Z,136.90000000000001,136.90000000000001,136.90000000000001,136.90000000000001,0,1515921852.43924,2013-04-26,2013-04-27,True,True
2013-04-27T00:00:00Z,2013-04-28T00:00:00Z,128.0001,128.0001,128.0001,128.0001,0,1418303508.0487499,2013-04-27,2013-04-28,True,True
2013-04-28T00:00:00Z,2013-04-29T00:00:00Z,134.4444,135.97999999999999,132.09999999999999,134.21000000000001,0,1488338008.69365,2013-04-28,2013-04-29,False,True
2013-04-29T00:00:00Z,2013-04-30T00:00:00Z,134.44399999999999,147.488,134,144.53999999999999,0,1549500876.2569399,2013-04-29,2013-04-30,False,True
2013-04-30T00:00:00Z,2013-05-01T00:00:00Z,144,146.93000000000001,134.05000000000001,139,0,1578684648.2083299,2013-04-30,2013-05-01,False,True
2013-05-01T00:00:00Z,2013-05-02T00:00:00Z,139,139.88999999999999,107.72,116.98999999999999,0,1422546075.0972199,2013-05-01,2013-05-02,False,True
2013-05-02T00:00:00Z,2013-05-03T00:00:00Z,116.38,125.59999999999999,92.281899999999993,105.20999999999999,0,1236443772.3285699,2013-05-02,2013-05-03,False,True
2013-05-03T00:00:00Z,2013-05-04T00:00:00Z,106.25,108.128,79.099999999999994,97.75,0,1037536837.66319,2013-05-03,2013-05-04,False,True
2013-05-04T00:00:00Z,2013-05-05T00:00:00Z,98.099999999999994,115,92.5,112.5,0,1161080070.9409699,2013-05-04,2013-05-05,False,True
2013-05-05T00:00:00Z,2013-05-06T00:00:00Z,112.90000000000001,118.8,107.143,115.91,0,1268310696.2587399,2013-05-05,2013-05-06,False,True
2013-05-06T00:00:00Z,2013-05-07T00:00:00Z,115.98,124.663,106.64,112.3,0,1322216068.4097199,2013-05-06,2013-05-07,False,True
2013-05-07T00:00:00Z,2013-05-08T00:00:00Z,112.25,113.444,97.700000000000003,111.5,0,1200047410.9756899,2013-05-07,2013-05-08,False,True
2013-05-08T00:00:00Z,2013-05-09T00:00:00Z,109.59999999999999,115.78,109.59999999999999,113.566,0,1255949697.4097199,2013-05-08,2013-05-09,False,True
2013-05-09T00:00:00Z,2013-05-10T00:00:00Z,113.2,113.45999999999999,109.26000000000001,112.67,0,1245372317.6347499,2013-05-09,2013-05-10,False,True
2013-05-10T00:00:00Z,2013-05-11T00:00:00Z,112.79900000000001,122,111.551,117.2,0,1296978426.40767,2013-05-10,2013-05-11,False,True
2013-05-11T00:00:00Z,2013-05-12T00:00:00Z,117.7,118.679,113.01000000000001,115.24299999999999,0,1295632312.12411,2013-05-11,2013-05-12,False,True
2013-05-12T00:00:00Z,2013-05-13T00:00:00Z,115.64,117.449,113.435,115,0,1286251828.777,2013-05-12,2013-05-13,False,True
2013-05-13T00:00:00Z,2013-05-14T00:00:00Z,114.81999999999999,118.699,114.5,117.98,0,1301411889.20139,2013-05-13,2013-05-14,False,True
2013-05-14T00:00:00Z,2013-05-15T00:00:00Z,117.98,119.8,110.25,111.5,0,1311537042.29514,2013-05-14,2013-05-15,False,True
2013-05-15T00:00:00Z,2013-05-16T00:00:00Z,111.40000000000001,115.81,103.5,114.22,0,1250200218.33916,2013-05-15,2013-05-16,False,True
2013-05-16T00:00:00Z,2013-05-17T00:00:00Z,114.22,118.76000000000001,112.2,118.76000000000001,0,1282659394.6515701,2013-05-16,2013-05-17,False,True
2013-05-17T00:00:00Z,2013-05-18T00:00:00Z,118.20999999999999,125.3,116.571,123.015,0,1334833730.5347199,2013-05-17,2013-05-18,False,True
2013-05-18T00:00:00Z,2013-05-19T00:00:00Z,123.5,125.25,122.3,123.498,0,1379235727.4375,2013-05-18,2013-05-19,False,True
2013-05-19T00:00:00Z,2013-05-20T00:00:00Z,123.211,124.5,119.571,121.98999999999999,0,1368860919.66202,2013-05-19,2013-05-20,False,True
2013-05-20T00:00:00Z,2013-05-21T00:00:00Z,122.5,123.621,120.12,122,0,1368271987.42361,2013-05-20,2013-05-21,False,True
2013-05-21T00:00:00Z,2013-05-22T00:00:00Z,122.02,123,121.20999999999999,122.88,0,1367163585.8194399,2013-05-21,2013-05-22,False,True
2013-05-22T00:00:00Z,2013-05-23T00:00:00Z,122.89,124.001,122,123.889,0,1372542171.17014,2013-05-22,2013-05-23,False,True
2013-05-23T00:00:00Z,2013-05-24T00:00:00Z,123.8,126.934,123.09999999999999,126.7,0,1398746908.65505,2013-05-23,2013-05-24,False,True
2013-05-24T00:00:00Z,2013-05-25T00:00:00Z,126.3,133.84999999999999,125.71899999999999,133.19999999999999,0,1441256680.9444399,2013-05-24,2013-05-25,False,True
2013-05-25T00:00:00Z,2013-05-26T00:00:00Z,133.09999999999999,133.21899999999999,128.90000000000001,131.97999999999999,0,1472858824.34375,2013-05-25,2013-05-26,False,True
2013-05-26T00:00:00Z,2013-05-27T00:00:00Z,131.98599999999999,136,130.61500000000001,133.47999999999999,0,1493842936.8842101,2013-05-26,2013-05-27,False,True
2013-05-27T00:00:00Z,2013-05-28T00:00:00Z,133.5,135.465,124.7,129.745,0,1488920278.8993101,2013-05-27,2013-05-28,False,True
2013-05-28T00:00:00Z,2013-05-29T00:00:00Z,129.77000000000001,130.58000000000001,125.59999999999999,129,0,1439280236.6319399,2013-05-28,2013-05-29,False,True
2013-05-29T00:00:00Z,2013-05-30T00:00:00Z,129,132.59,127.66200000000001,132.30000000000001,0,1454416206.8971601,2013-05-29,2013-05-30,False,True
2013-05-30T00:00:00Z,2013-05-31T00:00:00Z,132.25,132.25,127,128.79900000000001,0,1463545477.81882,2013-05-30,2013-05-31,False,True
2013-05-31T00:00:00Z,2013-06-01T00:00:00Z,128.79900000000001,129.90000000000001,126.40000000000001,129,0,1443010699.75618,2013-05-31,2013-06-01,False,True
2013-06-01T00:00:00Z,2013-06-02T00:00:00Z,128.815,129.78,127.199,129.30000000000001,0,1444664157.40625,2013-06-01,2013-06-02,False,True
2013-06-02T00:00:00Z,2013-06-03T00:00:00Z,129.30000000000001,129.40000000000001,115.05,122.292,0,1384800050.89098,2013-06-02,2013-06-03,False,True
2013-06-03T00:00:00Z,2013-06-04T00:00:00Z,122.5,122.5,116,122.22199999999999,0,1343652162.5347199,2013-06-03,2013-06-04,False,True
2013-06-04T00:00:00Z,2013-06-05T00:00:00Z,120.73699999999999,123.84,119.09999999999999,121.42,0,1366519793.8345599,2013-06-04,2013-06-05,False,True
2013-06-05T00:00:00Z,2013-06-06T00:00:00Z,121.40000000000001,123.46899999999999,119.899,121.65000000000001,0,1366198056.90625,2013-06-05,2013-06-06,False,True
2013-06-06T00:00:00Z,2013-06-07T00:00:00Z,121.90000000000001,123.09999999999999,117.25,118,0,1362952370.1219499,2013-06-06,2013-06-07,False,True
2013-06-07T00:00:00Z,2013-06-08T00:00:00Z,118.97,119,106.42,111.5,0,1285665765.95486,2013-06-07,2013-06-08,False,True
2013-06-08T00:00:00Z,2013-06-09T00:00:00Z,111,111.41500000000001,107.3,108.3,0,1230471192.25,2013-06-08,2013-06-09,False,True
2013-06-09T00:00:00Z,2013-06-10T00:00:00Z,107.892,108.98999999999999,88.5,100,0,1126166925.7351899,2013-06-09,2013-06-10,False,True
2013-06-10T00:00:00Z,2013-06-11T00:00:00Z,100.437,110.101,95.001999999999995,106.34999999999999,0,1177145220.3181801,2013-06-10,2013-06-11,False,True
2013-06-11T00:00:00Z,2013-06-12T00:00:00Z,106.34999999999999,109.59999999999999,104,108.90000000000001,0,1204883955.1080101,2013-06-11,2013-06-12,False,True
2013-06-12T00:00:00Z,2013-06-13T00:00:00Z,109,111.78700000000001,106.73399999999999,108.15000000000001,0,1228302244.17014,2013-06-12,2013-06-13,False,True
2013-06-13T00:00:00Z,2013-06-14T00:00:00Z,108.776,110.3,100.53,104,0,1222677445.13589,2013-06-13,2013-06-14,False,True
2013-06-14T00:00:00Z,2013-06-15T00:00:00Z,103.949,104.7,98,99.978899999999996,0,1148091963.79443,2013-06-14,2013-06-15,False,True
2013-06-15T00:00:00Z,2013-06-16T00:00:00Z,100,103.7,98,99.988100000000003,0,1135366605.9722199,2013-06-15,2013-06-16,False,True
2013-06-16T00:00:00Z,2013-06-17T00:00:00Z,99.799999999999997,101.59999999999999,98.946600000000004,99.510000000000005,0,1129685674.72822,2013-06-16,2013-06-17,False,True
2013-06-17T00:00:00Z,2013-06-18T00:00:00Z,99.900000000000006,102.20999999999999,99,101.7,0,1141778807.52281,2013-06-17,2013-06-18,False,True
2013-06-18T00:00:00Z,2013-06-19T00:00:00Z,101.95,111.111,101.033,107.40000000000001,0,1188925051.65505,2013-06-18,2013-06-19,False,True
2013-06-19T00:00:00Z,2013-06-20T00:00:00Z,107.05,110.22499999999999,105.755,108.25,0,1218040099.79514,2013-06-19,2013-06-20,False,True
2013-06-20T00:00:00Z,2013-06-21T00:00:00Z,108.251,114.3,107.5,110.15000000000001,0,1246330944.9265699,2013-06-20,2013-06-21,False,True
2013-06-21T00:00:00Z,2013-06-22T00:00:00Z,111.29000000000001,114.98999999999999,107.685,109.5,0,1251009495.6979201,2013-06-21,2013-06-22,False,True
2013-06-22T00:00:00Z,2013-06-23T00:00:00Z,109.5,109.956,107.514,108.3,0,1229628096.95139,2013-06-22,2013-06-23,False,True
2013-06-23T00:00:00Z,2013-06-24T00:00:00Z,108.2,108.8,106.23399999999999,107.59999999999999,0,1217834976.9686401,2013-06-23,2013-06-24,False,True
2013-06-24T00:00:00Z,2013-06-25T00:00:00Z,107.90000000000001,108.334,100.98,102.73699999999999,0,1181220991.5243101,2013-06-24,2013-06-25,False,True
2013-06-25T00:00:00Z,2013-06-26T00:00:00Z,102.09,106.47,101.01000000000001,103.95,0,1179374742.8854201,2013-06-25,2013-06-26,False,True
2013-06-26T00:00:00Z,2013-06-27T00:00:00Z,103.32899999999999,105.489,102.792,104,0,1181535897.00704,2013-06-26,2013-06-27,False,True
2013-06-27T00:00:00Z,2013-06-28T00:00:00Z,104,104,101.09999999999999,101.437,0,1166017535.25436,2013-06-27,2013-06-28,False,True
2013-06-28T00:00:00Z,2013-06-29T00:00:00Z,101.73699999999999,101.73699999999999,92.332999999999998,94.649199999999993,0,1105778522.3055601,2013-06-28,2013-06-29,False,True
2013-06-29T00:00:00Z,2013-06-30T00:00:00Z,94.659999999999997,99.989999999999995,93,94.994,0,1093324631.7212501,2013-06-29,2013-06-30,False,True
2013-06-30T00:00:00Z,2013-07-01T00:00:00Z,94.998999999999995,98.122299999999996,94.222300000000004,96.614000000000004,0,1093902466.29371,2013-06-30,2013-07-01,False,True
2013-07-01T00:00:00Z,2013-07-02T00:00:00Z,97.510000000000005,97.664900000000003,86.297200000000004,88.049999999999997,0,1068851314.42361,2013-07-01,2013-07-02,False,True
2013-07-02T00:00:00Z,2013-07-03T00:00:00Z,88.049999999999997,92.299999999999997,87.510000000000005,90.134,0,1021768603.21875,2013-07-02,2013-07-03,False,True
2013-07-03T00:00:00Z,2013-07-04T00:00:00Z,90.405000000000001,90.981200000000001,76.979200000000006,77.530000000000001,0,986216831.75899303,2013-07-03,2013-07-04,False,True
2013-07-04T00:00:00Z,2013-07-05T00:00:00Z,78.890000000000001,83.105000000000004,72,80.525800000000004,0,901020321.25435495,2013-07-04,2013-07-05,False,True
2013-07-05T00:00:00Z,2013-07-06T00:00:00Z,79.989999999999995,80,65.525999999999996,68.430999999999997,0,838864814.40277803,2013-07-05,2013-07-06,False,True
2013-07-06T00:00:00Z,2013-07-07T00:00:00Z,68.504999999999995,75,66.819999999999993,70.277299999999997,0,792036540.47569394,2013-07-06,2013-07-07,False,True
2013-07-07T00:00:00Z,2013-07-08T00:00:00Z,68.748999999999995,74.561099999999996,66.620000000000005,74.561099999999996,0,791126739.05574906,2013-07-07,2013-07-08,False,True
2013-07-08T00:00:00Z,2013-07-09T00:00:00Z,76.5,80,72.599999999999994,76.516000000000005,0,878549527.63541698,2013-07-08,2013-07-09,False,True
2013-07-09T00:00:00Z,2013-07-10T00:00:00Z,76,78.299999999999997,72.519999999999996,76.694000000000003,0,863024350.60763896,2013-07-09,2013-07-10,False,True
2013-07-10T00:00:00Z,2013-07-11T00:00:00Z,76.719999999999999,87,76.200000000000003,86.760000000000005,0,897604562.97193003,2013-07-10,2013-07-11,False,True
2013-07-11T00:00:00Z,2013-07-12T00:00:00Z,88,90.280000000000001,85.079899999999995,88.980000000000004,0,992770237.19163799,2013-07-11,2013-07-12,False,True
2013-07-12T00:00:00Z,2013-07-13T00:00:00Z,88.978999999999999,104,88.165999999999997,93.594899999999996,0,1093406362.2118101,2013-07-12,2013-07-13,False,True
2013-07-13T00:00:00Z,2013-07-14T00:00:00Z,93.989900000000006,98.25,88.062200000000004,98.133899999999997,0,1060782341.14236,2013-07-13,2013-07-14,False,True
2013-07-14T00:00:00Z,2013-07-15T00:00:00Z,98.700000000000003,98.700000000000003,92.859999999999999,94.691299999999998,0,1092639152.75088,2013-07-14,2013-07-15,False,True
2013-07-15T00:00:00Z,2013-07-16T00:00:00Z,93.605000000000004,101.90000000000001,93.109999999999999,98.400199999999998,0,1106703860.92361,2013-07-15,2013-07-16,False,True
2013-07-16T00:00:00Z,2013-07-17T00:00:00Z,98.890299999999996,99.862300000000005,96.141599999999997,97.450800000000001,0,1118928651.8466899,2013-07-16,2013-07-17,False,True
2013-07-17T00:00:00Z,2013-07-18T00:00:00Z,96.709999999999994,99.969999999999999,96.180000000000007,98.5,0,1120160356.8780501,2013-07-17,2013-07-18,False,True
2013-07-18T00:00:00Z,2013-07-19T00:00:00Z,98.5,98.799999999999997,86.200000000000003,90.579999999999998,0,1050190864.86411,2013-07-18,2013-07-19,False,True
2013-07-19T00:00:00Z,2013-07-20T00:00:00Z,90.068899999999999,95.200100000000006,87.799999999999997,92.170000000000002,0,1035625722.9340301,2013-07-19,2013-07-20,False,True
2013-07-20T00:00:00Z,2013-07-21T00:00:00Z,92,93.099999999999994,89.271100000000004,89.390100000000004,0,1051175381.5659699,2013-07-20,2013-07-21,False,True
2013-07-21T00:00:00Z,2013-07-22T00:00:00Z,89.821399999999997,91.950000000000003,88,90.757300000000001,0,1025637478.51568,2013-07-21,2013-07-22,False,True
2013-07-22T00:00:00Z,2013-07-23T00:00:00Z,91.998000000000005,91.998000000000005,90.075400000000002,91.609999999999999,0,1043066741.67014,2013-07-22,2013-07-23,False,True
2013-07-23T00:00:00Z,2013-07-24T00:00:00Z,91.599999999999994,96.819299999999998,91.599999999999994,95.558499999999995,0,1074547609.2083299,2013-07-23,2013-07-24,False,True
2013-07-24T00:00:00Z,2013-07-25T00:00:00Z,95.558499999999995,95.989999999999995,93,94.510000000000005,0,1082141085.09408,2013-07-24,2013-07-25,False,True
2013-07-25T00:00:00Z,2013-07-26T00:00:00Z,94.504999999999995,97.329999999999998,93.865700000000004,96.900000000000006,0,1096702945.6006899,2013-07-25,2013-07-26,False,True
2013-07-26T00:00:00Z,2013-07-27T00:00:00Z,96.950000000000003,97.469099999999997,96,96.020200000000003,0,1104579891.8715301,2013-07-26,2013-07-27,False,True
2013-07-27T00:00:00Z,2013-07-28T00:00:00Z,96.020099999999999,96.995000000000005,93,94.116,0,1083941020.4583299,2013-07-27,2013-07-28,False,True
2013-07-28T00:00:00Z,2013-07-29T00:00:00Z,94.400000000000006,100.577,94,99.756,0,1105575185.6306601,2013-07-28,2013-07-29,False,True
2013-07-29T00:00:00Z,2013-07-30T00:00:00Z,98.599999999999994,102.5,98.454999999999998,101.2,0,1153031434.3506899,2013-07-29,2013-07-30,False,True
2013-07-30T00:00:00Z,2013-07-31T00:00:00Z,101.489,107.98999999999999,100.47,107.98999999999999,0,1172404696.37762,2013-07-30,2013-07-31,False,True
2013-07-31T00:00:00Z,2013-08-01T00:00:00Z,107.95,111.34399999999999,103.88,106.09,0,1237309604.4684,2013-07-31,2013-08-01,False,True
2013-08-01T00:00:00Z,2013-08-02T00:00:00Z,106.21299999999999,108,103.011,104,0,1211387358.67361,2013-08-01,2013-08-02,False,True
2013-08-02T00:00:00Z,2013-08-03T00:00:00Z,104.85599999999999,108,101.211,104.501,0,1202745036.9930601,2013-08-02,2013-08-03,False,True
2013-08-03T00:00:00Z,2013-08-04T00:00:00Z,104.501,105.78,102.002,104.005,0,1194759655.6770799,2013-08-03,2013-08-04,False,True
2013-08-04T00:00:00Z,2013-08-05T00:00:00Z,104.95,105.95,103.523,105.14400000000001,0,1204088166.8919899,2013-08-04,2013-08-05,False,True
2013-08-05T00:00:00Z,2013-08-06T00:00:00Z,105.12,107.77,105,106.22,0,1224253220.4895799,2013-08-05,2013-08-06,False,True
2013-08-06T00:00:00Z,2013-08-07T00:00:00Z,106.72,107.38200000000001,105.557,106.75,0,1226729675.6527801,2013-08-06,2013-08-07,False,True
2013-08-07T00:00:00Z,2013-08-08T00:00:00Z,106.75,106.75,106.75,106.75,0,1229098150,2013-08-07,2013-08-08,True,True
2013-08-08T00:00:00Z,2013-08-09T00:00:00Z,106.75,106.75,101.26000000000001,103,0,1200724316.40625,2013-08-08,2013-08-09,False,True
2013-08-09T00:00:00Z,2013-08-10T00:00:00Z,103.06999999999999,105.75,101.935,102.8,0,1189772905.29861,2013-08-09,2013-08-10,False,True
2013-08-10T00:00:00Z,2013-08-11T00:00:00Z,102.8,103.90000000000001,102.41,103,0,1188189281.1979201,2013-08-10,2013-08-11,False,True
2013-08-11T00:00:00Z,2013-08-12T00:00:00Z,103,105.19,102.755,105,0,1199563910.1010499,2013-08-11,2013-08-12,False,True
2013-08-12T00:00:00Z,2013-08-13T00:00:00Z,105,108,103.5,106.636,0,1209792541.43206,2013-08-12,2013-08-13,False,True
2013-08-13T00:00:00Z,2013-08-14T00:00:00Z,106.98999999999999,109.34999999999999,104.65000000000001,109,0,1234296704.7916701,2013-08-13,2013-08-14,False,True
2013-08-14T00:00:00Z,2013-08-15T00:00:00Z,109.55500000000001,114.995,108.001,112.562,0,1295010012.9547,2013-08-14,2013-08-15,False,True
2013-08-15T00:00:00Z,2013-08-16T00:00:00Z,112.562,113.245,109,109.98999999999999,0,1284681610.9647901,2013-08-15,2013-08-16,False,True
2013-08-16T00:00:00Z,2013-08-17T00:00:00Z,109.995,112.3,108.517,108.994,0,1268163042.3090301,2013-08-16,2013-08-17,False,True
2013-08-17T00:00:00Z,2013-08-18T00:00:00Z,108.994,113.75,108.22499999999999,113.5,0,1277530513.53125,2013-08-17,2013-08-18,False,True
2013-08-18T00:00:00Z,2013-08-19T00:00:00Z,112.75,114.688,112,113.5,0,1311687810.4390199,2013-08-18,2013-08-19,False,True
2013-08-19T00:00:00Z,2013-08-20T00:00:00Z,113.38,123.062,111.771,119,0,1364524149.42014,2013-08-19,2013-08-20,False,True
2013-08-20T00:00:00Z,2013-08-21T00:00:00Z,119,123.011,117.508,121.205,0,1394751685.0347199,2013-08-20,2013-08-21,False,True
2013-08-21T00:00:00Z,2013-08-22T00:00:00Z,121.20999999999999,124.914,119.682,123.3,0,1417413323.99652,2013-08-21,2013-08-22,False,True
2013-08-22T00:00:00Z,2013-08-23T00:00:00Z,123.3,123.5,120.59999999999999,121.15000000000001,0,1415723415.6875,2013-08-22,2013-08-23,False,True
2013-08-23T00:00:00Z,2013-08-24T00:00:00Z,122,122,118.444,118.501,0,1390100979.4340301,2013-08-23,2013-08-24,False,True
2013-08-24T00:00:00Z,2013-08-25T00:00:00Z,118.51000000000001,121.39,118.02,120.045,0,1384680636.38889,2013-08-24,2013-08-25,False,True
2013-08-25T00:00:00Z,2013-08-26T00:00:00Z,119.60299999999999,122.98699999999999,119.17,122.111,0,1406472356.6655099,2013-08-25,2013-08-26,False,True
2013-08-26T00:00:00Z,2013-08-27T00:00:00Z,122.111,122.755,119.93000000000001,120.056,0,1411088719.8472199,2013-08-26,2013-08-27,False,True
2013-08-27T00:00:00Z,2013-08-28T00:00:00Z,120.06999999999999,127.23999999999999,120.06999999999999,126.5,0,1447401364.3472199,2013-08-27,2013-08-28,False,True
2013-08-28T00:00:00Z,2013-08-29T00:00:00Z,126.48,127.31999999999999,122.62,122.62,0,1441389667.3240399,2013-08-28,2013-08-29,False,True
2013-08-29T00:00:00Z,2013-08-30T00:00:00Z,122.62,123.7,122.20999999999999,122.39,0,1427988599.1527801,2013-08-29,2013-08-30,False,True
2013-08-30T00:00:00Z,2013-08-31T00:00:00Z,122.34999999999999,135.75,120.98999999999999,133.49000000000001,0,1464541260.777,2013-08-30,2013-08-31,False,True
2013-08-31T00:00:00Z,2013-09-01T00:00:00Z,133.09,140.88999999999999,132.72,135.34999999999999,0,1579944253.54861,2013-08-31,2013-09-01,False,True
2013-09-01T00:00:00Z,2013-09-02T00:00:00Z,135.13999999999999,145.81,134.81,138.34,0,1601467803.86063,2013-09-01,2013-09-02,False,True
2013-09-02T00:00:00Z,2013-09-03T00:00:00Z,138.63,146.5,134.88999999999999,135.84999999999999,0,1596964608.8194399,2013-09-02,2013-09-03,False,True
2013-09-03T00:00:00Z,2013-09-04T00:00:00Z,135.61000000000001,138.34,133,136.77000000000001,0,1584587724.8194399,2013-09-03,2013-09-04,False,True
2013-09-04T00:00:00Z,2013-09-05T00:00:00Z,136.53,144.5,123.61,126.73999999999999,0,1563463714.3006999,2013-09-04,2013-09-05,False,True
2013-09-05T00:00:00Z,2013-09-06T00:00:00Z,126.76000000000001,131.44,121.83,126.43000000000001,0,1477547916.20486,2013-09-05,2013-09-06,False,True
2013-09-06T00:00:00Z,2013-09-07T00:00:00Z,126.48999999999999,127.34,119.15000000000001,119.15000000000001,0,1454845125.75,2013-09-06,2013-09-07,False,True
2013-09-07T00:00:00Z,2013-09-08T00:00:00Z,118.89,125.94,118.45999999999999,124.15000000000001,0,1429076079.3020799,2013-09-07,2013-09-08,False,True
2013-09-08T00:00:00Z,2013-09-09T00:00:00Z,124.13,124.72,120.48999999999999,121.66,0,1430546622.27178,2013-09-08,2013-09-09,False,True
2013-09-09T00:00:00Z,2013-09-10T00:00:00Z,121.86,129.06,119.75,127.11,0,1440188605.5277801,2013-09-09,2013-09-10,False,True
2013-09-10T00:00:00Z,2013-09-11T00:00:00Z,127.27,129.74000000000001,125.90000000000001,125.91,0,1490036351.6909699,2013-09-10,2013-09-11,False,True
2013-09-11T00:00:00Z,2013-09-12T00:00:00Z,125.89,137.83000000000001,123.27,135.25,0,1504694151.81882,2013-09-11,2013-09-12,False,True
2013-09-12T00:00:00Z,2013-09-13T00:00:00Z,135.55000000000001,136.08000000000001,131.81,133.13,0,1567268611.6006899,2013-09-12,2013-09-13,False,True
2013-09-13T00:00:00Z,2013-09-14T00:00:00Z,132.83000000000001,137.58000000000001,132.27000000000001,134.97999999999999,0,1582299063.6493101,2013-09-13,2013-09-14,False,True
2013-09-14T00:00:00Z,2013-09-15T00:00:00Z,135.00999999999999,135.84999999999999,128.87,129.22,0,1545460561.36111,2013-09-14,2013-09-15,False,True
2013-09-15T00:00:00Z,2013-09-16T00:00:00Z,129.40000000000001,131.44,128.25999999999999,130.37,0,1518222725.13589,2013-09-15,2013-09-16,False,True
2013-09-16T00:00:00Z,2013-09-17T00:00:00Z,130.86000000000001,132.72,129.77000000000001,131.72,0,1538142725.0347199,2013-09-16,2013-09-17,False,True
2013-09-17T00:00:00Z,2013-09-18T00:00:00Z,131.59,132.75999999999999,124.89,131.66,0,1528587324.7604201,2013-09-17,2013-09-18,False,True
2013-09-18T00:00:00Z,2013-09-19T00:00:00Z,131.71000000000001,133.19999999999999,130.53999999999999,131.47,0,1544783147.43554,2013-09-18,2013-09-19,False,True
2013-09-19T00:00:00Z,2013-09-20T00:00:00Z,131.37,131.77000000000001,128.44999999999999,129.65000000000001,0,1531084393.9166701,2013-09-19,2013-09-20,False,True
2013-09-20T00:00:00Z,2013-09-21T00:00:00Z,129.69999999999999,135.62,126.68000000000001,127.04000000000001,0,1515811141.2777801,2013-09-20,2013-09-21,False,True
2013-09-21T00:00:00Z,2013-09-22T00:00:00Z,126.95,128.61000000000001,126.23999999999999,127.43000000000001,0,1493972036.3958299,2013-09-21,2013-09-22,False,True
2013-09-22T00:00:00Z,2013-09-23T00:00:00Z,127.87,133.94,126.59,129.12,0,1505253454.2439001,2013-09-22,2013-09-23,False,True
2013-09-23T00:00:00Z,2013-09-24T00:00:00Z,128.97999999999999,132.72499999999999,125.66,125.95,0,1496273311.5034699,2013-09-23,2013-09-24,False,True
2013-09-24T00:00:00Z,2013-09-25T00:00:00Z,126.05,127.45999999999999,125.39,127.25,0,1484807386.8055601,2013-09-24,2013-09-25,False,True
2013-09-25T00:00:00Z,2013-09-26T00:00:00Z,127.38,129.69,127.33,128.22,0,1510342687.4947701,2013-09-25,2013-09-26,False,True
2013-09-26T00:00:00Z,2013-09-27T00:00:00Z,128.21000000000001,134.934,127.31999999999999,128.38,0,1511050512.53125,2013-09-26,2013-09-27,False,True
2013-09-27T00:00:00Z,2013-09-28T00:00:00Z,128.94,134.74000000000001,128.49000000000001,133.78,0,1550175516.4270799,2013-09-27,2013-09-28,False,True
2013-09-28T00:00:00Z,2013-09-29T00:00:00Z,133.77000000000001,135.63,132.56,134.78,0,1575435247.8854201,2013-09-28,2013-09-29,False,True
2013-09-29T00:00:00Z,2013-09-30T00:00:00Z,134.90000000000001,140.61000000000001,134.71000000000001,137.34,0,1630384157.9721301,2013-09-29,2013-09-30,False,True
2013-09-30T00:00:00Z,2013-10-01T00:00:00Z,137.15000000000001,138.34999999999999,130.27000000000001,133,0,1571168689.1649101,2013-09-30,2013-10-01,False,True
2013-10-01T00:00:00Z,2013-10-02T00:00:00Z,132.68000000000001,134.63,131.55000000000001,132.18000000000001,0,1567875129.51736,2013-10-01,2013-10-02,False,True
2013-10-02T00:00:00Z,2013-10-03T00:00:00Z,132.05000000000001,133.59,102.25,114.13,0,1501799430.9825799,2013-10-02,2013-10-03,False,True
2013-10-03T00:00:00Z,2013-10-04T00:00:00Z,114.45,123.63,111.81999999999999,123.63,0,1412675058.7174699,2013-10-03,2013-10-04,False,True
2013-10-04T00:00:00Z,2013-10-05T00:00:00Z,123.41,130.09,123.41,129.00999999999999,0,1500254761.1631899,2013-10-04,2013-10-05,False,True
2013-10-05T00:00:00Z,2013-10-06T00:00:00Z,128.63,130.44,128.03,128.55000000000001,0,1522528769.7569399,2013-10-05,2013-10-06,False,True
2013-10-06T00:00:00Z,2013-10-07T00:00:00Z,128.36000000000001,129.66,126.15000000000001,129,0,1511179979.5783999,2013-10-06,2013-10-07,False,True
2013-10-07T00:00:00Z,2013-10-08T00:00:00Z,129.43000000000001,130.27000000000001,126.36,126.94,0,1518677455.70139,2013-10-07,2013-10-08,False,True
2013-10-08T00:00:00Z,2013-10-09T00:00:00Z,126.73999999999999,127.47,124.70999999999999,126,0,1487193449.75088,2013-10-08,2013-10-09,False,True
2013-10-09T00:00:00Z,2013-10-10T00:00:00Z,125.84999999999999,131.75,125.58,130.69,0,1524164774.6689899,2013-10-09,2013-10-10,False,True
2013-10-10T00:00:00Z,2013-10-11T00:00:00Z,130.66999999999999,131.5,129.25999999999999,130.59,0,1542155777.6458299,2013-10-10,2013-10-11,False,True
2013-10-11T00:00:00Z,2013-10-12T00:00:00Z,130.75,131.81,129.63999999999999,130.90000000000001,0,1542370516.60764,2013-10-11,2013-10-12,False,True
2013-10-12T00:00:00Z,2013-10-13T00:00:00Z,130.90000000000001,135.66,130.56,135.19,0,1580788273.8223,2013-10-12,2013-10-13,False,True
2013-10-13T00:00:00Z,2013-10-14T00:00:00Z,135.19,138.66,134.55000000000001,138.13,0,1605187620.9583299,2013-10-13,2013-10-14,False,True
2013-10-14T00:00:00Z,2013-10-15T00:00:00Z,139.27000000000001,144.12,138.90000000000001,140.52000000000001,0,1672369171.2395799,2013-10-14,2013-10-15,False,True
2013-10-15T00:00:00Z,2013-10-16T00:00:00Z,140.77000000000001,145.38999999999999,139.13,145.24000000000001,0,1676220637.63889,2013-10-15,2013-10-16,False,True
2013-10-16T00:00:00Z,2013-10-17T00:00:00Z,145.65000000000001,152.22999999999999,142.43000000000001,142.55000000000001,0,1754296577.65854,2013-10-16,2013-10-17,False,True
2013-10-17T00:00:00Z,2013-10-18T00:00:00Z,142.41,147.41999999999999,142.41,146.25,0,1721590192.9166701,2013-10-17,2013-10-18,False,True
2013-10-18T00:00:00Z,2013-10-19T00:00:00Z,146.37,155.96000000000001,145.56999999999999,155.96000000000001,0,1777621284.28125,2013-10-18,2013-10-19,False,True
2013-10-19T00:00:00Z,2013-10-20T00:00:00Z,155.91,177.47999999999999,155.69999999999999,172.41999999999999,0,1982327360.0179901,2013-10-19,2013-10-20,False,True
2013-10-20T00:00:00Z,2013-10-21T00:00:00Z,171.66,174.91,168.94999999999999,174.61000000000001,0,2048647636.6875,2013-10-20,2013-10-21,False,True
2013-10-21T00:00:00Z,2013-10-22T00:00:00Z,174.80000000000001,184.81999999999999,174.80000000000001,182.21000000000001,0,2135373879.75,2013-10-21,2013-10-22,False,True
2013-10-22T00:00:00Z,2013-10-23T00:00:00Z,182.65000000000001,196.27000000000001,182.65000000000001,193.75999999999999,0,2265672646.3275299,2013-10-22,2013-10-23,False,True
2013-10-23T00:00:00Z,2013-10-24T00:00:00Z,193.36000000000001,213.62,192.38,213.62,0,2384576040.32867,2013-10-23,2013-10-24,False,True
2013-10-24T00:00:00Z,2013-10-25T00:00:00Z,214.30000000000001,217.41999999999999,168.52000000000001,198.22999999999999,0,2380563233.8784699,2013-10-24,2013-10-25,False,True
2013-10-25T00:00:00Z,2013-10-26T00:00:00Z,197.69,198.87,168.5,186.69,0,2173935236.59375,2013-10-25,2013-10-26,False,True
2013-10-26T00:00:00Z,2013-10-27T00:00:00Z,187.44999999999999,188.41,175.75,177.31999999999999,0,2153917347.2787499,2013-10-26,2013-10-27,False,True
2013-10-27T00:00:00Z,2013-10-28T00:00:00Z,176.59999999999999,196.44,176.59999999999999,196.44,0,2201179661.0555601,2013-10-27,2013-10-28,False,True
2013-10-28T00:00:00Z,2013-10-29T00:00:00Z,196.21000000000001,198.62,192.06,198.55000000000001,0,2344551901.68293,2013-10-28,2013-10-29,False,True
2013-10-29T00:00:00Z,2013-10-30T00:00:00Z,198.55000000000001,204.78999999999999,198.55000000000001,204.38999999999999,0,2396558585.8402801,2013-10-29,2013-10-30,False,True
2013-10-30T00:00:00Z,2013-10-31T00:00:00Z,204.38999999999999,209.16,199.97,199.97,0,2433970710.5092301,2013-10-30,2013-10-31,False,True
2013-10-31T00:00:00Z,2013-11-01T00:00:00Z,199.83000000000001,205.18000000000001,198.84999999999999,204,0,2408311752.2877202,2013-10-31,2013-11-01,False,True
2013-11-01T00:00:00Z,2013-11-02T00:00:00Z,203.90000000000001,206.65000000000001,202.13,206.18000000000001,0,2439073219.59582,2013-11-01,2013-11-02,False,True
2013-11-02T00:00:00Z,2013-11-03T00:00:00Z,205.81,207.75999999999999,201.65000000000001,206.22,0,2443806658.6013999,2013-11-02,2013-11-03,False,True
2013-11-03T00:00:00Z,2013-11-04T00:00:00Z,205.99000000000001,215.05000000000001,203.99000000000001,215.05000000000001,0,2479526540.6215301,2013-11-03,2013-11-04,False,True
2013-11-04T00:00:00Z,2013-11-05T00:00:00Z,214.66,231.00999999999999,213.94,229.09999999999999,0,2629920829.3090301,2013-11-04,2013-11-05,False,True
2013-11-05T00:00:00Z,2013-11-06T00:00:00Z,229.21000000000001,250.66,226.22,245.24000000000001,0,2839395462.6840301,2013-11-05,2013-11-06,False,True
2013-11-06T00:00:00Z,2013-11-07T00:00:00Z,244.78,263,244.78,262.5,0,3068990578.7902098,2013-11-06,2013-11-07,False,True
2013-11-07T00:00:00Z,2013-11-08T00:00:00Z,261.68000000000001,304.17000000000002,261.55000000000001,296.41000000000003,0,3429439622.5902801,2013-11-07,2013-11-08,False,True
2013-11-08T00:00:00Z,2013-11-09T00:00:00Z,297.85000000000002,338.66000000000003,296.93000000000001,338.11000000000001,0,3831392179.8854198,2013-11-08,2013-11-09,False,True
2013-11-09T00:00:00Z,2013-11-10T00:00:00Z,338.57999999999998,370.81999999999999,319.70999999999998,339.11000000000001,0,4227868650.36585,2013-11-09,2013-11-10,False,True
2013-11-10T00:00:00Z,2013-11-11T00:00:00Z,348.81999999999999,350.69999999999999,277.24000000000001,326.62,0,3737612011.5347199,2013-11-10,2013-11-11,False,True
2013-11-11T00:00:00Z,2013-11-12T00:00:00Z,325.41000000000003,351.26999999999998,311.77999999999997,342.44,0,3981742515.7013898,2013-11-11,2013-11-12,False,True
2013-11-12T00:00:00Z,2013-11-13T00:00:00Z,343.06,362.81,342.80000000000001,360.32999999999998,0,4255154396.7361102,2013-11-12,2013-11-13,False,True
2013-11-13T00:00:00Z,2013-11-14T00:00:00Z,360.97000000000003,414.05000000000001,359.80000000000001,407.37,0,4598111855.5754404,2013-11-13,2013-11-14,False,True
2013-11-14T00:00:00Z,2013-11-15T00:00:00Z,406.41000000000003,425.89999999999998,395.19,420.19999999999999,0,4987750978.0451403,2013-11-14,2013-11-15,False,True
2013-11-15T00:00:00Z,2013-11-16T00:00:00Z,419.41000000000003,437.88999999999999,396.11000000000001,417.94999999999999,0,5088115349.3623695,2013-11-15,2013-11-16,False,True
2013-11-16T00:00:00Z,2013-11-17T00:00:00Z,417.27999999999997,450.25999999999999,415.56999999999999,440.22000000000003,0,5227071684.5769196,2013-11-16,2013-11-17,False,True
2013-11-17T00:00:00Z,2013-11-18T00:00:00Z,440.95999999999998,500.57999999999998,440.24000000000001,492.11000000000001,0,5636073153.0243101,2013-11-17,2013-11-18,False,True
2013-11-18T00:00:00Z,2013-11-19T00:00:00Z,496.57999999999998,703.77999999999997,494.94,703.55999999999995,0,6722244316.2569504,2013-11-18,2013-11-19,False,True
2013-11-19T00:00:00Z,2013-11-20T00:00:00Z,712.75999999999999,806.11000000000001,456.38999999999999,584.61000000000001,0,7842969834.1111097,2013-11-19,2013-11-20,False,True
2013-11-20T00:00:00Z,2013-11-21T00:00:00Z,577.98000000000002,599.64999999999998,448.44999999999999,590.83000000000004,0,6413472945.5649099,2013-11-20,2013-11-21,False,True
2013-11-21T00:00:00Z,2013-11-22T00:00:00Z,594.32000000000005,733.39999999999998,577.28999999999996,722.42999999999995,0,7798078237.9791698,2013-11-21,2013-11-22,False,True
2013-11-22T00:00:00Z,2013-11-23T00:00:00Z,724.07000000000005,780.85000000000002,668.13,771.44000000000005,0,8550250353.2371798,2013-11-22,2013-11-23,False,True
2013-11-23T00:00:00Z,2013-11-24T00:00:00Z,771.70000000000005,844.97000000000003,771.70000000000005,797.82000000000005,0,9725763329.2777805,2013-11-23,2013-11-24,False,True
2013-11-24T00:00:00Z,2013-11-25T00:00:00Z,795.63,807.36000000000001,722.87,774.25,0,9315554095.6759605,2013-11-24,2013-11-25,False,True
2013-11-25T00:00:00Z,2013-11-26T00:00:00Z,773.01999999999998,810.67999999999995,754.42999999999995,799.11000000000001,0,9479403714.2472706,2013-11-25,2013-11-26,False,True
2013-11-26T00:00:00Z,2013-11-27T00:00:00Z,805.73000000000002,928.53999999999996,800.79999999999995,928.10000000000002,0,10160899996.052099,2013-11-26,2013-11-27,False,True
2013-11-27T00:00:00Z,2013-11-28T00:00:00Z,923.85000000000002,1001.96,891.67999999999995,1001.96,0,11288513054.8188,2013-11-27,2013-11-28,False,True
2013-11-28T00:00:00Z,2013-11-29T00:00:00Z,1003.38,1077.5599999999999,962.16999999999996,1031.95,0,12189223344.177099,2013-11-28,2013-11-29,False,True
2013-11-29T00:00:00Z,2013-11-30T00:00:00Z,1042.01,1146.97,1000.64,1131.97,0,13130218591.118999,2013-11-29,2013-11-30,False,True
2013-11-30T00:00:00Z,2013-12-01T00:00:00Z,1129.3699999999999,1156.1400000000001,1106.6099999999999,1129.4300000000001,0,13685797835.790899,2013-11-30,2013-12-01,False,True
2013-12-01T00:00:00Z,2013-12-02T00:00:00Z,1128.9200000000001,1133.0799999999999,801.82000000000005,955.85000000000002,0,12407207412.9582,2013-12-01,2013-12-02,False,True
2013-12-02T00:00:00Z,2013-12-03T00:00:00Z,951.41999999999996,1055.4200000000001,938.40999999999997,1043.3299999999999,0,12136087600.163799,2013-12-02,2013-12-03,False,True
2013-12-03T00:00:00Z,2013-12-04T00:00:00Z,1046.4000000000001,1096,1011.21,1078.28,0,12768575826.371901,2013-12-03,2013-12-04,False,True
2013-12-04T00:00:00Z,2013-12-05T00:00:00Z,1077.5799999999999,1156.1199999999999,1070.1600000000001,1151.1700000000001,0,13410349155.0035,2013-12-04,2013-12-05,False,True
2013-12-05T00:00:00Z,2013-12-06T00:00:00Z,1152.73,1154.3599999999999,897.11000000000001,1045.1099999999999,0,12765192379.4841,2013-12-05,2013-12-06,False,True
2013-12-06T00:00:00Z,2013-12-07T00:00:00Z,1042.3800000000001,1042.3800000000001,829.45000000000005,829.45000000000005,0,11721574877.7456,2013-12-06,2013-12-07,False,True
2013-12-07T00:00:00Z,2013-12-08T00:00:00Z,835.32000000000005,854.63999999999999,640.22000000000003,698.23000000000002,0,8926418109.4487591,2013-12-07,2013-12-08,False,True
2013-12-08T00:00:00Z,2013-12-09T00:00:00Z,697.30999999999995,802.50999999999999,670.88,795.87,0,8869665360.9860592,2013-12-08,2013-12-09,False,True
2013-12-09T00:00:00Z,2013-12-10T00:00:00Z,793.79999999999995,921.92999999999995,780.89999999999998,893.19000000000005,0,10482293789.676001,2013-12-09,2013-12-10,False,True
2013-12-10T00:00:00Z,2013-12-11T00:00:00Z,892.32000000000005,997.23000000000002,892.32000000000005,988.50999999999999,0,11357875550.583,2013-12-10,2013-12-11,False,True
2013-12-11T00:00:00Z,2013-12-12T00:00:00Z,989.07000000000005,1001.58,834.23000000000002,878.48000000000002,0,11132235181.9545,2013-12-11,2013-12-12,False,True
2013-12-12T00:00:00Z,2013-12-13T00:00:00Z,882.77999999999997,901.94000000000005,844.95000000000005,873.25999999999999,0,10543974130.7754,2013-12-12,2013-12-13,False,True
2013-12-13T00:00:00Z,2013-12-14T00:00:00Z,874.98000000000002,941.78999999999996,860.04999999999995,892.58000000000004,0,10814526003.7917,2013-12-13,2013-12-14,False,True
2013-12-14T00:00:00Z,2013-12-15T00:00:00Z,899.85000000000002,904.64999999999998,858.36000000000001,872.60000000000002,0,10666393220.133301,2013-12-14,2013-12-15,False,True
2013-12-15T00:00:00Z,2013-12-16T00:00:00Z,875.28999999999996,886.15999999999997,825,876.12,0,10377942790.148399,2013-12-15,2013-12-16,False,True
2013-12-16T00:00:00Z,2013-12-17T00:00:00Z,880.33000000000004,882.25,668.25,705.97000000000003,0,9797279561.0034904,2013-12-16,2013-12-17,False,True
2013-12-17T00:00:00Z,2013-12-18T00:00:00Z,706.37,754.83000000000004,630.88,682.12,0,8411836749.5853701,2013-12-17,2013-12-18,False,True
2013-12-18T00:00:00Z,2013-12-19T00:00:00Z,678.20000000000005,679.32000000000005,420.50999999999999,522.70000000000005,0,6904004416.1398602,2013-12-18,2013-12-19,False,True
2013-12-19T00:00:00Z,2013-12-20T00:00:00Z,519.05999999999995,707.23000000000002,502.88999999999999,691.96000000000004,0,7498842662.8881102,2013-12-19,2013-12-20,False,True
2013-12-20T00:00:00Z,2013-12-21T00:00:00Z,694.22000000000003,729.15999999999997,595.33000000000004,625.32000000000005,0,8278819981.4685297,2013-12-20,2013-12-21,False,True
2013-12-21T00:00:00Z,2013-12-22T00:00:00Z,619.89999999999998,654.26999999999998,579.16999999999996,605.65999999999997,0,7496491064.6007004,2013-12-21,2013-12-22,False,True
2013-12-22T00:00:00Z,2013-12-23T00:00:00Z,601.77999999999997,666.74000000000001,585.63999999999999,617.17999999999995,0,7634471211.8706303,2013-12-22,2013-12-23,False,True
2013-12-23T00:00:00Z,2013-12-24T00:00:00Z,613.05999999999995,680.90999999999997,611.03999999999996,673.40999999999997,0,7815649974.1458302,2013-12-23,2013-12-24,False,True
2013-12-24T00:00:00Z,2013-12-25T00:00:00Z,672.36000000000001,684.38999999999999,645.71000000000004,665.58000000000004,0,8087558008.7291698,2013-12-24,2013-12-25,False,True
2013-12-25T00:00:00Z,2013-12-26T00:00:00Z,666.30999999999995,682.70000000000005,649.48000000000002,682.21000000000004,0,8117254030.3100996,2013-12-25,2013-12-26,False,True
2013-12-26T00:00:00Z,2013-12-27T00:00:00Z,683.94000000000005,777.75,683.94000000000005,761.98000000000002,0,8823264471.6328697,2013-12-26,2013-12-27,False,True
2013-12-27T00:00:00Z,2013-12-28T00:00:00Z,763.27999999999997,777.50999999999999,713.60000000000002,735.07000000000005,59574817.553191498,51079300759.190002,2013-12-27,2013-12-28,False,False
2013-12-28T00:00:00Z,2013-12-29T00:00:00Z,737.98000000000002,747.05999999999995,705.35000000000002,727.83000000000004,37162283.623693399,9052405011.5977592,2013-12-28,2013-12-29,False,False
2013-12-29T00:00:00Z,2013-12-30T00:00:00Z,728.04999999999995,748.61000000000001,714.44000000000005,745.04999999999995,25224720.714285702,8855014280.5576401,2013-12-29,2013-12-30,False,False
2013-12-30T00:00:00Z,2013-12-31T00:00:00Z,741.35000000000002,766.60000000000002,740.24000000000001,756.13,22761578.1362007,9208370232.2732201,2013-12-30,2013-12-31,False,False
2013-12-31T00:00:00Z,2014-01-01T00:00:00Z,760.32000000000005,760.58000000000004,738.16999999999996,754.00999999999999,20363961.111111101,9160241127.7623005,2013-12-31,2014-01-01,False,False
2014-01-01T00:00:00Z,2014-01-02T00:00:00Z,754.97000000000003,775.35000000000002,754.97000000000003,771.39999999999998,23031290.940766599,9363068443.9864006,2014-01-01,2014-01-02,False,False
2014-01-02T00:00:00Z,2014-01-03T00:00:00Z,773.44000000000005,820.30999999999995,767.21000000000004,802.38999999999999,20763855.555555601,9489875856.4467697,2014-01-02,2014-01-03,False,False
2014-01-03T00:00:00Z,2014-01-04T00:00:00Z,802.85000000000002,834.14999999999998,789.12,818.72000000000003,46741909.375,9918214796.2129803,2014-01-03,2014-01-04,False,False
2014-01-04T00:00:00Z,2014-01-05T00:00:00Z,823.26999999999998,859.50999999999999,801.66999999999996,859.50999999999999,34606387.152777798,10105103732.5221,2014-01-04,2014-01-05,False,False
2014-01-05T00:00:00Z,2014-01-06T00:00:00Z,858.54999999999995,952.39999999999998,854.51999999999998,933.52999999999997,51393924.738675997,10878035203.975201,2014-01-05,2014-01-06,False,False
2014-01-06T00:00:00Z,2014-01-07T00:00:00Z,936.04999999999995,1017.12,905.71000000000004,953.28999999999996,84229008.474576294,11746043059.136499,2014-01-06,2014-01-07,False,False
2014-01-07T00:00:00Z,2014-01-08T00:00:00Z,946.49000000000001,965.74000000000001,802,802,75583107.913669094,11044773594.158701,2014-01-07,2014-01-08,False,False
2014-01-08T00:00:00Z,2014-01-09T00:00:00Z,795.99000000000001,870.67999999999995,776.17999999999995,842.72000000000003,97216106.944444507,10198922253.731199,2014-01-08,2014-01-09,False,False
2014-01-09T00:00:00Z,2014-01-10T00:00:00Z,841.47000000000003,864.36000000000001,804.13999999999999,846.86000000000001,51776518.466899,10304069916.8897,2014-01-09,2014-01-10,False,False
2014-01-10T00:00:00Z,2014-01-11T00:00:00Z,846.69000000000005,871.19000000000005,822.60000000000002,868.48000000000002,48399306.9444445,10270348462.1033,2014-01-10,2014-01-11,False,False
2014-01-11T00:00:00Z,2014-01-12T00:00:00Z,867.32000000000005,921.48000000000002,861.72000000000003,913.95000000000005,43122722.5694445,10933782905.698,2014-01-11,2014-01-12,False,False
2014-01-12T00:00:00Z,2014-01-13T00:00:00Z,919.60000000000002,928.51999999999998,851.16999999999996,863.22000000000003,40845699.651567899,10872362349.6833,2014-01-12,2014-01-13,False,False
2014-01-13T00:00:00Z,2014-01-14T00:00:00Z,860.19000000000005,861.28999999999996,806.04999999999995,841.20000000000005,39904186.111111097,10258670242.777399,2014-01-13,2014-01-14,False,False
2014-01-14T00:00:00Z,2014-01-15T00:00:00Z,843.16999999999996,855.69000000000005,825.65999999999997,833.26999999999998,35096684.375,10313078242.653099,2014-01-14,2014-01-15,False,False
2014-01-15T00:00:00Z,2014-01-16T00:00:00Z,833.12,872.80999999999995,830.86000000000001,860.89999999999998,24818056.097561002,10488394474.8104,2014-01-15,2014-01-16,False,False
2014-01-16T00:00:00Z,2014-01-17T00:00:00Z,860.28999999999996,866.15999999999997,835.63,835.63,21776485.090909101,10464603001.6185,2014-01-16,2014-01-17,False,False
2014-01-17T00:00:00Z,2014-01-18T00:00:00Z,834.49000000000001,842.90999999999997,797.63,814.63999999999999,29055483.566433601,10109762173.2766,2014-01-17,2014-01-18,False,False
2014-01-18T00:00:00Z,2014-01-19T00:00:00Z,816.07000000000005,841.49000000000001,816.07000000000005,840,30981729.824561398,10219660321.705099,2014-01-18,2014-01-19,False,False
2014-01-19T00:00:00Z,2014-01-20T00:00:00Z,839.65999999999997,870.96000000000004,825.52999999999997,870.96000000000004,17158798.943661999,10312718035.7624,2014-01-19,2014-01-20,False,False
2014-01-20T00:00:00Z,2014-01-21T00:00:00Z,871.38999999999999,886.38999999999999,853.87,870.20000000000005,31671418.75,10729035655.4638,2014-01-20,2014-01-21,False,False
2014-01-21T00:00:00Z,2014-01-22T00:00:00Z,869.64999999999998,881.20000000000005,855.92999999999995,863.90999999999997,21153266.666666701,10640884702.5467,2014-01-21,2014-01-22,False,False
2014-01-22T00:00:00Z,2014-01-23T00:00:00Z,867.21000000000004,870.14999999999998,837.36000000000001,845.59000000000003,17395185.512367502,10523337947.0844,2014-01-22,2014-01-23,False,False
2014-01-23T00:00:00Z,2014-01-24T00:00:00Z,845.46000000000004,851.57000000000005,819.32000000000005,822.03999999999996,17008019.298245601,10300802571.8237,2014-01-23,2014-01-24,False,False
2014-01-24T00:00:00Z,2014-01-25T00:00:00Z,822.42999999999995,822.42999999999995,783.58000000000004,797.07000000000005,30197343.055555601,9881758220.5519505,2014-01-24,2014-01-25,False,False
2014-01-25T00:00:00Z,2014-01-26T00:00:00Z,796.24000000000001,861.45000000000005,792.96000000000004,853.61000000000001,24353502.083333299,10184986922.238701,2014-01-25,2014-01-26,False,False
2014-01-26T00:00:00Z,2014-01-27T00:00:00Z,853.67999999999995,897.01999999999998,844.86000000000001,885.27999999999997,27087593.728223,10680037187.954,2014-01-26,2014-01-27,False,False
2014-01-27T00:00:00Z,2014-01-28T00:00:00Z,884.60000000000002,893,757.11000000000001,771.38999999999999,32267905.555555601,10443850075.050301,2014-01-27,2014-01-28,False,False
2014-01-28T00:00:00Z,2014-01-29T00:00:00Z,774.01999999999998,832.5,766.98000000000002,812.50999999999999,60975196.864111498,9889388626.7279205,2014-01-28,2014-01-29,False,False
2014-01-29T00:00:00Z,2014-01-30T00:00:00Z,809.96000000000004,836.87,809.85000000000002,826,29048583.5087719,10128597446.0243,2014-01-29,2014-01-30,False,False
2014-01-30T00:00:00Z,2014-01-31T00:00:00Z,826.01999999999998,830.5,799.05999999999995,819.02999999999997,21338914.634146299,10070366272.9461,2014-01-30,2014-01-31,False,False
2014-01-31T00:00:00Z,2014-02-01T00:00:00Z,818.42999999999995,831.87,812.60000000000002,829.91999999999996,26176925,10135956787.035601,2014-01-31,2014-02-01,False,False
2014-02-01T00:00:00Z,2014-02-02T00:00:00Z,828.61000000000001,853.51999999999998,827.11000000000001,832.58000000000004,16480984.375,10343351449.5471,2014-02-01,2014-02-02,False,False
2014-02-02T00:00:00Z,2014-02-03T00:00:00Z,832.89999999999998,844.72000000000003,820.66999999999996,825.37,16498140.7665505,10307710825.1994,2014-02-02,2014-02-03,False,False
2014-02-03T00:00:00Z,2014-02-04T00:00:00Z,824.08000000000004,826.48000000000002,807.22000000000003,823.83000000000004,12804520.459364001,10104907642.5245,2014-02-03,2014-02-04,False,False
2014-02-04T00:00:00Z,2014-02-05T00:00:00Z,823.76999999999998,840.16999999999996,820.94000000000005,827.96000000000004,16221290.526315801,10261482876.8311,2014-02-04,2014-02-05,False,False
2014-02-05T00:00:00Z,2014-02-06T00:00:00Z,829.96000000000004,837.32000000000005,811.90999999999997,811.90999999999997,15026073.5191638,10229221580.295,2014-02-05,2014-02-06,False,False
2014-02-06T00:00:00Z,2014-02-07T00:00:00Z,815.59000000000003,819.80999999999995,770.59000000000003,781.54999999999995,47502459.581881501,9886134106.7058392,2014-02-06,2014-02-07,False,False
2014-02-07T00:00:00Z,2014-02-08T00:00:00Z,783.20000000000005,783.20000000000005,654.35000000000002,712.39999999999998,87334584.027777806,8994656750.1129303,2014-02-07,2014-02-08,False,False
2014-02-08T00:00:00Z,2014-02-09T00:00:00Z,699.57000000000005,721.82000000000005,661.87,673.91999999999996,66004233.680555597,8651820963.7682495,2014-02-08,2014-02-09,False,False
2014-02-09T00:00:00Z,2014-02-10T00:00:00Z,671.46000000000004,712.26999999999998,655.25,682.89999999999998,39341435.087719299,8462515202.6744404,2014-02-09,2014-02-10,False,False
2014-02-10T00:00:00Z,2014-02-11T00:00:00Z,681.32000000000005,703.71000000000004,550.5,681.02999999999997,76829848.958333299,8249234526.3780804,2014-02-10,2014-02-11,False,False
2014-02-11T00:00:00Z,2014-02-12T00:00:00Z,683.5,712.46000000000004,636.65999999999997,672.16999999999996,86329650.877193004,8511996269.6161699,2014-02-11,2014-02-12,False,False
2014-02-12T00:00:00Z,2014-02-13T00:00:00Z,672.38,672.89999999999998,643.03999999999996,651.72000000000003,59332233.480176203,8179088889.3100204,2014-02-12,2014-02-13,False,False
2014-02-13T00:00:00Z,2014-02-14T00:00:00Z,651.08000000000004,657.99000000000001,601.90999999999997,605.24000000000001,23001732.752613202,7941472584.6069298,2014-02-13,2014-02-14,False,False
2014-02-14T00:00:00Z,2014-02-15T00:00:00Z,601.16999999999996,691.72000000000003,541.03999999999996,661.99000000000001,83605031.707317099,7711203962.1335201,2014-02-14,2014-02-15,False,False
2014-02-15T00:00:00Z,2014-02-16T00:00:00Z,660.89999999999998,661.84000000000003,632.84000000000003,650.91999999999996,59722314.236111097,8034029221.9607897,2014-02-15,2014-02-16,False,False
2014-02-16T00:00:00Z,2014-02-17T00:00:00Z,651.29999999999995,665.10000000000002,584.16999999999996,616.63,26895555.4006969,7849611059.0025301,2014-02-16,2014-02-17,False,False
2014-02-17T00:00:00Z,2014-02-18T00:00:00Z,614.23000000000002,656.95000000000005,607.30999999999995,626.26999999999998,42927346.503496498,7797772263.79319,2014-02-17,2014-02-18,False,False
2014-02-18T00:00:00Z,2014-02-19T00:00:00Z,627.15999999999997,645.75999999999999,612.53999999999996,626.60000000000002,25615585.964912299,7794976824.2500296,2014-02-18,2014-02-19,False,False
2014-02-19T00:00:00Z,2014-02-20T00:00:00Z,625.97000000000003,631.76999999999998,618.70000000000005,623.02999999999997,15284668.197879899,7750140803.4188004,2014-02-19,2014-02-20,False,False
2014-02-20T00:00:00Z,2014-02-21T00:00:00Z,623.09000000000003,627.73000000000002,556.13999999999999,556.13999999999999,29843161.267605599,7422868540.34904,2014-02-20,2014-02-21,False,False
2014-02-21T00:00:00Z,2014-02-22T00:00:00Z,556.88,582.96000000000004,530.47000000000003,574.15999999999997,55196455.281690098,6996345255.8810797,2014-02-21,2014-02-22,False,False
2014-02-22T00:00:00Z,2014-02-23T00:00:00Z,574.24000000000001,614.48000000000002,558.58000000000004,605.41999999999996,28979581.533101,7180168421.86763,2014-02-22,2014-02-23,False,False
2014-02-23T00:00:00Z,2014-02-24T00:00:00Z,606.47000000000003,639.90999999999997,599.70000000000005,605.82000000000005,35687902.090592302,7675297672.9367905,2014-02-23,2014-02-24,False,False
2014-02-24T00:00:00Z,2014-02-25T00:00:00Z,606.03999999999996,607.61000000000001,538.70000000000005,546.32000000000005,47587242.456140399,7105573278.5077896,2014-02-24,2014-02-25,False,False
2014-02-25T00:00:00Z,2014-02-26T00:00:00Z,540.24000000000001,541.38,420.41000000000003,538.71000000000004,98908728.519855604,6252179685.7948103,2014-02-25,2014-02-26,False,False
2014-02-26T00:00:00Z,2014-02-27T00:00:00Z,537.03999999999996,603.79999999999995,532.58000000000004,582.69000000000005,88164242.957746506,7125118331.0532598,2014-02-26,2014-02-27,False,False
2014-02-27T00:00:00Z,2014-02-28T00:00:00Z,581.64999999999998,594.04999999999995,566.62,578.76999999999998,43455990.877192996,7210937027.7455702,2014-02-27,2014-02-28,False,False
2014-02-28T00:00:00Z,2014-03-01T00:00:00Z,579.70000000000005,584.13999999999999,545.16999999999996,549.25999999999999,23830455.087719299,7070255331.9759398,2014-02-28,2014-03-01,False,False
2014-03-01T00:00:00Z,2014-03-02T00:00:00Z,549.91999999999996,573.38,539.28999999999996,565.61000000000001,27497411.458333299,6982480864.19701,2014-03-01,2014-03-02,False,False
2014-03-02T00:00:00Z,2014-03-03T00:00:00Z,567.23000000000002,570.48000000000002,553.26999999999998,559.78999999999996,10561847.2631579,7011787695.3286695,2014-03-02,2014-03-03,False,False
2014-03-03T00:00:00Z,2014-03-04T00:00:00Z,562.55999999999995,702.90999999999997,560.51999999999998,667.75999999999999,40165800.945454501,7498897993.7989502,2014-03-03,2014-03-04,False,False
2014-03-04T00:00:00Z,2014-03-05T00:00:00Z,668.24000000000001,696.22000000000003,655.67999999999995,666.77999999999997,85672067.424242407,8403577585.4183197,2014-03-04,2014-03-05,False,False
2014-03-05T00:00:00Z,2014-03-06T00:00:00Z,666.24000000000001,674.27999999999997,646.27999999999997,665.50999999999999,37862335.357142903,8242502215.1165104,2014-03-05,2014-03-06,False,False
2014-03-06T00:00:00Z,2014-03-07T00:00:00Z,664.51999999999998,669.76999999999998,649.78999999999996,663.86000000000001,18503728.621908098,8245171934.6472597,2014-03-06,2014-03-07,False,False
2014-03-07T00:00:00Z,2014-03-08T00:00:00Z,664.30999999999995,665.34000000000003,616.35000000000002,629.14999999999998,22641439.084507,8025457767.9469995,2014-03-07,2014-03-08,False,False
2014-03-08T00:00:00Z,2014-03-09T00:00:00Z,629.65999999999997,635.13999999999999,604.46000000000004,617.45000000000005,28762910.416666701,7735490966.4732103,2014-03-08,2014-03-09,False,False
2014-03-09T00:00:00Z,2014-03-10T00:00:00Z,616.30999999999995,643.95000000000005,612.35000000000002,636.96000000000004,15915538.111888099,7832981151.0306797,2014-03-09,2014-03-10,False,False
2014-03-10T00:00:00Z,2014-03-11T00:00:00Z,636.33000000000004,644.75999999999999,615.01999999999998,627.78999999999996,18088327.083333299,7874269858.7567101,2014-03-10,2014-03-11,False,False
2014-03-11T00:00:00Z,2014-03-12T00:00:00Z,627.95000000000005,638.41999999999996,618.84000000000003,634.11000000000001,15204582.4390244,7837667867.4435902,2014-03-11,2014-03-12,False,False
2014-03-12T00:00:00Z,2014-03-13T00:00:00Z,631.90999999999997,648.02999999999997,629.50999999999999,632.10000000000002,18940549.305555601,7959922309.0643196,2014-03-12,2014-03-13,False,False
2014-03-13T00:00:00Z,2014-03-14T00:00:00Z,633.62,644.20000000000005,630.85000000000002,638.13999999999999,12905969.5804196,7983159635.1800299,2014-03-13,2014-03-14,False,False
2014-03-14T00:00:00Z,2014-03-15T00:00:00Z,638.13999999999999,639.52999999999997,627.21000000000004,628.79999999999995,12083537.142857101,7923032541.17237,2014-03-14,2014-03-15,False,False
2014-03-15T00:00:00Z,2014-03-16T00:00:00Z,629.37,639.13999999999999,627.29999999999995,636.12,8524813.2638888899,7932813424.4134903,2014-03-15,2014-03-16,False,False
2014-03-16T00:00:00Z,2014-03-17T00:00:00Z,636.5,637.51999999999998,628.11000000000001,631.11000000000001,4539644.9128919896,7923801162.0715504,2014-03-16,2014-03-17,False,False
2014-03-17T00:00:00Z,2014-03-18T00:00:00Z,630.91999999999996,632.67999999999995,616.85500000000002,622.37300000000005,10534403.776223799,7825009997.9958897,2014-03-17,2014-03-18,False,False
2014-03-18T00:00:00Z,2014-03-19T00:00:00Z,621.83799999999997,622.39099999999996,603.79600000000005,614.83199999999999,19978577.430555601,7696416281.7180996,2014-03-18,2014-03-19,False,False
2014-03-19T00:00:00Z,2014-03-20T00:00:00Z,613.89599999999996,622,609.096,609.88800000000003,19580376.783216801,7698074856.0613403,2014-03-19,2014-03-20,False,False
2014-03-20T00:00:00Z,2014-03-21T00:00:00Z,609.745,609.745,587.49300000000005,588.76999999999998,16687415.679442501,7488914117.0209703,2014-03-20,2014-03-21,False,False
2014-03-21T00:00:00Z,2014-03-22T00:00:00Z,588.29399999999998,604.59199999999998,561.81299999999999,571.49000000000001,29695169.444444399,7306086310.0965996,2014-03-21,2014-03-22,False,False
2014-03-22T00:00:00Z,2014-03-23T00:00:00Z,571.17999999999995,572.548,554.39099999999996,565.03999999999996,27472762.152777798,7084883883.7306004,2014-03-22,2014-03-23,False,False
2014-03-23T00:00:00Z,2014-03-24T00:00:00Z,565.76400000000001,570.23800000000006,560.87800000000004,561.27200000000005,13137691.498257799,7091490042.6540899,2014-03-23,2014-03-24,False,False
2014-03-24T00:00:00Z,2014-03-25T00:00:00Z,562.50699999999995,586.56200000000001,551.77200000000005,583.41200000000003,14198842.097902101,7077884418.3255997,2014-03-24,2014-03-25,False,False
2014-03-25T00:00:00Z,2014-03-26T00:00:00Z,585.02599999999995,585.43799999999999,572.60500000000002,583.91700000000003,20424957.013888899,7263109223.0543604,2014-03-25,2014-03-26,False,False
2014-03-26T00:00:00Z,2014-03-27T00:00:00Z,583.48199999999997,590.02800000000002,570.96299999999997,580.827,15706614.4278607,7302344076.5476398,2014-03-26,2014-03-27,False,False
2014-03-27T00:00:00Z,2014-03-28T00:00:00Z,580.25699999999995,580.55999999999995,471.23899999999998,471.23899999999998,35475810.370370403,6791472293.1688995,2014-03-27,2014-03-28,False,False
2014-03-28T00:00:00Z,2014-03-29T00:00:00Z,477.14299999999997,526.02300000000002,473.23399999999998,495.666,75398755.060728699,6315944296.1915503,2014-03-28,2014-03-29,False,False
2014-03-29T00:00:00Z,2014-03-30T00:00:00Z,501.71300000000002,504.85899999999998,489.73399999999998,491.17200000000003,24921434.939271301,6350288606.7887497,2014-03-29,2014-03-30,False,False
2014-03-30T00:00:00Z,2014-03-31T00:00:00Z,492.37200000000001,492.37200000000001,444.17899999999997,460.27300000000002,25007250.3731343,5900211133.4284,2014-03-30,2014-03-31,False,False
2014-03-31T00:00:00Z,2014-04-01T00:00:00Z,462.29899999999998,483.02199999999999,443.36500000000001,457.00099999999998,46448404.8780488,5756889064.1649399,2014-03-31,2014-04-01,False,False
2014-04-01T00:00:00Z,2014-04-02T00:00:00Z,457,495.34300000000002,457,478.375,30041358.156028401,5998615252.7126303,2014-04-01,2014-04-02,False,False
2014-04-02T00:00:00Z,2014-04-03T00:00:00Z,479.137,495.04500000000002,431.26900000000001,437.13999999999999,33959281.818181798,5872691500.0696697,2014-04-02,2014-04-03,False,False
2014-04-03T00:00:00Z,2014-04-04T00:00:00Z,436.44400000000002,449.565,414.88999999999999,444.71800000000002,53592427.112676099,5457878476.5377998,2014-04-03,2014-04-04,False,False
2014-04-04T00:00:00Z,2014-04-05T00:00:00Z,445.66399999999999,454.65199999999999,429.09100000000001,447.52600000000001,30892161.324041799,5582762860.9931297,2014-04-04,2014-04-05,False,False
2014-04-05T00:00:00Z,2014-04-06T00:00:00Z,446.67500000000001,463.57100000000003,444.197,461.90699999999998,17020784.375,5688510905.3854799,2014-04-05,2014-04-06,False,False
2014-04-06T00:00:00Z,2014-04-07T00:00:00Z,463.39699999999999,466.31900000000002,452.97000000000003,460.49900000000002,11486721.5277778,5799666042.8268099,2014-04-06,2014-04-07,False,False
2014-04-07T00:00:00Z,2014-04-08T00:00:00Z,461.47399999999999,462.56400000000002,445.12200000000001,449.423,12078620.731707299,5733278721.2887697,2014-04-07,2014-04-08,False,False
2014-04-08T00:00:00Z,2014-04-09T00:00:00Z,447.613,457.42399999999998,446.11399999999998,453.08600000000001,14037298.0212014,5709315677.8580999,2014-04-08,2014-04-09,False,False
2014-04-09T00:00:00Z,2014-04-10T00:00:00Z,453.17700000000002,455.72800000000001,441.93299999999999,442.72500000000002,11066679.895470399,5673128492.0278597,2014-04-09,2014-04-10,False,False
2014-04-10T00:00:00Z,2014-04-11T00:00:00Z,442.25599999999997,443.36599999999999,358.73200000000003,365.17599999999999,32636740.277777798,5161198426.4378996,2014-04-10,2014-04-11,False,False
2014-04-11T00:00:00Z,2014-04-12T00:00:00Z,363.70999999999998,429.767,351.81599999999997,420.947,73670357.142857194,5101026477.2877903,2014-04-11,2014-04-12,False,False
2014-04-12T00:00:00Z,2014-04-13T00:00:00Z,420.88900000000001,439.60599999999999,415.78899999999999,421.11599999999999,34810648.958333299,5378662463.0337896,2014-04-12,2014-04-13,False,False
2014-04-13T00:00:00Z,2014-04-14T00:00:00Z,421.46100000000001,427.39800000000002,395.25400000000002,414.06299999999999,15528146.180555601,5262634566.0705099,2014-04-13,2014-04-14,False,False
2014-04-14T00:00:00Z,2014-04-15T00:00:00Z,414.82799999999997,469.75099999999998,407.37299999999999,458.78699999999998,41624579.298245601,5634258397.8761797,2014-04-14,2014-04-15,False,False
2014-04-15T00:00:00Z,2014-04-16T00:00:00Z,458.37299999999999,518.99599999999998,453.54300000000001,515.58600000000001,48152451.843971603,6152808781.2064505,2014-04-15,2014-04-16,False,False
2014-04-16T00:00:00Z,2014-04-17T00:00:00Z,522.18499999999995,542.37800000000004,502.78100000000001,527.39499999999998,54356754.167259797,6535677068.3480797,2014-04-16,2014-04-17,False,False
2014-04-17T00:00:00Z,2014-04-18T00:00:00Z,529.06700000000001,533.51700000000005,484.87400000000002,495.96300000000002,44005150.699300699,6395758113.8938198,2014-04-17,2014-04-18,False,False
2014-04-18T00:00:00Z,2014-04-19T00:00:00Z,495.798,498.601,472.74099999999999,479.64499999999998,24792255.7491289,6148960573.5763197,2014-04-18,2014-04-19,False,False
2014-04-19T00:00:00Z,2014-04-20T00:00:00Z,479.58199999999999,503.55500000000001,470.56099999999998,501.565,20064121.875,6222847890.7459898,2014-04-19,2014-04-20,False,False
2014-04-20T00:00:00Z,2014-04-21T00:00:00Z,501.75099999999998,510.87099999999998,490.83999999999997,498.16800000000001,15292310.069444399,6356766518.4609699,2014-04-20,2014-04-21,False,False
2014-04-21T00:00:00Z,2014-04-22T00:00:00Z,497.73899999999998,510.56799999999998,493.20100000000002,495.77300000000002,14247268.531468499,6340714412.3057404,2014-04-21,2014-04-22,False,False
2014-04-22T00:00:00Z,2014-04-23T00:00:00Z,495.45499999999998,503.22199999999998,487.57999999999998,487.92399999999998,12763944.0972222,6270357171.8917503,2014-04-22,2014-04-23,False,False
2014-04-23T00:00:00Z,2014-04-24T00:00:00Z,488.35899999999998,493.24900000000002,485.81700000000001,491.303,10862710.4626335,6211058966.7714195,2014-04-23,2014-04-24,False,False
2014-04-24T00:00:00Z,2014-04-25T00:00:00Z,490.82499999999999,500.46499999999997,482.952,500.46499999999997,10362477.102473499,6219179982.5148296,2014-04-24,2014-04-25,False,False
2014-04-25T00:00:00Z,2014-04-26T00:00:00Z,500.08699999999999,500.29899999999998,442.95100000000002,461.44900000000001,34614370.567375898,5881579230.9495497,2014-04-25,2014-04-26,False,False
2014-04-26T00:00:00Z,2014-04-27T00:00:00Z,461.70499999999998,464.54300000000001,449.10300000000001,458.601,26293487.719298199,5789510558.1236,2014-04-26,2014-04-27,False,False
2014-04-27T00:00:00Z,2014-04-28T00:00:00Z,457.24200000000002,459.32999999999998,436.38999999999999,436.38999999999999,8859810.8833922297,5732611376.6260099,2014-04-27,2014-04-28,False,False
2014-04-28T00:00:00Z,2014-04-29T00:00:00Z,430.71600000000001,447.53399999999999,422.94200000000001,440.28500000000003,20057905.212765999,5538193588.1377602,2014-04-28,2014-04-29,False,False
2014-04-29T00:00:00Z,2014-04-30T00:00:00Z,439.983,451.63600000000002,435.18099999999998,447.209,17729711.637931,5648995375.59657,2014-04-29,2014-04-30,False,False
2014-04-30T00:00:00Z,2014-05-01T00:00:00Z,446.88999999999999,451.09899999999999,436.69900000000001,447.64499999999998,16192266,5665748361.2768402,2014-04-30,2014-05-01,False,False
2014-05-01T00:00:00Z,2014-05-02T00:00:00Z,447.63299999999998,460.61399999999998,447.63299999999998,457.75999999999999,13583543.75,5772589945.9602098,2014-05-01,2014-05-02,False,False
2014-05-02T00:00:00Z,2014-05-03T00:00:00Z,457.36399999999998,457.92899999999997,443.40300000000002,449.37700000000001,12035047.804878,5711512740.0845404,2014-05-02,2014-05-03,False,False
2014-05-03T00:00:00Z,2014-05-04T00:00:00Z,449.40300000000002,449.40300000000002,430.68200000000002,437.762,9093119.5486111101,5609350326.165,2014-05-03,2014-05-04,False,False
2014-05-04T00:00:00Z,2014-05-05T00:00:00Z,438.517,439.76900000000001,430.05399999999997,436.40300000000002,8485122.8472222202,5533459707.5484304,2014-05-04,2014-05-05,False,False
2014-05-05T00:00:00Z,2014-05-06T00:00:00Z,434.78199999999998,440.97399999999999,427.61700000000002,433.48200000000003,8424945.4006968606,5504987625.1755104,2014-05-05,2014-05-06,False,False
2014-05-06T00:00:00Z,2014-05-07T00:00:00Z,433.36399999999998,448.03800000000001,423.25099999999998,428.96199999999999,11729299.475,5469268312.5495396,2014-05-06,2014-05-07,False,False
2014-05-07T00:00:00Z,2014-05-08T00:00:00Z,429.34100000000001,446.12799999999999,428.45100000000002,438.82100000000003,13112136.875,5560596188.8589096,2014-05-07,2014-05-08,False,False
2014-05-08T00:00:00Z,2014-05-09T00:00:00Z,438.67899999999997,448.399,438.14299999999997,440.16899999999998,14989552.1003584,5634284211.0469198,2014-05-08,2014-05-09,False,False
2014-05-09T00:00:00Z,2014-05-10T00:00:00Z,440.178,452.69200000000001,440.14299999999997,449.46100000000001,9228733.9372822307,5675715465.39217,2014-05-09,2014-05-10,False,False
2014-05-10T00:00:00Z,2014-05-11T00:00:00Z,450.45600000000002,455.77100000000002,448.46800000000002,454.43299999999999,9006769.5833333302,5755037103.8797903,2014-05-10,2014-05-11,False,False
2014-05-11T00:00:00Z,2014-05-12T00:00:00Z,453.92000000000002,455.339,433.40100000000001,438.88600000000002,8734502.7083333302,5674578468.4633102,2014-05-11,2014-05-12,False,False
2014-05-12T00:00:00Z,2014-05-13T00:00:00Z,438.303,442.25999999999999,434.23099999999999,441.46199999999999,10811231.533101,5604940637.0680199,2014-05-12,2014-05-13,False,False
2014-05-13T00:00:00Z,2014-05-14T00:00:00Z,441.53100000000001,441.976,436.96699999999998,440.67099999999999,7292215,5614877544.1361399,2014-05-13,2014-05-14,False,False
2014-05-14T00:00:00Z,2014-05-15T00:00:00Z,440.59199999999998,446.65899999999999,440.50299999999999,443.97199999999998,8088830.5594405597,5660700628.6141596,2014-05-14,2014-05-15,False,False
2014-05-15T00:00:00Z,2014-05-16T00:00:00Z,444.13600000000002,449.79899999999998,443.63,447.25200000000001,9029015.4166666698,5712151010.6638899,2014-05-15,2014-05-16,False,False
2014-05-16T00:00:00Z,2014-05-17T00:00:00Z,447.38600000000002,450.661,444.964,448.05799999999999,6755427.10801394,5723841425.7480001,2014-05-16,2014-05-17,False,False
2014-05-17T00:00:00Z,2014-05-18T00:00:00Z,448.11700000000002,451.98000000000002,447.30099999999999,448.90300000000002,4925623.6111111101,5741243362.4339399,2014-05-17,2014-05-18,False,False
2014-05-18T00:00:00Z,2014-05-19T00:00:00Z,448.70100000000002,449.767,444.78399999999999,446.26400000000001,2688736.1458333302,5721549370.4088602,2014-05-18,2014-05-19,False,False
2014-05-19T00:00:00Z,2014-05-20T00:00:00Z,446.07600000000002,447.55500000000001,443.10000000000002,446.18099999999998,4480137.10801394,5695099175.4690399,2014-05-19,2014-05-20,False,False
2014-05-20T00:00:00Z,2014-05-21T00:00:00Z,446.30500000000001,491.44400000000002,446.00700000000001,485.72399999999999,20856204.756944399,5942184301.3980999,2014-05-20,2014-05-21,False,False
2014-05-21T00:00:00Z,2014-05-22T00:00:00Z,485.80000000000001,494.36900000000003,483.48899999999998,491.76999999999998,31202923.505263198,6284435828.30089,2014-05-21,2014-05-22,False,False
2014-05-22T00:00:00Z,2014-05-23T00:00:00Z,492.04899999999998,525.35599999999999,490.19099999999997,524.57899999999995,23426467.013888899,6504807489.7051096,2014-05-22,2014-05-23,False,False
2014-05-23T00:00:00Z,2014-05-24T00:00:00Z,525.71500000000003,541.95600000000002,520.07600000000002,520.22199999999998,34918169.337979101,6761509976.6324797,2014-05-23,2014-05-24,False,False
2014-05-24T00:00:00Z,2014-05-25T00:00:00Z,521.05100000000004,525.16999999999996,516.28099999999995,525.13800000000003,17908664.9253731,6673436229.0183401,2014-05-24,2014-05-25,False,False
2014-05-25T00:00:00Z,2014-05-26T00:00:00Z,525.22799999999995,576.47799999999995,525.22799999999995,571.58799999999997,32500836.458333299,7162474548.6714001,2014-05-25,2014-05-26,False,False
2014-05-26T00:00:00Z,2014-05-27T00:00:00Z,571.39300000000003,588.38900000000001,565.33199999999999,583.42399999999998,39562935.483870998,7428096753.9855604,2014-05-26,2014-05-27,False,False
2014-05-27T00:00:00Z,2014-05-28T00:00:00Z,582.58799999999997,589.51700000000005,554.43399999999997,571.24400000000003,30472731.707317099,7356534718.9509001,2014-05-27,2014-05-28,False,False
2014-05-28T00:00:00Z,2014-05-29T00:00:00Z,571.91499999999996,578.62400000000002,564.08699999999999,577.06200000000001,28220059.375,7336794400.1810799,2014-05-28,2014-05-29,False,False
2014-05-29T00:00:00Z,2014-05-30T00:00:00Z,576.33000000000004,577.096,561.596,568.17999999999995,19295990.175438602,7286452978.6719599,2014-05-29,2014-05-30,False,False
2014-05-30T00:00:00Z,2014-05-31T00:00:00Z,568.17700000000002,618.45799999999997,568.15700000000004,615.32500000000005,23539243.554007001,7567267985.3327904,2014-05-30,2014-05-31,False,False
2014-05-31T00:00:00Z,2014-06-01T00:00:00Z,615.68700000000001,624.71500000000003,604.471,623.67700000000002,25926495.833333299,7918032446.2375803,2014-05-31,2014-06-01,False,False
2014-06-01T00:00:00Z,2014-06-02T00:00:00Z,623.69299999999998,671.51300000000003,619.90599999999995,630.22900000000004,26833079.166666701,8275236639.1093903,2014-06-01,2014-06-02,False,False
2014-06-02T00:00:00Z,2014-06-03T00:00:00Z,629.64499999999998,665.49800000000005,618.745,660.61800000000005,47542278.8194445,8162675398.4885702,2014-06-02,2014-06-03,False,False
2014-06-03T00:00:00Z,2014-06-04T00:00:00Z,660.54999999999995,674.11099999999999,650.78399999999999,667.60500000000002,51154677.351916403,8509159803.3636503,2014-06-03,2014-06-04,False,False
2014-06-04T00:00:00Z,2014-06-05T00:00:00Z,666.774,668.56299999999999,624.08900000000006,641.61400000000003,48829172.759856597,8248727054.9979296,2014-06-04,2014-06-05,False,False
2014-06-05T00:00:00Z,2014-06-06T00:00:00Z,641.072,663.52599999999995,640.09000000000003,659.25800000000004,26252926.388888899,8377758323.0487299,2014-06-05,2014-06-06,False,False
2014-06-06T00:00:00Z,2014-06-07T00:00:00Z,659.28300000000002,661.36599999999999,652.30399999999997,653.702,24951745.6445993,8443665995.7929401,2014-06-06,2014-06-07,False,False
2014-06-07T00:00:00Z,2014-06-08T00:00:00Z,653.52200000000005,656.94399999999996,644.90700000000004,654.96900000000005,19712907.638888899,8401384047.89217,2014-06-07,2014-06-08,False,False
2014-06-08T00:00:00Z,2014-06-09T00:00:00Z,654.99400000000003,658.88400000000001,653.47000000000003,656.13999999999999,9944768.9930555597,8444911734.09235,2014-06-08,2014-06-09,False,False
2014-06-09T00:00:00Z,2014-06-10T00:00:00Z,655.63999999999999,657.70299999999997,644.39300000000003,649.15899999999999,14119338.506944399,8373176501.5152502,2014-06-09,2014-06-10,False,False
2014-06-10T00:00:00Z,2014-06-11T00:00:00Z,650.04200000000003,659.61500000000001,646.56399999999996,653.14999999999998,18814451.567944299,8414062323.6423903,2014-06-10,2014-06-11,False,False
2014-06-11T00:00:00Z,2014-06-12T00:00:00Z,653.18799999999999,657.03999999999996,632.54700000000003,633.01999999999998,20541078.1362007,8326291362.1732702,2014-06-11,2014-06-12,False,False
2014-06-12T00:00:00Z,2014-06-13T00:00:00Z,633.428,638.10900000000004,573.27200000000005,586.952,26366485.069444399,8065775193.8617601,2014-06-12,2014-06-13,False,False
2014-06-13T00:00:00Z,2014-06-14T00:00:00Z,585.69600000000003,615.13699999999994,585.69600000000003,600.16300000000001,59071984.668989599,7722375048.3966103,2014-06-13,2014-06-14,False,False
2014-06-14T00:00:00Z,2014-06-15T00:00:00Z,600.74599999999998,601.26999999999998,549.82100000000003,577.35799999999995,30027775,7474576561.6797199,2014-06-14,2014-06-15,False,False
2014-06-15T00:00:00Z,2014-06-16T00:00:00Z,575.928,592.93700000000001,554.89099999999996,592.93700000000001,32105776.736111101,7325088720.1407003,2014-06-15,2014-06-16,False,False
2014-06-16T00:00:00Z,2014-06-17T00:00:00Z,592.649,608.72000000000003,587.06799999999998,592.18799999999999,31443928.472222202,7708449055.6589203,2014-06-16,2014-06-17,False,False
2014-06-17T00:00:00Z,2014-06-18T00:00:00Z,591.58600000000001,610.88900000000001,590.39999999999998,610.86400000000003,19789391.2891986,7740621801.74158,2014-06-17,2014-06-18,False,False
2014-06-18T00:00:00Z,2014-06-19T00:00:00Z,609.76700000000005,615.88099999999997,604.39599999999996,607.95799999999997,21002427.083333299,7875846263.9145899,2014-06-18,2014-06-19,False,False
2014-06-19T00:00:00Z,2014-06-20T00:00:00Z,608.07000000000005,612.24099999999999,597.01800000000003,598.07100000000003,13677202.7777778,7840326874.3519297,2014-06-19,2014-06-20,False,False
2014-06-20T00:00:00Z,2014-06-21T00:00:00Z,597.40200000000004,599.75400000000002,587.75599999999997,594.14599999999996,17446822.2996516,7688256270.9891796,2014-06-20,2014-06-21,False,False
2014-06-21T00:00:00Z,2014-06-22T00:00:00Z,593.678,599.46199999999999,587.73699999999997,594.99199999999996,13184339.7222222,7679744997.9035397,2014-06-21,2014-06-22,False,False
2014-06-22T00:00:00Z,2014-06-23T00:00:00Z,595.904,605.99699999999996,594.62699999999995,602.27300000000002,11280778.5416667,7783416568.5018396,2014-06-22,2014-06-23,False,False
2014-06-23T00:00:00Z,2014-06-24T00:00:00Z,602.16099999999994,603.21199999999999,586.34299999999996,593.98400000000004,11415530.1454545,7677623283.1202898,2014-06-23,2014-06-24,False,False
2014-06-24T00:00:00Z,2014-06-25T00:00:00Z,593.97000000000003,596.971,582.35699999999997,582.35699999999997,12568735.335689001,7660308113.4358397,2014-06-24,2014-06-25,False,False
2014-06-25T00:00:00Z,2014-06-26T00:00:00Z,581.80899999999997,583.59900000000005,565.625,566.33600000000001,17670253.191489398,7444854646.9811001,2014-06-25,2014-06-26,False,False
2014-06-26T00:00:00Z,2014-06-27T00:00:00Z,566.13699999999994,581.62900000000002,564.73099999999999,581.13699999999994,17796393.962264199,7422078470.6472397,2014-06-26,2014-06-27,False,False
2014-06-27T00:00:00Z,2014-06-28T00:00:00Z,581.29700000000003,600.12400000000002,579.88499999999999,597.26099999999997,15871705.9925094,7595228174.9632702,2014-06-27,2014-06-28,False,False
2014-06-28T00:00:00Z,2014-06-29T00:00:00Z,599.077,604.47299999999996,595.91800000000001,596.54899999999998,18269280.662983399,7785782081.8533897,2014-06-28,2014-06-29,False,False
2014-06-29T00:00:00Z,2014-06-30T00:00:00Z,596.33199999999999,604.07600000000002,596.16200000000003,602.71500000000003,9786132.9104477596,7766954785.6556902,2014-06-29,2014-06-30,False,False
2014-06-30T00:00:00Z,2014-07-01T00:00:00Z,602.62,645.15499999999997,599.88300000000004,639.79700000000003,26740321.006944399,8057338150.6461201,2014-06-30,2014-07-01,False,False
2014-07-01T00:00:00Z,2014-07-02T00:00:00Z,641.39099999999996,657.85799999999995,640.10699999999997,640.80600000000004,45150228.515625,8435076740.8087902,2014-07-01,2014-07-02,False,False
2014-07-02T00:00:00Z,2014-07-03T00:00:00Z,641.03700000000003,656.678,638.33900000000006,650.87900000000002,31528134.362934399,8396803439.9112196,2014-07-02,2014-07-03,False,False
2014-07-03T00:00:00Z,2014-07-04T00:00:00Z,650.76900000000001,650.76900000000001,641.303,645.15599999999995,22696624.553571399,8378249326.6829205,2014-07-03,2014-07-04,False,False
2014-07-04T00:00:00Z,2014-07-05T00:00:00Z,644.64599999999996,648.43299999999999,629.40300000000002,630.69200000000001,19966155.450236998,8290306433.0117998,2014-07-04,2014-07-05,False,False
2014-07-05T00:00:00Z,2014-07-06T00:00:00Z,629.95100000000002,633.22199999999998,628.00400000000002,631.45699999999999,16796410,8191302163.7299099,2014-07-05,2014-07-06,False,False
2014-07-06T00:00:00Z,2014-07-07T00:00:00Z,631.77200000000005,638.65300000000002,631.15999999999997,635.80700000000002,10272828.2325581,8237241057.1037798,2014-07-06,2014-07-07,False,False
2014-07-07T00:00:00Z,2014-07-08T00:00:00Z,635.46299999999997,637.15700000000004,617.00699999999995,624.08600000000001,11588070.4166667,8164408444.5677004,2014-07-07,2014-07-08,False,False
2014-07-08T00:00:00Z,2014-07-09T00:00:00Z,622.57000000000005,626.69500000000005,620.90700000000004,624.81799999999998,15359606.119403001,8108142044.9266901,2014-07-08,2014-07-09,False,False
2014-07-09T00:00:00Z,2014-07-10T00:00:00Z,625.221,626.99800000000005,622.596,624.53200000000004,9481762.6714801509,8127647315.5612803,2014-07-09,2014-07-10,False,False
2014-07-10T00:00:00Z,2014-07-11T00:00:00Z,624.50900000000001,626.11599999999999,612.346,616.83799999999997,12242666.3541667,8061155141.5279102,2014-07-10,2014-07-11,False,False
2014-07-11T00:00:00Z,2014-07-12T00:00:00Z,616.76199999999994,632.08600000000001,615.76900000000001,632.08600000000001,15621345.993031399,8099875421.3823996,2014-07-11,2014-07-12,False,False
2014-07-12T00:00:00Z,2014-07-13T00:00:00Z,632.00300000000004,636.65800000000002,626.98199999999997,634.27800000000002,16679989.930555601,8211613262.4936895,2014-07-12,2014-07-13,False,False
2014-07-13T00:00:00Z,2014-07-14T00:00:00Z,633.71299999999997,634.72699999999998,624.90899999999999,626.52099999999996,12198057.692307699,8184162955.7412996,2014-07-13,2014-07-14,False,False
2014-07-14T00:00:00Z,2014-07-15T00:00:00Z,626.49699999999996,627.34199999999998,617.322,619.875,11318627.874564501,8093071083.6533604,2014-07-14,2014-07-15,False,False
2014-07-15T00:00:00Z,2014-07-16T00:00:00Z,619.31500000000005,625.14099999999996,619.31500000000005,622.05399999999997,11434746.180555601,8115173369.38661,2014-07-15,2014-07-16,False,False
2014-07-16T00:00:00Z,2014-07-17T00:00:00Z,621.58600000000001,623.09199999999998,615.32500000000005,616.93399999999997,12169039.5208333,8066816930.80268,2014-07-16,2014-07-17,False,False
2014-07-17T00:00:00Z,2014-07-18T00:00:00Z,616.79999999999995,626.28999999999996,608.399,622.98699999999997,13167452.194444399,8061410980.7717199,2014-07-17,2014-07-18,False,False
2014-07-18T00:00:00Z,2014-07-19T00:00:00Z,623.08900000000006,629.21299999999997,620.47199999999998,629.21299999999997,15501255.0522648,8115506232.0238705,2014-07-18,2014-07-19,False,False
2014-07-19T00:00:00Z,2014-07-20T00:00:00Z,628.779,629.16600000000005,624.59699999999998,628.62800000000004,12494571.388888899,8182834431.6843004,2014-07-19,2014-07-20,False,False
2014-07-20T00:00:00Z,2014-07-21T00:00:00Z,628.51499999999999,628.55899999999997,622.77499999999998,623.99400000000003,6156051.0416666698,8151861711.1901197,2014-07-20,2014-07-21,False,False
2014-07-21T00:00:00Z,2014-07-22T00:00:00Z,623.89999999999998,624.09000000000003,619.10900000000004,622.03399999999999,7644422.9473684197,8103979111.5233402,2014-07-21,2014-07-22,False,False
2014-07-22T00:00:00Z,2014-07-23T00:00:00Z,622.21100000000001,624.298,620.95699999999999,621.41300000000001,10403722.743055601,8123716395.1839705,2014-07-22,2014-07-23,False,False
2014-07-23T00:00:00Z,2014-07-24T00:00:00Z,621.55100000000004,624.43100000000004,618.29300000000001,619.33699999999999,9578867.9166666698,8108864371.77981,2014-07-23,2014-07-24,False,False
2014-07-24T00:00:00Z,2014-07-25T00:00:00Z,619.41499999999996,620.42899999999997,595.56600000000003,601.24300000000005,16520255.9027778,7964429125.8539801,2014-07-24,2014-07-25,False,False
2014-07-25T00:00:00Z,2014-07-26T00:00:00Z,601.73299999999995,607.06500000000005,597.226,601.61099999999999,18322355.7491289,7853094112.3630896,2014-07-25,2014-07-26,False,False
2014-07-26T00:00:00Z,2014-07-27T00:00:00Z,601.08900000000006,602.08799999999997,593.96400000000006,595.98500000000001,11865350,7800554796.2323599,2014-07-26,2014-07-27,False,False
2014-07-27T00:00:00Z,2014-07-28T00:00:00Z,595.81299999999999,598.94200000000001,593.42999999999995,594.31600000000003,8913880.8333333302,7782101048.7227201,2014-07-27,2014-07-28,False,False
2014-07-28T00:00:00Z,2014-07-29T00:00:00Z,593.85199999999998,594.57299999999998,575.18499999999995,585.75999999999999,14477090.945454501,7641972385.4949703,2014-07-28,2014-07-29,False,False
2014-07-29T00:00:00Z,2014-07-30T00:00:00Z,585.69100000000003,588.38499999999999,581.69500000000005,584.67899999999997,14844783.955223899,7645970308.8108501,2014-07-29,2014-07-30,False,False
2014-07-30T00:00:00Z,2014-07-31T00:00:00Z,584.72500000000002,585.12199999999996,564.89599999999996,566.84900000000005,11562696.493055601,7566763401.0643196,2014-07-30,2014-07-31,False,False
2014-07-31T00:00:00Z,2014-08-01T00:00:00Z,567.29300000000001,586.23500000000001,564.51099999999997,586.23500000000001,19949510.763888899,7541845083.6428604,2014-07-31,2014-08-01,False,False
2014-08-01T00:00:00Z,2014-08-02T00:00:00Z,586.23500000000001,597.92200000000003,583.63400000000001,594.90800000000002,20034622.857142899,7730850360.2814598,2014-08-01,2014-08-02,False,False
2014-08-02T00:00:00Z,2014-08-03T00:00:00Z,594.91600000000005,594.91600000000005,586.15499999999997,589.41200000000003,13558381.9298246,7730414518.2715197,2014-08-02,2014-08-03,False,False
2014-08-03T00:00:00Z,2014-08-04T00:00:00Z,589.33299999999997,589.33299999999997,581.64999999999998,585.625,8254428.7847222202,7661108134.5123796,2014-08-03,2014-08-04,False,False
2014-08-04T00:00:00Z,2014-08-05T00:00:00Z,586.66600000000005,591.94600000000003,583.74000000000001,588.71600000000001,8283256.5156794405,7684657768.1952105,2014-08-04,2014-08-05,False,False
2014-08-05T00:00:00Z,2014-08-06T00:00:00Z,588.78200000000004,589.86500000000001,584.10199999999998,585.16600000000005,11226674.7222222,7688633835.3280296,2014-08-05,2014-08-06,False,False
2014-08-06T00:00:00Z,2014-08-07T00:00:00Z,585.43600000000004,587.48599999999999,583.09799999999996,584.63,9972679.0625,7677023082.3029804,2014-08-06,2014-08-07,False,False
2014-08-07T00:00:00Z,2014-08-08T00:00:00Z,584.65300000000002,591.10400000000004,584.05200000000002,588.78499999999997,10585161.7708333,7694240197.8606701,2014-08-07,2014-08-08,False,False
2014-08-08T00:00:00Z,2014-08-09T00:00:00Z,588.86900000000003,598.11599999999999,588.79100000000005,592.61900000000003,13124577.351916401,7778469860.2613201,2014-08-08,2014-08-09,False,False
2014-08-09T00:00:00Z,2014-08-10T00:00:00Z,592.577,592.577,587.63300000000004,589.26199999999994,9176716.7361111101,7729687828.1234198,2014-08-09,2014-08-10,False,False
2014-08-10T00:00:00Z,2014-08-11T00:00:00Z,589.37199999999996,594.46000000000004,587.94200000000001,591.00999999999999,7071456.5277777798,7742835733.4188099,2014-08-10,2014-08-11,False,False
2014-08-11T00:00:00Z,2014-08-12T00:00:00Z,591.06100000000004,591.50699999999995,574.05100000000004,576.60199999999998,9380006.8292682897,7694282039.7793503,2014-08-11,2014-08-12,False,False
2014-08-12T00:00:00Z,2014-08-13T00:00:00Z,576.36800000000005,576.94799999999998,566.59500000000003,569.59199999999998,17303184.375,7491684774.75319,2014-08-12,2014-08-13,False,False
2014-08-13T00:00:00Z,2014-08-14T00:00:00Z,569.64200000000005,573.03300000000002,532.66700000000003,546.08000000000004,18579486.805555601,7265606050.4875603,2014-08-13,2014-08-14,False,False
2014-08-14T00:00:00Z,2014-08-15T00:00:00Z,546.65800000000002,546.65800000000002,498.72500000000002,505.97399999999999,32626245.486111101,6826154245.3175898,2014-08-14,2014-08-15,False,False
2014-08-15T00:00:00Z,2014-08-16T00:00:00Z,505.97399999999999,518.17899999999997,487.92599999999999,497.245,28753135.8885017,6721809452.3002501,2014-08-15,2014-08-16,False,False
2014-08-16T00:00:00Z,2014-08-17T00:00:00Z,497.00999999999999,521.47500000000002,487.74400000000003,520.18200000000002,25650440.277777798,6602515780.2965097,2014-08-16,2014-08-17,False,False
2014-08-17T00:00:00Z,2014-08-18T00:00:00Z,519.70799999999997,520.19000000000005,483.62599999999998,492.63299999999998,23722638.888888899,6598287281.62708,2014-08-17,2014-08-18,False,False
2014-08-18T00:00:00Z,2014-08-19T00:00:00Z,491.79500000000002,499.37,443.851,461.42399999999998,36541357.8397213,6198074776.0697403,2014-08-18,2014-08-19,False,False
2014-08-19T00:00:00Z,2014-08-20T00:00:00Z,461.45999999999998,485.70999999999998,455.53899999999999,483.471,46453523.263888903,6225413738.9163704,2014-08-19,2014-08-20,False,False
2014-08-20T00:00:00Z,2014-08-21T00:00:00Z,485.245,518.28499999999997,467.51100000000002,513.21900000000005,38464101.388888903,6452119696.9192305,2014-08-20,2014-08-21,False,False
2014-08-21T00:00:00Z,2014-08-22T00:00:00Z,511.98000000000002,531.89999999999998,510.44900000000001,517.15300000000002,57062250.6944445,6828192713.63554,2014-08-21,2014-08-22,False,False
2014-08-22T00:00:00Z,2014-08-23T00:00:00Z,517.23699999999997,521.47900000000004,501.27499999999998,514.67700000000002,40525580.836236902,6751976345.3059502,2014-08-22,2014-08-23,False,False
2014-08-23T00:00:00Z,2014-08-24T00:00:00Z,514.04300000000001,514.29899999999998,492.11399999999998,498.41800000000001,30248240.277777798,6622765859.4215403,2014-08-23,2014-08-24,False,False
2014-08-24T00:00:00Z,2014-08-25T00:00:00Z,498.07499999999999,512.88800000000003,497.351,508.06599999999997,21906956.597222202,6646218185.6740704,2014-08-24,2014-08-25,False,False
2014-08-25T00:00:00Z,2014-08-26T00:00:00Z,508.286,508.286,499.233,502.64600000000002,18981944.2508711,6630300214.8573999,2014-08-25,2014-08-26,False,False
2014-08-26T00:00:00Z,2014-08-27T00:00:00Z,502.49599999999998,512.68799999999999,502.49599999999998,511.666,19927680.555555601,6698889324.2674398,2014-08-26,2014-08-27,False,False
2014-08-27T00:00:00Z,2014-08-28T00:00:00Z,511.56999999999999,520.70899999999995,510.92200000000003,510.92200000000003,23876633.680555601,6798400819.5231705,2014-08-27,2014-08-28,False,False
2014-08-28T00:00:00Z,2014-08-29T00:00:00Z,511.15300000000002,516.15700000000004,506.87700000000001,507.36799999999999,20974827.083333299,6739398344.8335104,2014-08-28,2014-08-29,False,False
2014-08-29T00:00:00Z,2014-08-30T00:00:00Z,507.815,511.69499999999999,503.81700000000001,508.572,18113964.808362398,6710831853.4077501,2014-08-29,2014-08-30,False,False
2014-08-30T00:00:00Z,2014-08-31T00:00:00Z,508.517,509.30799999999999,501.63600000000002,504.399,15672012.951388899,6664219104.6825104,2014-08-30,2014-08-31,False,False
2014-08-31T00:00:00Z,2014-09-01T00:00:00Z,504.24900000000002,504.87900000000002,474.81400000000002,477.33199999999999,27322152.673611101,6453750578.6263304,2014-08-31,2014-09-01,False,False
2014-09-01T00:00:00Z,2014-09-02T00:00:00Z,477.76299999999998,485.30599999999998,471.91000000000003,475.72500000000002,33147391.986062702,6334398454.7070999,2014-09-01,2014-09-02,False,False
2014-09-02T00:00:00Z,2014-09-03T00:00:00Z,474.87900000000002,482.988,472.32400000000001,477.50999999999999,21058876.223776199,6313475894.0490398,2014-09-02,2014-09-03,False,False
2014-09-03T00:00:00Z,2014-09-04T00:00:00Z,477.42599999999999,481.71199999999999,476.20800000000003,477.548,17011548.263888899,6319099520.8445797,2014-09-03,2014-09-04,False,False
2014-09-04T00:00:00Z,2014-09-05T00:00:00Z,477.58600000000001,493.928,477.08600000000001,490.113,17910862.847222202,6399912147.6998997,2014-09-04,2014-09-05,False,False
2014-09-05T00:00:00Z,2014-09-06T00:00:00Z,489.66000000000003,490.64299999999997,481.60899999999998,483.11599999999999,22846763.0662021,6442479858.6939096,2014-09-05,2014-09-06,False,False
2014-09-06T00:00:00Z,2014-09-07T00:00:00Z,483.34199999999998,488.59500000000003,482.99799999999999,485.02100000000002,12249630.9027778,6423651415.1953497,2014-09-06,2014-09-07,False,False
2014-09-07T00:00:00Z,2014-09-08T00:00:00Z,484.82999999999998,488.06599999999997,482.63299999999998,482.63299999999998,9342224.375,6434130705.5148802,2014-09-07,2014-09-08,False,False
2014-09-08T00:00:00Z,2014-09-09T00:00:00Z,482.27800000000002,489.834,468.79000000000002,474.78899999999999,20113001.4840989,6291521102.0446301,2014-09-08,2014-09-09,False,False
2014-09-09T00:00:00Z,2014-09-10T00:00:00Z,474.60000000000002,477.37700000000001,467.77800000000002,475.50299999999999,24663840.277777798,6251550670.5110998,2014-09-09,2014-09-10,False,False
2014-09-10T00:00:00Z,2014-09-11T00:00:00Z,475.25999999999999,487.46800000000002,475.14499999999998,478.79500000000002,23149584.375,6378105416.68717,2014-09-10,2014-09-11,False,False
2014-09-11T00:00:00Z,2014-09-12T00:00:00Z,479.35899999999998,482.351,474.61000000000001,479.64499999999998,19749719.444444399,6347493681.06036,2014-09-11,2014-09-12,False,False
2014-09-12T00:00:00Z,2014-09-13T00:00:00Z,479.74900000000002,479.74900000000002,473.00900000000001,477.59300000000002,16115760.278745599,6318332807.0760603,2014-09-12,2014-09-13,False,False
2014-09-13T00:00:00Z,2014-09-14T00:00:00Z,477.75299999999999,482.11700000000002,475.09800000000001,478.87900000000002,15561947.569444399,6347133307.1739502,2014-09-13,2014-09-14,False,False
2014-09-14T00:00:00Z,2014-09-15T00:00:00Z,479.00200000000001,479.85300000000001,476.11900000000003,477.745,13572706.25,6344853412.1255102,2014-09-14,2014-09-15,False,False
2014-09-15T00:00:00Z,2014-09-16T00:00:00Z,477.892,478.62,474.02199999999999,475.43400000000003,13833225.435540101,6326559846.3528795,2014-09-15,2014-09-16,False,False
2014-09-16T00:00:00Z,2014-09-17T00:00:00Z,475.37099999999998,475.642,465.12799999999999,465.95499999999998,17009657.986111101,6253818030.1819897,2014-09-16,2014-09-17,False,False
2014-09-17T00:00:00Z,2014-09-18T00:00:00Z,466.05700000000002,468.17399999999998,452.42200000000003,457.37700000000001,17847189.583333299,6120187439.2787199,2014-09-17,2014-09-18,False,False
2014-09-18T00:00:00Z,2014-09-19T00:00:00Z,457.334,457.334,413.10399999999998,424.23000000000002,23936310.452961698,5848924576.3180599,2014-09-18,2014-09-19,False,False
2014-09-19T00:00:00Z,2014-09-20T00:00:00Z,424.44,427.83499999999998,384.53199999999998,394.709,39624553.472222202,5395572756.0439196,2014-09-19,2014-09-20,False,False
2014-09-20T00:00:00Z,2014-09-21T00:00:00Z,394.79599999999999,423.29599999999999,389.88299999999998,409.55799999999999,39775479.513888903,5455665789.2381296,2014-09-20,2014-09-21,False,False
2014-09-21T00:00:00Z,2014-09-22T00:00:00Z,408.904,412.42599999999999,393.18099999999998,398.64499999999998,31167172.569444399,5325825301.9554596,2014-09-21,2014-09-22,False,False
2014-09-22T00:00:00Z,2014-09-23T00:00:00Z,398.82100000000003,406.916,397.13,402.18799999999999,24169071.777003501,5355523625.3331604,2014-09-22,2014-09-23,False,False
2014-09-23T00:00:00Z,2014-09-24T00:00:00Z,402.15199999999999,441.55700000000002,396.197,435.96199999999999,26936516.666666701,5434471533.5287504,2014-09-23,2014-09-24,False,False
2014-09-24T00:00:00Z,2014-09-25T00:00:00Z,435.791,436.11200000000002,421.13200000000001,422.79500000000002,44812945.6140351,5683678827.3872604,2014-09-24,2014-09-25,False,False
2014-09-25T00:00:00Z,2014-09-26T00:00:00Z,423.20499999999998,423.51999999999998,409.46800000000002,411.69299999999998,29322064.808362398,5505021782.3887596,2014-09-25,2014-09-26,False,False
2014-09-26T00:00:00Z,2014-09-27T00:00:00Z,411.57400000000001,414.93799999999999,400.00900000000001,403.94999999999999,22426422.916666701,5411007316.7789497,2014-09-26,2014-09-27,False,False
2014-09-27T00:00:00Z,2014-09-28T00:00:00Z,404.42500000000001,406.62299999999999,397.37200000000001,399.20499999999998,17930401.041666701,5356022557.6946402,2014-09-27,2014-09-28,False,False
2014-09-28T00:00:00Z,2014-09-29T00:00:00Z,399.51999999999998,401.017,374.33199999999999,377.06,16840409.027777798,5217809767.2865801,2014-09-28,2014-09-29,False,False
2014-09-29T00:00:00Z,2014-09-30T00:00:00Z,377.18099999999998,385.21100000000001,372.24000000000001,375.66500000000002,29670549.4773519,5047879293.6848803,2014-09-29,2014-09-30,False,False
2014-09-30T00:00:00Z,2014-10-01T00:00:00Z,375.46699999999998,390.97699999999998,373.44299999999998,387.137,31058240.625,5085982858.7322598,2014-09-30,2014-10-01,False,False
2014-10-01T00:00:00Z,2014-10-02T00:00:00Z,386.94400000000002,391.37900000000002,380.77999999999997,383.61500000000001,33676631.3829787,5142650371.6065798,2014-10-01,2014-10-02,False,False
2014-10-02T00:00:00Z,2014-10-03T00:00:00Z,383.988,385.49700000000001,372.94600000000003,375.08100000000002,20289558.024691399,5068220518.8812199,2014-10-02,2014-10-03,False,False
2014-10-03T00:00:00Z,2014-10-04T00:00:00Z,375.072,377.69499999999999,357.85899999999998,360.00200000000001,23849561.6724739,4945990573.9265604,2014-10-03,2014-10-04,False,False
2014-10-04T00:00:00Z,2014-10-05T00:00:00Z,359.512,364.48700000000002,325.88600000000002,328.892,38072701.454545498,4637882417.7463503,2014-10-04,2014-10-05,False,False
2014-10-05T00:00:00Z,2014-10-06T00:00:00Z,328.86599999999999,341.80099999999999,289.29599999999999,321.76999999999998,58695294.791666701,4243362873.9650002,2014-10-05,2014-10-06,False,False
2014-10-06T00:00:00Z,2014-10-07T00:00:00Z,320.50999999999999,345.13400000000001,302.56,329.387,94978103.135888502,4336864391.25595,2014-10-06,2014-10-07,False,False
2014-10-07T00:00:00Z,2014-10-08T00:00:00Z,330.07900000000001,339.24700000000001,320.48200000000003,336.71800000000002,62903305.902777798,4425125067.9497404,2014-10-07,2014-10-08,False,False
2014-10-08T00:00:00Z,2014-10-09T00:00:00Z,336.18700000000001,354.36399999999998,327.18799999999999,353.44999999999999,46380585.0694445,4525049331.1648502,2014-10-08,2014-10-09,False,False
2014-10-09T00:00:00Z,2014-10-10T00:00:00Z,352.94,382.726,347.68700000000001,364.50999999999999,66680669.791666701,4848203100.1102104,2014-10-09,2014-10-10,False,False
2014-10-10T00:00:00Z,2014-10-11T00:00:00Z,365.02600000000001,375.06700000000001,352.96300000000002,360.57600000000002,71098449.477351904,4849283215.4507504,2014-10-10,2014-10-11,False,False
2014-10-11T00:00:00Z,2014-10-12T00:00:00Z,361.56200000000001,367.19099999999997,355.95100000000002,363.041,25966678.472222202,4826730278.0523195,2014-10-11,2014-10-12,False,False
2014-10-12T00:00:00Z,2014-10-13T00:00:00Z,362.29899999999998,379.43299999999999,356.14400000000001,379.17099999999999,11806811.180555601,4868634798.6538401,2014-10-12,2014-10-13,False,False
2014-10-13T00:00:00Z,2014-10-14T00:00:00Z,378.54899999999998,397.226,368.89699999999999,390.19600000000003,24115303.4843206,5061817741.8032103,2014-10-13,2014-10-14,False,False
2014-10-14T00:00:00Z,2014-10-15T00:00:00Z,390.41399999999999,411.69799999999998,390.41399999999999,401.36099999999999,42621492.708333299,5396600676.4895496,2014-10-14,2014-10-15,False,False
2014-10-15T00:00:00Z,2014-10-16T00:00:00Z,400.87,402.22699999999998,388.76600000000002,394.733,32094415.625,5286017631.5073404,2014-10-15,2014-10-16,False,False
2014-10-16T00:00:00Z,2014-10-17T00:00:00Z,394.77300000000002,398.80700000000002,373.06999999999999,382.834,22321544.5993031,5190444722.6318598,2014-10-16,2014-10-17,False,False
2014-10-17T00:00:00Z,2014-10-18T00:00:00Z,382.55599999999998,385.47800000000001,375.38900000000001,383.80099999999999,22801798.257839698,5102231087.9410295,2014-10-17,2014-10-18,False,False
2014-10-18T00:00:00Z,2014-10-19T00:00:00Z,383.75799999999998,395.15800000000002,378.971,391.55599999999998,12354684.0277778,5183724143.5676403,2014-10-18,2014-10-19,False,False
2014-10-19T00:00:00Z,2014-10-20T00:00:00Z,391.44200000000001,393.93900000000002,386.45699999999999,390.54000000000002,9262827.2916666698,5232518231.9169397,2014-10-19,2014-10-20,False,False
2014-10-20T00:00:00Z,2014-10-21T00:00:00Z,389.54599999999999,390.084,378.25200000000001,382.47899999999998,12469332.6132404,5142069807.2643995,2014-10-20,2014-10-21,False,False
2014-10-21T00:00:00Z,2014-10-22T00:00:00Z,382.84500000000003,392.64600000000002,380.834,386.154,13485783.888888899,5179837590.0730495,2014-10-21,2014-10-22,False,False
2014-10-22T00:00:00Z,2014-10-23T00:00:00Z,386.47500000000002,388.57600000000002,382.24900000000002,383.19400000000002,13183125,5164229316.5560703,2014-10-22,2014-10-23,False,False
2014-10-23T00:00:00Z,2014-10-24T00:00:00Z,383.15800000000002,385.048,356.447,359.053,19095447.569444399,4956181022.4239397,2014-10-23,2014-10-24,False,False
2014-10-24T00:00:00Z,2014-10-25T00:00:00Z,358.41699999999997,364.34500000000003,353.30500000000001,358.47800000000001,23190216.724738698,4816913123.6355305,2014-10-24,2014-10-25,False,False
2014-10-25T00:00:00Z,2014-10-26T00:00:00Z,358.34500000000003,359.86099999999999,342.87700000000001,346.65300000000002,15502566.202090601,4717867111.3533201,2014-10-25,2014-10-26,False,False
2014-10-26T00:00:00Z,2014-10-27T00:00:00Z,347.27100000000002,359.221,343.93099999999998,354.68099999999998,15363360.763888899,4734813898.8242903,2014-10-26,2014-10-27,False,False
2014-10-27T00:00:00Z,2014-10-28T00:00:00Z,354.70400000000001,358.63200000000001,349.80900000000003,353.178,10943983.8327526,4765155962.0441103,2014-10-27,2014-10-28,False,False
2014-10-28T00:00:00Z,2014-10-29T00:00:00Z,352.98899999999998,359.98399999999998,352.67899999999997,357.38900000000001,10514858.888888899,4793217528.3898401,2014-10-28,2014-10-29,False,False
2014-10-29T00:00:00Z,2014-10-30T00:00:00Z,357.61799999999999,357.83300000000003,335.34300000000002,335.68000000000001,12228819.618055601,4676126607.1464005,2014-10-29,2014-10-30,False,False
2014-10-30T00:00:00Z,2014-10-31T00:00:00Z,335.59100000000001,350.91300000000001,335.072,344.88299999999998,19054229.861111101,4565098613.4383297,2014-10-30,2014-10-31,False,False
2014-10-31T00:00:00Z,2014-11-01T00:00:00Z,345.30500000000001,348.04500000000002,337.142,338.59399999999999,27295572.473867599,4598095412.2183704,2014-10-31,2014-11-01,False,False
2014-11-01T00:00:00Z,2014-11-02T00:00:00Z,338.32100000000003,340.529,321.05500000000001,324.76799999999997,13800348.3985765,4452395055.2688599,2014-11-01,2014-11-02,False,False
2014-11-02T00:00:00Z,2014-11-03T00:00:00Z,325.74900000000002,329.05000000000001,320.62599999999998,325.995,13668810.4347826,4381863082.7494001,2014-11-02,2014-11-03,False,False
2014-11-03T00:00:00Z,2014-11-04T00:00:00Z,325.892,334.00200000000001,325.48099999999999,327.495,11246628.118466901,4426432517.7955303,2014-11-03,2014-11-04,False,False
2014-11-04T00:00:00Z,2014-11-05T00:00:00Z,327.55399999999997,331.767,325.077,330.71699999999998,13205792.361111101,4415004457.4039202,2014-11-04,2014-11-05,False,False
2014-11-05T00:00:00Z,2014-11-06T00:00:00Z,330.49200000000002,343.36900000000003,330.49200000000002,339.68700000000001,19292615.625,4554899374.9154797,2014-11-05,2014-11-06,False,False
2014-11-06T00:00:00Z,2014-11-07T00:00:00Z,339.48599999999999,352.96600000000001,338.42399999999998,349.49099999999999,15877640.2777778,4628568060.3055401,2014-11-06,2014-11-07,False,False
2014-11-07T00:00:00Z,2014-11-08T00:00:00Z,349.29000000000002,352.73200000000003,341.77600000000001,342.47899999999998,23926555.052264798,4663531775.6678896,2014-11-07,2014-11-08,False,False
2014-11-08T00:00:00Z,2014-11-09T00:00:00Z,342.41500000000002,347.03199999999998,342.154,345.68099999999998,11810683.0208333,4640533542.1345997,2014-11-08,2014-11-09,False,False
2014-11-09T00:00:00Z,2014-11-10T00:00:00Z,345.488,363.62599999999998,344.255,363.01299999999998,13345628.3333333,4734389127.7476397,2014-11-09,2014-11-10,False,False
2014-11-10T00:00:00Z,2014-11-11T00:00:00Z,363.26400000000001,374.81599999999997,357.56099999999998,365.65800000000002,28670205.923344899,4918730212.5462799,2014-11-10,2014-11-11,False,False
2014-11-11T00:00:00Z,2014-11-12T00:00:00Z,366.92399999999998,371.31,363.73500000000001,367.78300000000002,24853500,4942936589.6630001,2014-11-11,2014-11-12,False,False
2014-11-12T00:00:00Z,2014-11-13T00:00:00Z,367.69499999999999,429.71800000000002,367.69499999999999,421.39100000000002,28690605.208333299,5329716500.0880299,2014-11-12,2014-11-13,False,False
2014-11-13T00:00:00Z,2014-11-14T00:00:00Z,423.56099999999998,457.09300000000002,401.12299999999999,418.36399999999998,58432514.236111097,5867793047.4841604,2014-11-13,2014-11-14,False,False
2014-11-14T00:00:00Z,2014-11-15T00:00:00Z,420.73500000000001,420.73500000000001,384.78899999999999,397.55000000000001,47299567.944250897,5330735390.0211201,2014-11-14,2014-11-15,False,False
2014-11-15T00:00:00Z,2014-11-16T00:00:00Z,397.81799999999998,405.52800000000002,371.00799999999998,377.43599999999998,20056711.458333299,5254118166.6233301,2014-11-15,2014-11-16,False,False
2014-11-16T00:00:00Z,2014-11-17T00:00:00Z,376.13299999999998,390.79899999999998,374.60199999999998,388.30799999999999,15507646.875,5166601723.1409998,2014-11-16,2014-11-17,False,False
2014-11-17T00:00:00Z,2014-11-18T00:00:00Z,387.88200000000001,410.19900000000001,377.50200000000001,387.72000000000003,24005005.574912898,5366981347.07306,2014-11-17,2014-11-18,False,False
2014-11-18T00:00:00Z,2014-11-19T00:00:00Z,387.40800000000002,392.40199999999999,371.11700000000002,375.005,38566355.902777798,5164355603.2317696,2014-11-18,2014-11-19,False,False
2014-11-19T00:00:00Z,2014-11-20T00:00:00Z,375.19799999999998,386.48099999999999,373.89600000000002,380.64299999999997,25768545.486111101,5113192694.7303696,2014-11-19,2014-11-20,False,False
2014-11-20T00:00:00Z,2014-11-21T00:00:00Z,380.55500000000001,382.02499999999998,356.78100000000001,357.79899999999998,21736320.833333299,4961024561.7046404,2014-11-20,2014-11-21,False,False
2014-11-21T00:00:00Z,2014-11-22T00:00:00Z,357.83999999999997,357.87900000000002,344.11200000000002,351.32900000000001,30239142.508710802,4766573017.9954395,2014-11-21,2014-11-22,False,False
2014-11-22T00:00:00Z,2014-11-23T00:00:00Z,350.84800000000001,364.84100000000001,350.84800000000001,353.27300000000002,20202844.444444399,4845465956.9549103,2014-11-22,2014-11-23,False,False
2014-11-23T00:00:00Z,2014-11-24T00:00:00Z,352.92000000000002,370.84500000000003,352.92000000000002,367.96800000000002,13182837.8472222,4869591101.25282,2014-11-23,2014-11-24,False,False
2014-11-24T00:00:00Z,2014-11-25T00:00:00Z,367.57299999999998,387.209,366.66899999999998,376.63099999999997,23085671.777003501,5071139413.0288401,2014-11-24,2014-11-25,False,False
2014-11-25T00:00:00Z,2014-11-26T00:00:00Z,376.90100000000001,394.70100000000002,374.78399999999999,375.00099999999998,32861720,5190208285.3007698,2014-11-25,2014-11-26,False,False
2014-11-26T00:00:00Z,2014-11-27T00:00:00Z,375.34800000000001,377.69799999999998,365.81599999999997,367.06599999999997,22495653.125,5037739636.2216597,2014-11-26,2014-11-27,False,False
2014-11-27T00:00:00Z,2014-11-28T00:00:00Z,368.37,373.99200000000002,368.28199999999998,369.53500000000003,13383612.743055601,5051944661.5501604,2014-11-27,2014-11-28,False,False
2014-11-28T00:00:00Z,2014-11-29T00:00:00Z,369.67000000000002,382.83800000000002,358.45499999999998,377.00599999999997,13009240.174216,5002423198.1250696,2014-11-28,2014-11-29,False,False
2014-11-29T00:00:00Z,2014-11-30T00:00:00Z,376.447,387.601,372.14499999999998,375.53399999999999,21539838.194444399,5121970099.4713602,2014-11-29,2014-11-30,False,False
2014-11-30T00:00:00Z,2014-12-01T00:00:00Z,375.49099999999999,382.52699999999999,373.30900000000003,378.23599999999999,13082616.875,5120826488.7717104,2014-11-30,2014-12-01,False,False
2014-12-01T00:00:00Z,2014-12-02T00:00:00Z,378.04700000000003,383.66199999999998,376.66899999999998,379.36599999999999,9976279.0592334494,5148701257.3552399,2014-12-01,2014-12-02,False,False
2014-12-02T00:00:00Z,2014-12-03T00:00:00Z,379.245,384.03800000000001,377.863,381.71100000000001,11269971.9097222,5167661926.3686199,2014-12-02,2014-12-03,False,False
2014-12-03T00:00:00Z,2014-12-04T00:00:00Z,381.315,383.02600000000001,374.346,375.22199999999998,13254944.7916667,5140256939.8872995,2014-12-03,2014-12-04,False,False
2014-12-04T00:00:00Z,2014-12-05T00:00:00Z,375.00999999999999,378.65499999999997,367.75900000000001,369.06599999999997,13592784.6689895,5081288819.7590199,2014-12-04,2014-12-05,False,False
2014-12-05T00:00:00Z,2014-12-06T00:00:00Z,369.60399999999998,379.19200000000001,365.75599999999997,376.61599999999999,14849330.2083333,5052083334.1343203,2014-12-05,2014-12-06,False,False
2014-12-06T00:00:00Z,2014-12-07T00:00:00Z,376.85399999999998,378.44799999999998,370.94499999999999,374.78300000000002,12420458.4027778,5089345920.5903597,2014-12-06,2014-12-07,False,False
2014-12-07T00:00:00Z,2014-12-08T00:00:00Z,374.78500000000003,376.29199999999997,373.27499999999998,375.15600000000001,5773274.7569444403,5093570469.8432302,2014-12-07,2014-12-08,False,False
2014-12-08T00:00:00Z,2014-12-09T00:00:00Z,375.09500000000003,376.029,361.88600000000002,361.88600000000002,11745634.5296167,5015765744.9705095,2014-12-08,2014-12-09,False,False
2014-12-09T00:00:00Z,2014-12-10T00:00:00Z,361.90899999999999,363.06700000000001,344.95100000000002,351.58100000000002,28082595.486111101,4796591788.5325899,2014-12-09,2014-12-10,False,False
2014-12-10T00:00:00Z,2014-12-11T00:00:00Z,352.21899999999999,352.38400000000001,347.08199999999999,347.33199999999999,22380909.375,4749511967.6164904,2014-12-10,2014-12-11,False,False
2014-12-11T00:00:00Z,2014-12-12T00:00:00Z,346.36500000000001,361.35700000000003,338.76299999999998,350.50599999999997,23959425.984251998,4741646089.1352901,2014-12-11,2014-12-12,False,False
2014-12-12T00:00:00Z,2014-12-13T00:00:00Z,350.83300000000003,352.983,349.291,352.54199999999997,21186238.961038999,4780065978.7738504,2014-12-12,2014-12-13,False,False
2014-12-13T00:00:00Z,2014-12-14T00:00:00Z,352.38099999999997,352.38099999999997,346.58800000000002,347.55700000000002,14737890.710382501,4734277323.8892899,2014-12-13,2014-12-14,False,False
2014-12-14T00:00:00Z,2014-12-15T00:00:00Z,347.37599999999998,353.31599999999997,345.41800000000001,351.714,9633498.5069444403,4734524653.3468199,2014-12-14,2014-12-15,False,False
2014-12-15T00:00:00Z,2014-12-16T00:00:00Z,351.63200000000001,351.815,344.93400000000003,345.17899999999997,15548871.5277778,4733369389.4568901,2014-12-15,2014-12-16,False,False
2014-12-16T00:00:00Z,2014-12-17T00:00:00Z,345.34500000000003,345.85899999999998,328.51400000000001,328.548,25361939.3728223,4578833968.2419996,2014-12-16,2014-12-17,False,False
2014-12-17T00:00:00Z,2014-12-18T00:00:00Z,327.06200000000001,333.95400000000001,315.15199999999999,319.31,33509020.209059201,4400485646.4384499,2014-12-17,2014-12-18,False,False
2014-12-18T00:00:00Z,2014-12-19T00:00:00Z,319.77600000000001,323.709,304.23200000000003,311.62900000000002,40467782.291666701,4261777515.9405699,2014-12-18,2014-12-19,False,False
2014-12-19T00:00:00Z,2014-12-20T00:00:00Z,311.39600000000002,318.53300000000002,306.76900000000001,317.68000000000001,28673448.611111101,4256435548.7560301,2014-12-19,2014-12-20,False,False
2014-12-20T00:00:00Z,2014-12-21T00:00:00Z,317.84300000000002,330.32499999999999,316.04399999999998,329.36500000000001,24216250.5226481,4421115675.0096903,2014-12-20,2014-12-21,False,False
2014-12-21T00:00:00Z,2014-12-22T00:00:00Z,329.95600000000002,329.95600000000002,318.90300000000002,320.89600000000002,17524940.625,4412512154.0720596,2014-12-21,2014-12-22,False,False
2014-12-22T00:00:00Z,2014-12-23T00:00:00Z,320.84300000000002,334.11700000000002,320.42500000000001,331.89600000000002,18976770.486111101,4476633863.2500696,2014-12-22,2014-12-23,False,False
2014-12-23T00:00:00Z,2014-12-24T00:00:00Z,331.88600000000002,336.28699999999998,329.60199999999998,334.702,18610149.305555601,4539669502.9787397,2014-12-23,2014-12-24,False,False
2014-12-24T00:00:00Z,2014-12-25T00:00:00Z,334.572,334.74099999999999,321.35700000000003,322.774,14808088.1533101,4490709454.4183702,2014-12-24,2014-12-25,False,False
2014-12-25T00:00:00Z,2014-12-26T00:00:00Z,322.53399999999999,322.67000000000002,316.95800000000003,319,14561132.986111101,4354398312.5489798,2014-12-25,2014-12-26,False,False
2014-12-26T00:00:00Z,2014-12-27T00:00:00Z,319.00799999999998,331.42399999999998,316.62700000000001,328.517,10315642.9166667,4416054930.7750101,2014-12-26,2014-12-27,False,False
2014-12-27T00:00:00Z,2014-12-28T00:00:00Z,327.92399999999998,328.911,312.63,315.63099999999997,17757634.843205601,4350800441.2652998,2014-12-27,2014-12-28,False,False
2014-12-28T00:00:00Z,2014-12-29T00:00:00Z,315.863,320.02800000000002,311.07799999999997,317.50599999999997,13520211.4583333,4315621642.0481997,2014-12-28,2014-12-29,False,False
2014-12-29T00:00:00Z,2014-12-30T00:00:00Z,317.23899999999998,320.267,312.30700000000002,312.30700000000002,11507308.680555601,4312459651.0426397,2014-12-29,2014-12-30,False,False
2014-12-30T00:00:00Z,2014-12-31T00:00:00Z,312.67000000000002,314.80900000000003,309.37299999999999,310.61000000000001,11824949.128919899,4269906181.1100898,2014-12-30,2014-12-31,False,False
2014-12-31T00:00:00Z,2015-01-01T00:00:00Z,310.73700000000002,319.983,310.21100000000001,319.983,12319124.6527778,4284190136.1185999,2014-12-31,2015-01-01,False,False
2015-01-01T00:00:00Z,2015-01-02T00:00:00Z,320.19299999999998,320.435,314.00299999999999,314.13600000000002,13059799.4097222,4322902378.7594004,2015-01-01,2015-01-02,False,False
2015-01-02T00:00:00Z,2015-01-03T00:00:00Z,314.24900000000002,315.839,313.565,315.20699999999999,7154870.3819444403,4302091903.0589895,2015-01-02,2015-01-03,False,False
2015-01-03T00:00:00Z,2015-01-04T00:00:00Z,315.03199999999998,315.14999999999998,284.23399999999998,284.23399999999998,16127051.9163763,4156089449.88695,2015-01-03,2015-01-04,False,False
2015-01-04T00:00:00Z,2015-01-05T00:00:00Z,281.08199999999999,287.23000000000002,257.61200000000002,264.20100000000002,50044486.458333299,3764461562.5879202,2015-01-04,2015-01-05,False,False
2015-01-05T00:00:00Z,2015-01-06T00:00:00Z,264.19499999999999,278.34100000000001,264.19499999999999,274.56999999999999,49619788.888888903,3740067881.3323898,2015-01-05,2015-01-06,False,False
2015-01-06T00:00:00Z,2015-01-07T00:00:00Z,274.47399999999999,287.553,272.69600000000003,285.83499999999998,29156465.853658501,3790903300.96032,2015-01-06,2015-01-07,False,False
2015-01-07T00:00:00Z,2015-01-08T00:00:00Z,286.18900000000002,298.75400000000002,283.07900000000001,293.90899999999999,24491203.472222202,3940542175.3901601,2015-01-07,2015-01-08,False,False
2015-01-08T00:00:00Z,2015-01-09T00:00:00Z,294.33699999999999,294.33699999999999,282.17500000000001,283.5,22995271.875,3950542204.8754802,2015-01-08,2015-01-09,False,False
2015-01-09T00:00:00Z,2015-01-10T00:00:00Z,283.34899999999999,291.11399999999998,280.53300000000002,290.40800000000002,19266206.5989848,3879409276.0949202,2015-01-09,2015-01-10,False,False
2015-01-10T00:00:00Z,2015-01-11T00:00:00Z,287.303,288.12700000000001,273.96600000000001,274.697,19179360.948905099,3788617935.1407599,2015-01-10,2015-01-11,False,False
2015-01-11T00:00:00Z,2015-01-12T00:00:00Z,274.79599999999999,279.63799999999998,265.03899999999999,267.88,14941563.5416667,3744726129.6143899,2015-01-11,2015-01-12,False,False
2015-01-12T00:00:00Z,2015-01-13T00:00:00Z,265.66000000000003,272.20299999999997,265.19999999999999,267.94,19900580.555555601,3700869207.0949101,2015-01-12,2015-01-13,False,False
2015-01-13T00:00:00Z,2015-01-14T00:00:00Z,267.79599999999999,268.27699999999999,219.90600000000001,222.97300000000001,46667544.097222202,3285524907.2476001,2015-01-13,2015-01-14,False,False
2015-01-14T00:00:00Z,2015-01-15T00:00:00Z,225.86099999999999,225.86099999999999,171.50999999999999,178.79499999999999,83898494.773519203,2690696718.5836802,2015-01-14,2015-01-15,False,False
2015-01-15T00:00:00Z,2015-01-16T00:00:00Z,178.10300000000001,229.06700000000001,176.89699999999999,210.482,98351723.611111104,2809545036.0152202,2015-01-15,2015-01-16,False,False
2015-01-16T00:00:00Z,2015-01-17T00:00:00Z,209.84399999999999,221.59100000000001,199.77099999999999,207.83199999999999,59276175.347222202,2894865279.0682201,2015-01-16,2015-01-17,False,False
2015-01-17T00:00:00Z,2015-01-18T00:00:00Z,208.09700000000001,211.73099999999999,194.875,199.279,31657332.752613202,2754969723.0868902,2015-01-17,2015-01-18,False,False
2015-01-18T00:00:00Z,2015-01-19T00:00:00Z,199.25999999999999,218.69499999999999,194.506,210.59100000000001,25334091.666666701,2840657479.6449599,2015-01-18,2015-01-19,False,False
2015-01-19T00:00:00Z,2015-01-20T00:00:00Z,210.339,216.72800000000001,207.31800000000001,214.761,24348881.944444399,2924412496.1343298,2015-01-19,2015-01-20,False,False
2015-01-20T00:00:00Z,2015-01-21T00:00:00Z,214.86099999999999,215.24100000000001,205.15299999999999,211.25800000000001,21699269.444444399,2871173536.74369,2015-01-20,2015-01-21,False,False
2015-01-21T00:00:00Z,2015-01-22T00:00:00Z,211.315,227.78800000000001,211.21199999999999,226.87799999999999,20850395.1219512,2953786368.7241902,2015-01-21,2015-01-22,False,False
2015-01-22T00:00:00Z,2015-01-23T00:00:00Z,226.89699999999999,237.01900000000001,226.434,232.83199999999999,40287801.736111097,3198342836.90274,2015-01-22,2015-01-23,False,False
2015-01-23T00:00:00Z,2015-01-24T00:00:00Z,233.40600000000001,234.845,225.196,232.90899999999999,25792802.430555601,3161637648.2435999,2015-01-23,2015-01-24,False,False
2015-01-24T00:00:00Z,2015-01-25T00:00:00Z,232.87899999999999,248.21000000000001,230.02199999999999,247.864,21773208.013937298,3263833383.0718098,2015-01-24,2015-01-25,False,False
2015-01-25T00:00:00Z,2015-01-26T00:00:00Z,247.84700000000001,255.07400000000001,243.88999999999999,253.477,31492829.513888899,3410510931.08354,2015-01-25,2015-01-26,False,False
2015-01-26T00:00:00Z,2015-01-27T00:00:00Z,253.71799999999999,309.38400000000001,253.71799999999999,273.38799999999998,80132512.847222194,3900356479.4344201,2015-01-26,2015-01-27,False,False
2015-01-27T00:00:00Z,2015-01-28T00:00:00Z,273.47300000000001,275.48000000000002,250.65299999999999,263.91800000000001,70461913.888888896,3587750171.1121302,2015-01-27,2015-01-28,False,False
2015-01-28T00:00:00Z,2015-01-29T00:00:00Z,263.47500000000002,266.53500000000003,227.04599999999999,233.65100000000001,34175668.292682901,3481142863.1564698,2015-01-28,2015-01-29,False,False
2015-01-29T00:00:00Z,2015-01-30T00:00:00Z,233.91499999999999,238.70599999999999,220.71199999999999,233.52099999999999,42532605.902777798,3186958130.9956999,2015-01-29,2015-01-30,False,False
2015-01-30T00:00:00Z,2015-01-31T00:00:00Z,233.51300000000001,242.851,225.839,225.839,30103906.25,3190990551.6244898,2015-01-30,2015-01-31,False,False
2015-01-31T00:00:00Z,2015-02-01T00:00:00Z,226.42500000000001,233.50399999999999,216.309,217.80000000000001,23533107.017543901,3140957292.3373599,2015-01-31,2015-02-01,False,False
2015-02-01T00:00:00Z,2015-02-02T00:00:00Z,217.464,231.57400000000001,212.01499999999999,226.99799999999999,26177301.388888899,3003562811.9001999,2015-02-01,2015-02-02,False,False
2015-02-02T00:00:00Z,2015-02-03T00:00:00Z,226.97200000000001,242.17500000000001,222.65899999999999,238.46899999999999,29859298.263888899,3122146130.3068199,2015-02-02,2015-02-03,False,False
2015-02-03T00:00:00Z,2015-02-04T00:00:00Z,238.22900000000001,245.95699999999999,224.483,227.12899999999999,38142432.986111097,3256028518.5353599,2015-02-03,2015-02-04,False,False
2015-02-04T00:00:00Z,2015-02-05T00:00:00Z,227.268,230.05799999999999,221.113,226.14699999999999,32906926.923076902,3114947808.2218199,2015-02-04,2015-02-05,False,False
2015-02-05T00:00:00Z,2015-02-06T00:00:00Z,226.85300000000001,239.405,214.72499999999999,216.96899999999999,24377348.263888899,3089400040.9650202,2015-02-05,2015-02-06,False,False
2015-02-06T00:00:00Z,2015-02-07T00:00:00Z,217.11099999999999,230.50999999999999,216.232,222.23599999999999,25214846.341463398,3046082848.9789801,2015-02-06,2015-02-07,False,False
2015-02-07T00:00:00Z,2015-02-08T00:00:00Z,222.26599999999999,230.29900000000001,222.26599999999999,227.72,22751003.135888498,3126088565.0778499,2015-02-07,2015-02-08,False,False
2015-02-08T00:00:00Z,2015-02-09T00:00:00Z,227.75399999999999,229.43799999999999,221.077,223.30000000000001,19479428.472222202,3107583892.3404398,2015-02-08,2015-02-09,False,False
2015-02-09T00:00:00Z,2015-02-10T00:00:00Z,223.41200000000001,223.977,217.01900000000001,219.83799999999999,21018298.257839698,3054340640.2821298,2015-02-09,2015-02-10,False,False
2015-02-10T00:00:00Z,2015-02-11T00:00:00Z,220.11000000000001,221.80699999999999,215.33199999999999,220.053,24379975.694444399,3020713042.9552202,2015-02-10,2015-02-11,False,False
2015-02-11T00:00:00Z,2015-02-12T00:00:00Z,219.732,223.40600000000001,218.07400000000001,219.00399999999999,20429250.871080101,3051893763.7266502,2015-02-11,2015-02-12,False,False
2015-02-12T00:00:00Z,2015-02-13T00:00:00Z,219.185,222.19900000000001,217.614,221.60900000000001,15482650,3038015092.5743098,2015-02-12,2015-02-13,False,False
2015-02-13T00:00:00Z,2015-02-14T00:00:00Z,221.76400000000001,240.25899999999999,221.262,235.488,29902353.819444399,3208498043.7731299,2015-02-13,2015-02-14,False,False
2015-02-14T00:00:00Z,2015-02-15T00:00:00Z,235.42699999999999,259.80799999999999,235.42699999999999,257.74700000000001,42832044.405594401,3404528656.1545801,2015-02-14,2015-02-15,False,False
2015-02-15T00:00:00Z,2015-02-16T00:00:00Z,257.32100000000003,265.61099999999999,227.684,233.70400000000001,53506791.2891986,3463475257.0645299,2015-02-15,2015-02-16,False,False
2015-02-16T00:00:00Z,2015-02-17T00:00:00Z,234.82499999999999,239.52099999999999,229.02199999999999,233.71000000000001,46726012.5,3245383343.93185,2015-02-16,2015-02-17,False,False
2015-02-17T00:00:00Z,2015-02-18T00:00:00Z,233.84299999999999,245.77500000000001,232.31399999999999,243.452,25185610.801393699,3298455694.4235201,2015-02-17,2015-02-18,False,False
2015-02-18T00:00:00Z,2015-02-19T00:00:00Z,243.61000000000001,244.251,232.34,236.21600000000001,26480426.736111101,3321469201.5245199,2015-02-18,2015-02-19,False,False
2015-02-19T00:00:00Z,2015-02-20T00:00:00Z,236.32599999999999,242.672,235.59200000000001,240.70099999999999,21984973.958333299,3298162603.4433098,2015-02-19,2015-02-20,False,False
2015-02-20T00:00:00Z,2015-02-21T00:00:00Z,240.28299999999999,247.101,239.29900000000001,244.077,23921576.388888899,3368277360.6740999,2015-02-20,2015-02-21,False,False
2015-02-21T00:00:00Z,2015-02-22T00:00:00Z,243.779,255.31999999999999,243.184,244.376,17709515.140845101,3393934145.1746302,2015-02-21,2015-02-22,False,False
2015-02-22T00:00:00Z,2015-02-23T00:00:00Z,244.53399999999999,246.392,233.851,236.14500000000001,13857649.305555601,3348417840.9373498,2015-02-22,2015-02-23,False,False
2015-02-23T00:00:00Z,2015-02-24T00:00:00Z,235.977,240.10900000000001,232.42099999999999,238.702,17710039.583333299,3276518999.97086,2015-02-23,2015-02-24,False,False
2015-02-24T00:00:00Z,2015-02-25T00:00:00Z,238.892,239.90100000000001,236.40199999999999,238.78999999999999,16175405.923344901,3307160808.0343499,2015-02-24,2015-02-25,False,False
2015-02-25T00:00:00Z,2015-02-26T00:00:00Z,238.73500000000001,239.34,235.53,237.38,13415927.0833333,3300354799.6002898,2015-02-25,2015-02-26,False,False
2015-02-26T00:00:00Z,2015-02-27T00:00:00Z,237.47,237.71000000000001,234.25700000000001,236.55799999999999,13091257.986111101,3281945192.5492301,2015-02-26,2015-02-27,False,False
2015-02-27T00:00:00Z,2015-02-28T00:00:00Z,236.42599999999999,256.65300000000002,236.42599999999999,253.828,30844405.9479554,3468357831.1645699,2015-02-27,2015-02-28,False,False
2015-02-28T00:00:00Z,2015-03-01T00:00:00Z,253.52000000000001,254.69200000000001,249.47900000000001,254.274,25485243.262411401,3504279975.8757701,2015-02-28,2015-03-01,False,False
2015-03-01T00:00:00Z,2015-03-02T00:00:00Z,254.26300000000001,261.66000000000003,245.93299999999999,260.37099999999998,13746793.75,3496305652.18362,2015-03-01,2015-03-02,False,False
2015-03-02T00:00:00Z,2015-03-03T00:00:00Z,260.202,276.30099999999999,258.31299999999999,275.59800000000001,32971381.944444399,3650683203.83851,2015-03-02,2015-03-03,False,False
2015-03-03T00:00:00Z,2015-03-04T00:00:00Z,275.67000000000002,285.79599999999999,268.161,281.702,44364694.690265499,3809944816.9103999,2015-03-03,2015-03-04,False,False
2015-03-04T00:00:00Z,2015-03-05T00:00:00Z,281.99000000000001,284.22500000000002,268.12599999999998,273.45699999999999,45789361.6487455,3885585958.5214801,2015-03-04,2015-03-05,False,False
2015-03-05T00:00:00Z,2015-03-06T00:00:00Z,273.09199999999998,281.66699999999997,264.76900000000001,275.96800000000002,40100308.680555597,3764445004.4478402,2015-03-05,2015-03-06,False,False
2015-03-06T00:00:00Z,2015-03-07T00:00:00Z,276.178,277.608,270.01499999999999,272.60000000000002,38645388.888888903,3792884207.9925799,2015-03-06,2015-03-07,False,False
2015-03-07T00:00:00Z,2015-03-08T00:00:00Z,272.72300000000001,277.85399999999998,270.13299999999998,276.18000000000001,22026182.867132898,3796753543.7698398,2015-03-07,2015-03-08,False,False
2015-03-08T00:00:00Z,2015-03-09T00:00:00Z,276.26100000000002,277.858,272.565,274.38299999999998,19532804.861111101,3831230014.1091199,2015-03-08,2015-03-09,False,False
2015-03-09T00:00:00Z,2015-03-10T00:00:00Z,274.35399999999998,292.70100000000002,273.89299999999997,289.86099999999999,34566001.398601398,3930858676.0580201,2015-03-09,2015-03-10,False,False
2015-03-10T00:00:00Z,2015-03-11T00:00:00Z,289.60700000000003,300.04399999999998,289.60700000000003,291.69600000000003,69603594.405594394,4094007956.8243899,2015-03-10,2015-03-11,False,False
2015-03-11T00:00:00Z,2015-03-12T00:00:00Z,291.75999999999999,297.39100000000002,290.50799999999998,296.46800000000002,50939541.114982598,4090887984.2010002,2015-03-11,2015-03-12,False,False
2015-03-12T00:00:00Z,2015-03-13T00:00:00Z,296.37900000000002,297.08800000000002,292.41300000000001,294.72699999999998,33172506.25,4099160728.9098601,2015-03-12,2015-03-13,False,False
2015-03-13T00:00:00Z,2015-03-14T00:00:00Z,294.35399999999998,294.49799999999999,286.52600000000001,286.52600000000001,30383695.818815298,4052982444.6711998,2015-03-13,2015-03-14,False,False
2015-03-14T00:00:00Z,2015-03-15T00:00:00Z,285.33699999999999,286.34199999999998,280.976,282.24000000000001,29209395.454545502,3940569170.48103,2015-03-14,2015-03-15,False,False
2015-03-15T00:00:00Z,2015-03-16T00:00:00Z,281.88499999999999,286.529,280.99599999999998,285.60700000000003,14843439.930555601,3956577508.4333401,2015-03-15,2015-03-16,False,False
2015-03-16T00:00:00Z,2015-03-17T00:00:00Z,286.39299999999997,294.11200000000002,285.685,290.524,18391076.736111101,4050604087.2707701,2015-03-16,2015-03-17,False,False
2015-03-17T00:00:00Z,2015-03-18T00:00:00Z,290.59300000000002,292.36500000000001,284.37400000000002,285.46499999999997,19390672.916666701,4037272316.0155301,2015-03-17,2015-03-18,False,False
2015-03-18T00:00:00Z,2015-03-19T00:00:00Z,285.505,285.505,249.87,256.64999999999998,33585634.4947735,3818495508.09692,2015-03-18,2015-03-19,False,False
2015-03-19T00:00:00Z,2015-03-20T00:00:00Z,256.29899999999998,264.24400000000003,248.636,260.74099999999999,62116360.975609802,3590837682.5889001,2015-03-19,2015-03-20,False,False
2015-03-20T00:00:00Z,2015-03-21T00:00:00Z,260.928,264.84800000000001,259.16199999999998,261.82900000000001,36421799.651567899,3649280537.12957,2015-03-20,2015-03-21,False,False
2015-03-21T00:00:00Z,2015-03-22T00:00:00Z,261.74900000000002,262.19600000000003,255.65000000000001,260.01799999999997,17798787.062937099,3626064752.44941,2015-03-21,2015-03-22,False,False
2015-03-22T00:00:00Z,2015-03-23T00:00:00Z,260.02499999999998,269.74700000000001,259.58999999999997,267.96899999999999,14600921.180555601,3656061084.5615001,2015-03-22,2015-03-23,False,False
2015-03-23T00:00:00Z,2015-03-24T00:00:00Z,267.95999999999998,277.29700000000003,261.745,266.68200000000002,21315790.625,3737938209.0212598,2015-03-23,2015-03-24,False,False
2015-03-24T00:00:00Z,2015-03-25T00:00:00Z,266.74000000000001,267.00299999999999,244.155,245.05500000000001,29283736.111111101,3581788537.5063,2015-03-24,2015-03-25,False,False
2015-03-25T00:00:00Z,2015-03-26T00:00:00Z,245.595,249.19,236.51499999999999,246.08099999999999,42491392.682926796,3452905572.27211,2015-03-25,2015-03-26,False,False
2015-03-26T00:00:00Z,2015-03-27T00:00:00Z,246.197,254.35400000000001,244.905,248.482,28722047.916666701,3489332995.7914701,2015-03-26,2015-03-27,False,False
2015-03-27T00:00:00Z,2015-03-28T00:00:00Z,248.53200000000001,256.81099999999998,245.21299999999999,247.066,23357474.305555601,3469568008.5971699,2015-03-27,2015-03-28,False,False
2015-03-28T00:00:00Z,2015-03-29T00:00:00Z,247.029,254.20500000000001,246.97499999999999,252.88999999999999,16767115.087719301,3520293108.2031798,2015-03-28,2015-03-29,False,False
2015-03-29T00:00:00Z,2015-03-30T00:00:00Z,252.798,253.13900000000001,240.84999999999999,242.637,17790287.588652499,3442820923.0150199,2015-03-29,2015-03-30,False,False
2015-03-30T00:00:00Z,2015-03-31T00:00:00Z,242.71299999999999,249.24199999999999,239.214,247.65700000000001,22727267.910447799,3443189915.23382,2015-03-30,2015-03-31,False,False
2015-03-31T00:00:00Z,2015-04-01T00:00:00Z,247.52600000000001,248.72999999999999,242.739,244.13999999999999,21904602.1052632,3438435977.0408802,2015-03-31,2015-04-01,False,False
2015-04-01T00:00:00Z,2015-04-02T00:00:00Z,244.22399999999999,247.541,241.16,247.28899999999999,21983263.75,3418916254.94344,2015-04-01,2015-04-02,False,False
2015-04-02T00:00:00Z,2015-04-03T00:00:00Z,247.27199999999999,254.46100000000001,245.416,253.024,23836645.454545502,3480979025.2076402,2015-04-02,2015-04-03,False,False
2015-04-03T00:00:00Z,2015-04-04T00:00:00Z,253.005,256.04300000000001,251.87899999999999,254.321,26836771.328671299,3557383600.3169498,2015-04-03,2015-04-04,False,False
2015-04-04T00:00:00Z,2015-04-05T00:00:00Z,254.322,255.25800000000001,251.09999999999999,253.83000000000001,17892766.202090599,3546665731.0138998,2015-04-04,2015-04-05,False,False
2015-04-05T00:00:00Z,2015-04-06T00:00:00Z,253.697,260.67500000000001,251.94200000000001,260.45100000000002,13221818.641115,3580323626.6189098,2015-04-05,2015-04-06,False,False
2015-04-06T00:00:00Z,2015-04-07T00:00:00Z,260.59800000000001,261.798,254.57499999999999,255.52699999999999,21282867.361111101,3620470539.2640901,2015-04-06,2015-04-07,False,False
2015-04-07T00:00:00Z,2015-04-08T00:00:00Z,255.49199999999999,255.80500000000001,252.20500000000001,253.45099999999999,20464069.097222202,3557357646.1307502,2015-04-07,2015-04-08,False,False
2015-04-08T00:00:00Z,2015-04-09T00:00:00Z,253.18000000000001,253.84700000000001,244.215,245.084,22124065.371024702,3491946680.9972501,2015-04-08,2015-04-09,False,False
2015-04-09T00:00:00Z,2015-04-10T00:00:00Z,245.02199999999999,246.11799999999999,239.40000000000001,243.744,27322916.319444399,3418385181.6465602,2015-04-09,2015-04-10,False,False
2015-04-10T00:00:00Z,2015-04-11T00:00:00Z,243.67599999999999,243.69399999999999,232.77099999999999,235.881,23803851.041666701,3343933989.8997202,2015-04-10,2015-04-11,False,False
2015-04-11T00:00:00Z,2015-04-12T00:00:00Z,236.072,239.53700000000001,234.17500000000001,236.637,24275550.5226481,3314683550.4047098,2015-04-11,2015-04-12,False,False
2015-04-12T00:00:00Z,2015-04-13T00:00:00Z,236.55199999999999,237.72800000000001,233.495,236.071,14498120.486111101,3318301314.9537902,2015-04-12,2015-04-13,False,False
2015-04-13T00:00:00Z,2015-04-14T00:00:00Z,236.15299999999999,236.935,221.99600000000001,224.81,15095382.2916667,3267035586.5969901,2015-04-13,2015-04-14,False,False
2015-04-14T00:00:00Z,2015-04-15T00:00:00Z,224.58699999999999,224.976,216.32300000000001,219.16300000000001,36191389.824561402,3102041591.2627501,2015-04-14,2015-04-15,False,False
2015-04-15T00:00:00Z,2015-04-16T00:00:00Z,219.15899999999999,223.65600000000001,218.649,223.65600000000001,28400835.055350602,3109360719.0829401,2015-04-15,2015-04-16,False,False
2015-04-16T00:00:00Z,2015-04-17T00:00:00Z,223.833,229.672,223.833,228.61500000000001,24491935.3146853,3192533632.6301498,2015-04-16,2015-04-17,False,False
2015-04-17T00:00:00Z,2015-04-18T00:00:00Z,228.57300000000001,228.90600000000001,221.94200000000001,222.95099999999999,21363387.108013902,3159164367.84342,2015-04-17,2015-04-18,False,False
2015-04-18T00:00:00Z,2015-04-19T00:00:00Z,222.88200000000001,224.316,220.876,223.417,16619705.6338028,3136079418.7931299,2015-04-18,2015-04-19,False,False
2015-04-19T00:00:00Z,2015-04-20T00:00:00Z,223.35599999999999,226.35300000000001,222.37299999999999,222.60400000000001,13467615.547703199,3160343223.0044198,2015-04-19,2015-04-20,False,False
2015-04-20T00:00:00Z,2015-04-21T00:00:00Z,222.59999999999999,226.351,221.977,224.64500000000001,16828246.126760598,3156487876.9077301,2015-04-20,2015-04-21,False,False
2015-04-21T00:00:00Z,2015-04-22T00:00:00Z,224.626,235.12200000000001,224.30099999999999,234.46199999999999,18483512.237762202,3187031022.1593399,2015-04-21,2015-04-22,False,False
2015-04-22T00:00:00Z,2015-04-23T00:00:00Z,235.26900000000001,237.90899999999999,233.476,233.881,27896409.7560976,3320014765.5886002,2015-04-22,2015-04-23,False,False
2015-04-23T00:00:00Z,2015-04-24T00:00:00Z,234.17599999999999,236.47499999999999,233.19900000000001,236.47499999999999,19920133.566433601,3305168101.3094802,2015-04-23,2015-04-24,False,False
2015-04-24T00:00:00Z,2015-04-25T00:00:00Z,236.46199999999999,236.46199999999999,229.93299999999999,231.215,21248075.694444399,3261083575.18084,2015-04-24,2015-04-25,False,False
2015-04-25T00:00:00Z,2015-04-26T00:00:00Z,231.268,232.56100000000001,226.33699999999999,226.483,16704080.0995025,3226842341.8385701,2015-04-25,2015-04-26,False,False
2015-04-26T00:00:00Z,2015-04-27T00:00:00Z,226.38999999999999,226.94399999999999,214.874,219.39099999999999,22278758.1881533,3088753092.72188,2015-04-26,2015-04-27,False,False
2015-04-27T00:00:00Z,2015-04-28T00:00:00Z,219.43000000000001,233.30500000000001,218.023,229.21899999999999,25575364.583333299,3123378556.6101799,2015-04-27,2015-04-28,False,False
2015-04-28T00:00:00Z,2015-04-29T00:00:00Z,229.286,229.495,223.06899999999999,225.749,35962736.140350901,3182019756.6887798,2015-04-28,2015-04-29,False,False
2015-04-29T00:00:00Z,2015-04-30T00:00:00Z,225.85499999999999,227.03999999999999,223.43000000000001,226.00200000000001,19555204.7101449,3171952246.1858501,2015-04-29,2015-04-30,False,False
2015-04-30T00:00:00Z,2015-05-01T00:00:00Z,225.80799999999999,239.56299999999999,224.99299999999999,235.99700000000001,25522612.982456099,3266974381.5313802,2015-04-30,2015-05-01,False,False
2015-05-01T00:00:00Z,2015-05-02T00:00:00Z,236.14500000000001,238.96600000000001,232.155,232.155,27798349.4773519,3316856335.8990402,2015-05-01,2015-05-02,False,False
2015-05-02T00:00:00Z,2015-05-03T00:00:00Z,232.07900000000001,235.727,232.07900000000001,235.02699999999999,16459297.5438597,3313635437.59653,2015-05-02,2015-05-03,False,False
2015-05-03T00:00:00Z,2015-05-04T00:00:00Z,234.93000000000001,243.24000000000001,234.083,240.376,15230510.4529617,3380089782.2079501,2015-05-03,2015-05-04,False,False
2015-05-04T00:00:00Z,2015-05-05T00:00:00Z,240.358,242.63800000000001,237.81,239.00399999999999,18155844.912280701,3390018829.0608301,2015-05-04,2015-05-05,False,False
2015-05-05T00:00:00Z,2015-05-06T00:00:00Z,239.018,239.20400000000001,232.054,236.12100000000001,24112546.545454498,3324733955.2390699,2015-05-05,2015-05-06,False,False
2015-05-06T00:00:00Z,2015-05-07T00:00:00Z,236.249,236.45400000000001,229.23099999999999,229.43899999999999,20314082.733812999,3316756498.4333601,2015-05-06,2015-05-07,False,False
2015-05-07T00:00:00Z,2015-05-08T00:00:00Z,229.78200000000001,239.10499999999999,228.57300000000001,237.13499999999999,32251069.444444399,3281892838.22578,2015-05-07,2015-05-08,False,False
2015-05-08T00:00:00Z,2015-05-09T00:00:00Z,237.334,246.27500000000001,236.274,243.94,28396472.916666701,3390403535.3221102,2015-05-08,2015-05-09,False,False
2015-05-09T00:00:00Z,2015-05-10T00:00:00Z,243.863,247.804,239.63900000000001,242.02199999999999,27321360.763888899,3429250135.2118001,2015-05-09,2015-05-10,False,False
2015-05-10T00:00:00Z,2015-05-11T00:00:00Z,241.83199999999999,244.06800000000001,238.84899999999999,240.49100000000001,16237837.062937099,3411267769.59307,2015-05-10,2015-05-11,False,False
2015-05-11T00:00:00Z,2015-05-12T00:00:00Z,240.29599999999999,244.27000000000001,239.376,241.94900000000001,16872073.263888899,3414261408.0160098,2015-05-11,2015-05-12,False,False
2015-05-12T00:00:00Z,2015-05-13T00:00:00Z,242.15799999999999,242.881,240.09899999999999,241.494,21330665.156794399,3417333592.8471899,2015-05-12,2015-05-13,False,False
2015-05-13T00:00:00Z,2015-05-14T00:00:00Z,241.11199999999999,243.70400000000001,235.04499999999999,236.52500000000001,18771225.435540099,3430691258.73208,2015-05-13,2015-05-14,False,False
2015-05-14T00:00:00Z,2015-05-15T00:00:00Z,236.37700000000001,237.79900000000001,234.05699999999999,236.886,27504704.166666701,3346507068.8656802,2015-05-14,2015-05-15,False,False
2015-05-15T00:00:00Z,2015-05-16T00:00:00Z,236.929,238.75299999999999,236.79499999999999,237.589,21586096.527777798,3362855028.9640198,2015-05-15,2015-05-16,False,False
2015-05-16T00:00:00Z,2015-05-17T00:00:00Z,237.60499999999999,237.697,235.29499999999999,236.185,14323140.9722222,3353516477.24509,2015-05-16,2015-05-17,False,False
2015-05-17T00:00:00Z,2015-05-18T00:00:00Z,236.15299999999999,238.02500000000001,236.00999999999999,236.79599999999999,10473493.101045299,3353253534.07516,2015-05-17,2015-05-18,False,False
2015-05-18T00:00:00Z,2015-05-19T00:00:00Z,236.80199999999999,237.21000000000001,232.46000000000001,232.97999999999999,12964179.3706294,3347421350.83009,2015-05-18,2015-05-19,False,False
2015-05-19T00:00:00Z,2015-05-20T00:00:00Z,233.12799999999999,234.15100000000001,231.81700000000001,231.93600000000001,16989196.5156794,3301694442.12995,2015-05-19,2015-05-20,False,False
2015-05-20T00:00:00Z,2015-05-21T00:00:00Z,231.947,234.68299999999999,231.84200000000001,233.959,14876891.637630699,3306486817.5339198,2015-05-20,2015-05-21,False,False
2015-05-21T00:00:00Z,2015-05-22T00:00:00Z,234.018,236.24199999999999,233.83500000000001,235.34899999999999,15627859.375,3333907308.4380298,2015-05-21,2015-05-22,False,False
2015-05-22T00:00:00Z,2015-05-23T00:00:00Z,235.34399999999999,240.96899999999999,235.06,240.46299999999999,18697210.069444399,3365380253.4915199,2015-05-22,2015-05-23,False,False
2015-05-23T00:00:00Z,2015-05-24T00:00:00Z,240.34800000000001,241.02500000000001,238.691,238.916,23306749.4773519,3406611169.5265498,2015-05-23,2015-05-24,False,False
2015-05-24T00:00:00Z,2015-05-25T00:00:00Z,238.87200000000001,241.97800000000001,238.81100000000001,240.94999999999999,12417004.5454545,3409046170.04884,2015-05-24,2015-05-25,False,False
2015-05-25T00:00:00Z,2015-05-26T00:00:00Z,240.953,241.02099999999999,236.637,237.096,13187185.6643357,3387781554.2983298,2015-05-25,2015-05-26,False,False
2015-05-26T00:00:00Z,2015-05-27T00:00:00Z,237.11000000000001,238.24199999999999,235.69200000000001,237.249,14999795.406360401,3371851481.1219702,2015-05-26,2015-05-27,False,False
2015-05-27T00:00:00Z,2015-05-28T00:00:00Z,237.11600000000001,238.636,236.69499999999999,237.27699999999999,17261091.459074698,3373386182.0343499,2015-05-27,2015-05-28,False,False
2015-05-28T00:00:00Z,2015-05-29T00:00:00Z,237.28299999999999,237.82400000000001,236.65199999999999,237.39699999999999,16616650.5791506,3372598531.5711098,2015-05-28,2015-05-29,False,False
2015-05-29T00:00:00Z,2015-05-30T00:00:00Z,237.40799999999999,237.52199999999999,235.73099999999999,237.11500000000001,14946369.444444399,3366297189.3875999,2015-05-29,2015-05-30,False,False
2015-05-30T00:00:00Z,2015-05-31T00:00:00Z,237.096,237.096,232.04599999999999,233.495,14234332.6315789,3329542968.7070498,2015-05-30,2015-05-31,False,False
2015-05-31T00:00:00Z,2015-06-01T00:00:00Z,233.345,233.345,229.542,229.96799999999999,12913179.442508699,3300288851.3365002,2015-05-31,2015-06-01,False,False
2015-06-01T00:00:00Z,2015-06-02T00:00:00Z,230.19,231.71299999999999,221.29599999999999,222.92599999999999,19407985.964912299,3232509033.7663102,2015-06-01,2015-06-02,False,False
2015-06-02T00:00:00Z,2015-06-03T00:00:00Z,222.89400000000001,226.416,222.41900000000001,225.827,24994365.090909101,3191267944.79146,2015-06-02,2015-06-03,False,False
2015-06-03T00:00:00Z,2015-06-04T00:00:00Z,225.803,227.404,223.93000000000001,225.80000000000001,18991333.101045299,3216312279.00458,2015-06-03,2015-06-04,False,False
2015-06-04T00:00:00Z,2015-06-05T00:00:00Z,225.874,226.58099999999999,224.054,224.273,15809486.805555601,3209573575.4188499,2015-06-04,2015-06-05,False,False
2015-06-05T00:00:00Z,2015-06-06T00:00:00Z,224.32400000000001,225.96799999999999,223.179,224.97,17000379.166666701,3196456691.5697699,2015-06-05,2015-06-06,False,False
2015-06-06T00:00:00Z,2015-06-07T00:00:00Z,224.952,225.71899999999999,224.37899999999999,225.61600000000001,14361861.5942029,3204741920.9782,2015-06-06,2015-06-07,False,False
2015-06-07T00:00:00Z,2015-06-08T00:00:00Z,225.619,226.19399999999999,222.65199999999999,223.38999999999999,11981162.717770001,3200611818.0493898,2015-06-07,2015-06-08,False,False
2015-06-08T00:00:00Z,2015-06-09T00:00:00Z,222.881,229.464,222.839,228.536,17321369.097222202,3219474991.1415801,2015-06-08,2015-06-09,False,False
2015-06-09T00:00:00Z,2015-06-10T00:00:00Z,228.489,230.95400000000001,227.929,229.10300000000001,28453549.652777798,3269821484.2683101,2015-06-09,2015-06-10,False,False
2015-06-10T00:00:00Z,2015-06-11T00:00:00Z,229.048,229.78200000000001,228.00999999999999,228.839,19940991.2891986,3263199630.3606901,2015-06-10,2015-06-11,False,False
2015-06-11T00:00:00Z,2015-06-12T00:00:00Z,228.803,230.28700000000001,228.767,229.68899999999999,15596744.444444399,3275507525.9475999,2015-06-11,2015-06-12,False,False
2015-06-12T00:00:00Z,2015-06-13T00:00:00Z,229.70500000000001,231.05699999999999,229.31299999999999,230.05699999999999,13864802.7777778,3283656983.0620198,2015-06-12,2015-06-13,False,False
2015-06-13T00:00:00Z,2015-06-14T00:00:00Z,229.982,232.65199999999999,229.21000000000001,232.297,13452911.2318841,3289654057.7044201,2015-06-13,2015-06-14,False,False
2015-06-14T00:00:00Z,2015-06-15T00:00:00Z,232.40199999999999,234.858,232.00399999999999,233.554,13403188.501742201,3330682292.3495002,2015-06-14,2015-06-15,False,False
2015-06-15T00:00:00Z,2015-06-16T00:00:00Z,233.54300000000001,237.83600000000001,233.422,236.86099999999999,15019094.0972222,3358805959.7645602,2015-06-15,2015-06-16,False,False
2015-06-16T00:00:00Z,2015-06-17T00:00:00Z,236.82300000000001,251.74199999999999,236.12200000000001,250.43100000000001,27651092.361111101,3453196841.4320002,2015-06-16,2015-06-17,False,False
2015-06-17T00:00:00Z,2015-06-18T00:00:00Z,250.89500000000001,256.85300000000001,246.476,248.922,48214697.909407698,3585136627.1407399,2015-06-17,2015-06-18,False,False
2015-06-18T00:00:00Z,2015-06-19T00:00:00Z,249.28399999999999,252.108,244.12700000000001,248.87299999999999,36441462.152777798,3556637400.4959302,2015-06-18,2015-06-19,False,False
2015-06-19T00:00:00Z,2015-06-20T00:00:00Z,249.00700000000001,250.977,243.78700000000001,244.51900000000001,25736086.111111101,3542970185.5490198,2015-06-19,2015-06-20,False,False
2015-06-20T00:00:00Z,2015-06-21T00:00:00Z,244.60599999999999,245.828,240.62700000000001,245.22999999999999,24208856.944444399,3475919163.6174502,2015-06-20,2015-06-21,False,False
2015-06-21T00:00:00Z,2015-06-22T00:00:00Z,245.21199999999999,245.22399999999999,241.88200000000001,243.946,14144761.538461501,3482479455.0344,2015-06-21,2015-06-22,False,False
2015-06-22T00:00:00Z,2015-06-23T00:00:00Z,243.94399999999999,247.917,243.779,246.99799999999999,14778768.055555601,3514063021.4356599,2015-06-22,2015-06-23,False,False
2015-06-23T00:00:00Z,2015-06-24T00:00:00Z,246.99000000000001,247.304,243.13300000000001,244.346,16167243.75,3504395505.27562,2015-06-23,2015-06-24,False,False
2015-06-24T00:00:00Z,2015-06-25T00:00:00Z,244.29599999999999,244.34100000000001,240.52500000000001,240.52500000000001,16055075.4385965,3472006017.70046,2015-06-24,2015-06-25,False,False
2015-06-25T00:00:00Z,2015-06-26T00:00:00Z,240.51499999999999,243.33199999999999,240.36500000000001,242.69399999999999,17528632.638888899,3462875882.8531299,2015-06-25,2015-06-26,False,False
2015-06-26T00:00:00Z,2015-06-27T00:00:00Z,242.79900000000001,243.749,241.553,243.59899999999999,13437526.736111101,3465127431.84266,2015-06-26,2015-06-27,False,False
2015-06-27T00:00:00Z,2015-06-28T00:00:00Z,243.59399999999999,251.339,243.11699999999999,251.083,15294772.569444399,3520253157.0190802,2015-06-27,2015-06-28,False,False
2015-06-28T00:00:00Z,2015-06-29T00:00:00Z,250.99000000000001,251.172,247.434,248.98699999999999,20161909.407665499,3572972983.8648901,2015-06-28,2015-06-29,False,False
2015-06-29T00:00:00Z,2015-06-30T00:00:00Z,249.011,257.173,248.58099999999999,257.02199999999999,22187651.736111101,3614635058.3132701,2015-06-29,2015-06-30,False,False
2015-06-30T00:00:00Z,2015-07-01T00:00:00Z,257.06400000000002,267.86700000000002,255.946,263.10700000000003,44240863.541666701,3761552833.8568101,2015-06-30,2015-07-01,False,False
2015-07-01T00:00:00Z,2015-07-02T00:00:00Z,263.072,265.17200000000003,255.774,258.65100000000001,34119346.689895503,3727003337.71385,2015-07-01,2015-07-02,False,False
2015-07-02T00:00:00Z,2015-07-03T00:00:00Z,258.62099999999998,261.63099999999997,254.11600000000001,255.499,24756127.874564499,3683844492.1048999,2015-07-02,2015-07-03,False,False
2015-07-03T00:00:00Z,2015-07-04T00:00:00Z,255.41200000000001,257.077,253.505,256.21199999999999,19815805.208333299,3663234421.1370602,2015-07-03,2015-07-04,False,False
2015-07-04T00:00:00Z,2015-07-05T00:00:00Z,256.33600000000001,261.45699999999999,254.19999999999999,260.97399999999999,16034324.390243899,3689266493.0762401,2015-07-04,2015-07-05,False,False
2015-07-05T00:00:00Z,2015-07-06T00:00:00Z,260.88600000000002,274.50599999999997,258.70100000000002,271.81799999999998,24094098.611111101,3787192746.90868,2015-07-05,2015-07-06,False,False
2015-07-06T00:00:00Z,2015-07-07T00:00:00Z,271.91300000000001,277.42200000000003,267.60000000000002,269.04500000000002,51140740.625,3891680097.5197001,2015-07-06,2015-07-07,False,False
2015-07-07T00:00:00Z,2015-07-08T00:00:00Z,269.02999999999997,271.34100000000001,264.83199999999999,266.68299999999999,41468115.972222202,3856572198.1708298,2015-07-07,2015-07-08,False,False
2015-07-08T00:00:00Z,2015-07-09T00:00:00Z,266.20699999999999,272.971,264.38600000000002,270.596,31255541.8118467,3851824306.3459601,2015-07-08,2015-07-09,False,False
2015-07-09T00:00:00Z,2015-07-10T00:00:00Z,270.78500000000003,272.33499999999998,267.08600000000001,269.45999999999998,39345489.236111097,3878060812.9401898,2015-07-09,2015-07-10,False,False
2015-07-10T00:00:00Z,2015-07-11T00:00:00Z,269.22800000000001,294.59100000000001,268.80200000000002,285.113,69429058.333333299,4033630287.5410099,2015-07-10,2015-07-11,False,False
2015-07-11T00:00:00Z,2015-07-12T00:00:00Z,284.89400000000001,298.50599999999997,283.52999999999997,293.15600000000001,74870459.930313602,4189207068.8456001,2015-07-11,2015-07-12,False,False
2015-07-12T00:00:00Z,2015-07-13T00:00:00Z,293.11500000000001,314.39400000000001,292.505,311.024,50235119.4444445,4378458027.1845503,2015-07-12,2015-07-13,False,False
2015-07-13T00:00:00Z,2015-07-14T00:00:00Z,310.86700000000002,310.94799999999998,281.01100000000002,292.30700000000002,58957635.0694445,4227688955.77033,2015-07-13,2015-07-14,False,False
2015-07-14T00:00:00Z,2015-07-15T00:00:00Z,292.05399999999997,296.14699999999999,286.63799999999998,287.75999999999999,41132833.101045303,4180188781.0216098,2015-07-14,2015-07-15,False,False
2015-07-15T00:00:00Z,2015-07-16T00:00:00Z,287.464,293.24799999999999,285.36700000000002,286.08300000000003,27318135.191637602,4189638938.3366199,2015-07-15,2015-07-16,False,False
2015-07-16T00:00:00Z,2015-07-17T00:00:00Z,285.82900000000001,291.18299999999999,275.24000000000001,278.08800000000002,39527362.5,4064526218.6244602,2015-07-16,2015-07-17,False,False
2015-07-17T00:00:00Z,2015-07-18T00:00:00Z,278.089,280.27999999999997,272.04300000000001,279.54399999999998,39498802.083333299,3988992409.2371802,2015-07-17,2015-07-18,False,False
2015-07-18T00:00:00Z,2015-07-19T00:00:00Z,279.47199999999998,282.52699999999999,274.07499999999999,274.72399999999999,25752687.062937099,3990952912.6640201,2015-07-18,2015-07-19,False,False
2015-07-19T00:00:00Z,2015-07-20T00:00:00Z,274.90100000000001,275.67000000000002,272.51299999999998,273.46899999999999,19522785.069444399,3950558368.7895298,2015-07-19,2015-07-20,False,False
2015-07-20T00:00:00Z,2015-07-21T00:00:00Z,273.61399999999998,278.39999999999998,272.95999999999998,278.39999999999998,19547404.529616699,3978464700.2037702,2015-07-20,2015-07-21,False,False
2015-07-21T00:00:00Z,2015-07-22T00:00:00Z,278.98099999999999,280.54700000000003,275.41899999999998,276.23200000000003,22669310.139860101,4012537720.9932299,2015-07-21,2015-07-22,False,False
2015-07-22T00:00:00Z,2015-07-23T00:00:00Z,275.83300000000003,277.666,274.38099999999997,277.25900000000001,21250909.407665499,3977694516.3993001,2015-07-22,2015-07-23,False,False
2015-07-23T00:00:00Z,2015-07-24T00:00:00Z,277.22199999999998,278.11099999999999,275.71600000000001,276.06,18202552.447552402,3991791205.5009599,2015-07-23,2015-07-24,False,False
2015-07-24T00:00:00Z,2015-07-25T00:00:00Z,276.04899999999998,289.25299999999999,275.25400000000002,288.404,26650097.569444399,4071289664.6834898,2015-07-24,2015-07-25,False,False
2015-07-25T00:00:00Z,2015-07-26T00:00:00Z,288.27800000000002,290.733,286.00200000000001,288.75599999999997,31245680.487804901,4155420106.6856198,2015-07-25,2015-07-26,False,False
2015-07-26T00:00:00Z,2015-07-27T00:00:00Z,288.697,293.05200000000002,287.70600000000002,292.62700000000001,17192581.597222202,4188780701.1778202,2015-07-26,2015-07-27,False,False
2015-07-27T00:00:00Z,2015-07-28T00:00:00Z,292.68599999999998,297.774,287.44999999999999,293.64699999999999,20556323.611111101,4200723770.9765501,2015-07-27,2015-07-28,False,False
2015-07-28T00:00:00Z,2015-07-29T00:00:00Z,293.62400000000002,296.649,293.423,294.411,31264447.916666701,4254411873.5973201,2015-07-28,2015-07-29,False,False
2015-07-29T00:00:00Z,2015-07-30T00:00:00Z,294.42700000000002,294.536,288.77699999999999,289.59100000000001,24167306.620209102,4203881604.6744699,2015-07-29,2015-07-30,False,False
2015-07-30T00:00:00Z,2015-07-31T00:00:00Z,289.58999999999997,290.12599999999998,286.56799999999998,287.86099999999999,23203070.486111101,4152637851.8671899,2015-07-30,2015-07-31,False,False
2015-07-31T00:00:00Z,2015-08-01T00:00:00Z,287.72199999999998,288.959,282.34399999999999,284.50099999999998,22897120.138888899,4116606531.0493398,2015-07-31,2015-08-01,False,False
2015-08-01T00:00:00Z,2015-08-02T00:00:00Z,284.64999999999998,284.93200000000002,278.11200000000002,282.01299999999998,21090244.755244799,4062571994.9273901,2015-08-01,2015-08-02,False,False
2015-08-02T00:00:00Z,2015-08-03T00:00:00Z,281.601,283.03199999999998,277.529,282.62400000000002,18426331.25,4036460307.3273301,2015-08-02,2015-08-03,False,False
2015-08-03T00:00:00Z,2015-08-04T00:00:00Z,282.61399999999998,285.471,280.233,281.63,18557775.347222202,4092340210.8331399,2015-08-03,2015-08-04,False,False
2015-08-04T00:00:00Z,2015-08-05T00:00:00Z,281.22699999999998,285.71499999999997,281.22500000000002,285.29500000000002,22038987.762237798,4108341052.96947,2015-08-04,2015-08-05,False,False
2015-08-05T00:00:00Z,2015-08-06T00:00:00Z,285.21800000000002,285.50099999999998,281.488,281.86599999999999,20323244.5993031,4087691565.8327398,2015-08-05,2015-08-06,False,False
2015-08-06T00:00:00Z,2015-08-07T00:00:00Z,281.88200000000001,281.90600000000001,278.40300000000002,278.66300000000001,19880028.819444399,4046917674.9595799,2015-08-06,2015-08-07,False,False
2015-08-07T00:00:00Z,2015-08-08T00:00:00Z,278.577,280.392,276.36599999999999,279.40600000000001,27972026.041666701,4036428105.3875599,2015-08-07,2015-08-08,False,False
2015-08-08T00:00:00Z,2015-08-09T00:00:00Z,279.58499999999998,279.928,260.70999999999998,260.76900000000001,44103200.696864098,3962053494.66679,2015-08-08,2015-08-09,False,False
2015-08-09T00:00:00Z,2015-08-10T00:00:00Z,260.99700000000001,267.00299999999999,260.46800000000002,265.024,50502850,3818054307.6670799,2015-08-09,2015-08-10,False,False
2015-08-10T00:00:00Z,2015-08-11T00:00:00Z,265.08300000000003,267.03199999999998,262.596,264.404,21354320.138888899,3840443862.60672,2015-08-10,2015-08-11,False,False
2015-08-11T00:00:00Z,2015-08-12T00:00:00Z,264.47000000000003,270.28800000000001,264.09399999999999,270.28800000000001,22344800.350877199,3846556007.7295699,2015-08-11,2015-08-12,False,False
2015-08-12T00:00:00Z,2015-08-13T00:00:00Z,270.38600000000002,270.673,265.46899999999999,266.358,26951342.508710802,3886604711.6995101,2015-08-12,2015-08-13,False,False
2015-08-13T00:00:00Z,2015-08-14T00:00:00Z,266.37599999999998,266.37599999999998,262.84100000000001,263.97800000000001,26108215.972222202,3830153869.90341,2015-08-13,2015-08-14,False,False
2015-08-14T00:00:00Z,2015-08-15T00:00:00Z,264.07999999999998,267.46600000000001,261.47800000000001,265.78100000000001,28338463.541666701,3844308927.6876001,2015-08-14,2015-08-15,False,False
2015-08-15T00:00:00Z,2015-08-16T00:00:00Z,265.68000000000001,266.66699999999997,261.29599999999999,261.495,21429918.815331001,3845288527.5662498,2015-08-15,2015-08-16,False,False
2015-08-16T00:00:00Z,2015-08-17T00:00:00Z,261.55099999999999,262.44,257.041,258.51400000000001,26085360.763888899,3769613399.2045898,2015-08-16,2015-08-17,False,False
2015-08-17T00:00:00Z,2015-08-18T00:00:00Z,258.50700000000001,260.505,257.11700000000002,257.95299999999997,24518308.333333299,3749087429.4539599,2015-08-17,2015-08-18,False,False
2015-08-18T00:00:00Z,2015-08-19T00:00:00Z,257.976,257.99299999999999,213.15799999999999,213.15799999999999,24211892.361111101,3694728189.6378698,2015-08-18,2015-08-19,False,False
2015-08-19T00:00:00Z,2015-08-20T00:00:00Z,211.07900000000001,237.40899999999999,211.07900000000001,226.72200000000001,73722867.2535211,3601004319.4306302,2015-08-19,2015-08-20,False,False
2015-08-20T00:00:00Z,2015-08-21T00:00:00Z,226.684,237.36500000000001,226.684,235.41499999999999,40165256.25,3392198609.6030698,2015-08-20,2015-08-21,False,False
2015-08-21T00:00:00Z,2015-08-22T00:00:00Z,235.34999999999999,236.43199999999999,231.72399999999999,232.75899999999999,26371207.638888899,3398106159.9754601,2015-08-21,2015-08-22,False,False
2015-08-22T00:00:00Z,2015-08-23T00:00:00Z,232.56899999999999,234.95699999999999,222.70400000000001,230.48400000000001,21269154.545454498,3344725368.4254298,2015-08-22,2015-08-23,False,False
2015-08-23T00:00:00Z,2015-08-24T00:00:00Z,230.38999999999999,232.70500000000001,225.58000000000001,228.38300000000001,22717299.652777798,3336706726.0297799,2015-08-23,2015-08-24,False,False
2015-08-24T00:00:00Z,2015-08-25T00:00:00Z,228.16900000000001,228.16900000000001,210.44300000000001,211.39400000000001,37027805.923345,3202009319.59165,2015-08-24,2015-08-25,False,False
2015-08-25T00:00:00Z,2015-08-26T00:00:00Z,210.495,226.321,199.56700000000001,221.67599999999999,66128056.597222202,3117026270.1922402,2015-08-25,2015-08-26,False,False
2015-08-26T00:00:00Z,2015-08-27T00:00:00Z,221.60900000000001,231.18299999999999,220.20400000000001,225.81700000000001,42959622.2996516,3293439069.0708799,2015-08-26,2015-08-27,False,False
2015-08-27T00:00:00Z,2015-08-28T00:00:00Z,225.83099999999999,228.643,223.684,224.55699999999999,26334148.263888899,3292432366.4854798,2015-08-27,2015-08-28,False,False
2015-08-28T00:00:00Z,2015-08-29T00:00:00Z,224.76900000000001,235.21899999999999,220.92599999999999,231.477,26266700,3316399144.4835,2015-08-28,2015-08-29,False,False
2015-08-29T00:00:00Z,2015-08-30T00:00:00Z,231.39599999999999,233.22200000000001,227.33000000000001,229.79400000000001,24601361.052631602,3351923495.15903,2015-08-29,2015-08-30,False,False
2015-08-30T00:00:00Z,2015-08-31T00:00:00Z,229.78,232.06800000000001,226.24700000000001,228.47900000000001,18486029.166666701,3331413176.1522799,2015-08-30,2015-08-31,False,False
2015-08-31T00:00:00Z,2015-09-01T00:00:00Z,228.761,231.95599999999999,225.91499999999999,230.18000000000001,19425363.888888899,3339209561.5514898,2015-08-31,2015-09-01,False,False
2015-09-01T00:00:00Z,2015-09-02T00:00:00Z,230.05600000000001,231.21600000000001,226.86000000000001,228.04599999999999,21016034.722222202,3332392081.9242401,2015-09-01,2015-09-02,False,False
2015-09-02T00:00:00Z,2015-09-03T00:00:00Z,228.12100000000001,230.577,226.47499999999999,229.22900000000001,18872423.344947699,3327063509.1700702,2015-09-02,2015-09-03,False,False
2015-09-03T00:00:00Z,2015-09-04T00:00:00Z,229.28399999999999,229.60499999999999,226.667,227.05699999999999,18287290.972222202,3319457636.9636998,2015-09-03,2015-09-04,False,False
2015-09-04T00:00:00Z,2015-09-05T00:00:00Z,227.18299999999999,230.90000000000001,227.05099999999999,230.38999999999999,19565909.027777798,3342214923.12075,2015-09-04,2015-09-05,False,False
2015-09-05T00:00:00Z,2015-09-06T00:00:00Z,230.298,236.143,229.44300000000001,235.04599999999999,17651482.517482501,3381037777.3484902,2015-09-05,2015-09-06,False,False
2015-09-06T00:00:00Z,2015-09-07T00:00:00Z,235.01900000000001,242.91200000000001,234.68100000000001,239.94499999999999,24834405.208333299,3491769005.9194198,2015-09-06,2015-09-07,False,False
2015-09-07T00:00:00Z,2015-09-08T00:00:00Z,239.84,242.10599999999999,238.72200000000001,240.09100000000001,20935074.305555601,3505577412.4749298,2015-09-07,2015-09-08,False,False
2015-09-08T00:00:00Z,2015-09-09T00:00:00Z,239.84700000000001,245.78100000000001,239.678,243.61799999999999,23490186.713286702,3547366742.1233501,2015-09-08,2015-09-09,False,False
2015-09-09T00:00:00Z,2015-09-10T00:00:00Z,243.607,244.416,237.821,238.10499999999999,23666228.321678299,3507370075.0555801,2015-09-09,2015-09-10,False,False
2015-09-10T00:00:00Z,2015-09-11T00:00:00Z,238.16800000000001,241.29300000000001,235.791,238.596,21134668.055555601,3483783754.9282398,2015-09-10,2015-09-11,False,False
2015-09-11T00:00:00Z,2015-09-12T00:00:00Z,238.477,241.16900000000001,238.32900000000001,240.16999999999999,19514997.916666701,3501850321.7452502,2015-09-11,2015-09-12,False,False
2015-09-12T00:00:00Z,2015-09-13T00:00:00Z,240.107,240.124,234.75399999999999,235.184,16538520.4225352,3478113453.5604601,2015-09-12,2015-09-13,False,False
2015-09-13T00:00:00Z,2015-09-14T00:00:00Z,235.22900000000001,235.935,229.33199999999999,230.809,16921613.888888899,3405790648.0408001,2015-09-13,2015-09-14,False,False
2015-09-14T00:00:00Z,2015-09-15T00:00:00Z,230.512,232.44,227.96100000000001,230.65600000000001,19927519.444444399,3369346120.39147,2015-09-14,2015-09-15,False,False
2015-09-15T00:00:00Z,2015-09-16T00:00:00Z,230.64400000000001,259.18200000000002,229.822,230.381,19292579.442508701,3375201202.5439701,2015-09-15,2015-09-16,False,False
2015-09-16T00:00:00Z,2015-09-17T00:00:00Z,230.304,231.215,227.40199999999999,229.06299999999999,17816091.319444399,3350993856.7070799,2015-09-16,2015-09-17,False,False
2015-09-17T00:00:00Z,2015-09-18T00:00:00Z,229.09100000000001,230.285,228.92599999999999,229.81,18529060,3355717947.3126101,2015-09-17,2015-09-18,False,False
2015-09-18T00:00:00Z,2015-09-19T00:00:00Z,233.52099999999999,234.35300000000001,232.185,233.02500000000001,21126184.976525798,3468294354.2706099,2015-09-18,2015-09-19,False,False
2015-09-19T00:00:00Z,2015-09-20T00:00:00Z,232.97499999999999,233.20500000000001,231.089,231.48699999999999,15088496.8309859,3392054056.1514201,2015-09-19,2015-09-20,False,False
2015-09-20T00:00:00Z,2015-09-21T00:00:00Z,231.49299999999999,232.36500000000001,230.91,231.15100000000001,12879303.6630037,3386392978.4766402,2015-09-20,2015-09-21,False,False
2015-09-21T00:00:00Z,2015-09-22T00:00:00Z,231.21199999999999,231.21700000000001,226.52099999999999,226.88800000000001,15932627.9166667,3347021676.0696101,2015-09-21,2015-09-22,False,False
2015-09-22T00:00:00Z,2015-09-23T00:00:00Z,227.08500000000001,232.386,225.11699999999999,230.58600000000001,22136126.041666701,3354035375.3887801,2015-09-22,2015-09-23,False,False
2015-09-23T00:00:00Z,2015-09-24T00:00:00Z,230.61799999999999,231.83500000000001,229.59100000000001,230.30000000000001,19460994.791666701,3384436831.49192,2015-09-23,2015-09-24,False,False
2015-09-24T00:00:00Z,2015-09-25T00:00:00Z,230.28299999999999,235.649,230.28299999999999,234.536,19556779.790940799,3407557063.0620799,2015-09-24,2015-09-25,False,False
2015-09-25T00:00:00Z,2015-09-26T00:00:00Z,234.529,237.42699999999999,233.684,235.208,24218559.010600701,3449317759.9422598,2015-09-25,2015-09-26,False,False
2015-09-26T00:00:00Z,2015-09-27T00:00:00Z,235.14400000000001,235.40299999999999,233.358,234.38399999999999,16023002.2140221,3433803961.7026401,2015-09-26,2015-09-27,False,False
2015-09-27T00:00:00Z,2015-09-28T00:00:00Z,234.34,234.52600000000001,232.476,232.74799999999999,12785728.9198606,3420831175.0319901,2015-09-27,2015-09-28,False,False
2015-09-28T00:00:00Z,2015-09-29T00:00:00Z,232.75700000000001,239.339,232.46700000000001,239.167,19440906.271777,3478178242.57096,2015-09-28,2015-09-29,False,False
2015-09-29T00:00:00Z,2015-09-30T00:00:00Z,239.142,239.80199999999999,235.928,236.54900000000001,22933651.388888899,3485072432.9502902,2015-09-29,2015-09-30,False,False
2015-09-30T00:00:00Z,2015-10-01T00:00:00Z,236.68700000000001,237.73400000000001,235.62899999999999,236.083,20103280.902777798,3472733364.1285901,2015-09-30,2015-10-01,False,False
2015-10-01T00:00:00Z,2015-10-02T00:00:00Z,236.06,238.44499999999999,235.61600000000001,237.55099999999999,18213744.2508711,3474166610.2711902,2015-10-01,2015-10-02,False,False
2015-10-02T00:00:00Z,2015-10-03T00:00:00Z,237.54900000000001,238.541,236.60300000000001,237.31899999999999,19380980.208333299,3481225891.7275,2015-10-02,2015-10-03,False,False
2015-10-03T00:00:00Z,2015-10-04T00:00:00Z,237.29300000000001,239.315,236.94399999999999,238.79499999999999,17689594.3859649,3495593907.0279698,2015-10-03,2015-10-04,False,False
2015-10-04T00:00:00Z,2015-10-05T00:00:00Z,238.72999999999999,238.96799999999999,237.94,238.19900000000001,12822948.0836237,3499140396.39957,2015-10-04,2015-10-05,False,False
2015-10-05T00:00:00Z,2015-10-06T00:00:00Z,238.25899999999999,240.38200000000001,237.035,240.24000000000001,15899712.1527778,3502225263.6999302,2015-10-05,2015-10-06,False,False
2015-10-06T00:00:00Z,2015-10-07T00:00:00Z,240.38300000000001,246.935,240.136,246.04400000000001,25082222.996515699,3567769843.84057,2015-10-06,2015-10-07,False,False
2015-10-07T00:00:00Z,2015-10-08T00:00:00Z,246.06299999999999,246.68100000000001,242.58500000000001,242.881,24311110.763888899,3601844703.7734499,2015-10-07,2015-10-08,False,False
2015-10-08T00:00:00Z,2015-10-09T00:00:00Z,242.96899999999999,244.251,242.179,242.40199999999999,19644720.209059201,3578798260.44419,2015-10-08,2015-10-09,False,False
2015-10-09T00:00:00Z,2015-10-10T00:00:00Z,242.304,244.22800000000001,242.12200000000001,243.952,18043592.708333299,3581397472.1575298,2015-10-09,2015-10-10,False,False
2015-10-10T00:00:00Z,2015-10-11T00:00:00Z,243.93100000000001,245.31899999999999,243.07400000000001,244.88499999999999,15788632.982456099,3588105668.0708899,2015-10-10,2015-10-11,False,False
2015-10-11T00:00:00Z,2015-10-12T00:00:00Z,244.941,247.24299999999999,244.15199999999999,247.12799999999999,12472500.348432099,3603572626.17625,2015-10-11,2015-10-12,False,False
2015-10-12T00:00:00Z,2015-10-13T00:00:00Z,247.05000000000001,247.45400000000001,245.179,245.32300000000001,17202200.347222202,3622135067.5170698,2015-10-12,2015-10-13,False,False
2015-10-13T00:00:00Z,2015-10-14T00:00:00Z,245.30799999999999,250.23599999999999,243.75700000000001,249.33199999999999,23010840.972222202,3638469290.7137399,2015-10-13,2015-10-14,False,False
2015-10-14T00:00:00Z,2015-10-15T00:00:00Z,249.50800000000001,254.27500000000001,248.90299999999999,252.077,25124056.25,3691972675.4391999,2015-10-14,2015-10-15,False,False
2015-10-15T00:00:00Z,2015-10-16T00:00:00Z,251.989,255.96199999999999,251.989,254.381,26143765.034965001,3741624053.5342498,2015-10-15,2015-10-16,False,False
2015-10-16T00:00:00Z,2015-10-17T00:00:00Z,254.31999999999999,266.13499999999999,253.92599999999999,262.60599999999999,26338864.236111101,3816867599.1749701,2015-10-16,2015-10-17,False,False
2015-10-17T00:00:00Z,2015-10-18T00:00:00Z,262.86900000000003,273.57799999999997,262.36700000000002,271.089,41431214.3859649,3954395115.1877398,2015-10-17,2015-10-18,False,False
2015-10-18T00:00:00Z,2015-10-19T00:00:00Z,270.63999999999999,271.66800000000001,260.77699999999999,261.68799999999999,31128002.4390244,3924552350.9562998,2015-10-18,2015-10-19,False,False
2015-10-19T00:00:00Z,2015-10-20T00:00:00Z,261.64299999999997,264.81999999999999,260.95100000000002,263.46800000000002,23976929.513888899,3879586602.7534199,2015-10-19,2015-10-20,False,False
2015-10-20T00:00:00Z,2015-10-21T00:00:00Z,263.43700000000001,270.83499999999998,263.22699999999998,269.46100000000001,26220981.25,3928991875.9745698,2015-10-20,2015-10-21,False,False
2015-10-21T00:00:00Z,2015-10-22T00:00:00Z,269.46300000000002,270.76999999999998,263.839,266.31999999999999,28068421.180555601,3940680209.1039901,2015-10-21,2015-10-22,False,False
2015-10-22T00:00:00Z,2015-10-23T00:00:00Z,266.27199999999999,276.50999999999999,266.13499999999999,273.87700000000001,28095536.236933801,4001193271.5924702,2015-10-22,2015-10-23,False,False
2015-10-23T00:00:00Z,2015-10-24T00:00:00Z,274.02300000000002,278.68400000000003,273.54300000000001,276.51900000000001,34092928.472222202,4064783062.8626599,2015-10-23,2015-10-24,False,False
2015-10-24T00:00:00Z,2015-10-25T00:00:00Z,276.49599999999998,281.70600000000002,276.49599999999998,281.70600000000002,25897662.056737602,4112313262.8503799,2015-10-24,2015-10-25,False,False
2015-10-25T00:00:00Z,2015-10-26T00:00:00Z,281.654,294.05900000000003,281.44499999999999,283.11700000000002,35022877.003484301,4255002023.4579,2015-10-25,2015-10-26,False,False
2015-10-26T00:00:00Z,2015-10-27T00:00:00Z,283.68000000000001,285.28800000000001,280.50999999999999,285.28800000000001,39087900.347222202,4184996198.0956202,2015-10-26,2015-10-27,False,False
2015-10-27T00:00:00Z,2015-10-28T00:00:00Z,285.30000000000001,296.21199999999999,285.00799999999998,293.74200000000002,35763302.430555597,4293461062.0102201,2015-10-27,2015-10-28,False,False
2015-10-28T00:00:00Z,2015-10-29T00:00:00Z,293.78800000000001,306.33100000000002,293.70299999999997,304.85899999999998,47863420.833333299,4436434579.2618599,2015-10-28,2015-10-29,False,False
2015-10-29T00:00:00Z,2015-10-30T00:00:00Z,304.61799999999999,318.17000000000002,301.82299999999998,313.81200000000001,53173441.114982598,4567816669.7896299,2015-10-29,2015-10-30,False,False
2015-10-30T00:00:00Z,2015-10-31T00:00:00Z,313.85500000000002,334.16899999999998,313.85500000000002,328.017,79727297.916666701,4804192342.6170301,2015-10-30,2015-10-31,False,False
2015-10-31T00:00:00Z,2015-11-01T00:00:00Z,328.01499999999999,332.77699999999999,309.25099999999998,314.036,54392383.629893199,4782176132.1329803,2015-10-31,2015-11-01,False,False
2015-11-01T00:00:00Z,2015-11-02T00:00:00Z,314.166,327.47199999999998,311.88099999999997,325.73200000000003,41637300.727272697,4710677883.0118504,2015-11-01,2015-11-02,False,False
2015-11-02T00:00:00Z,2015-11-03T00:00:00Z,325.43099999999998,365.36000000000001,323.209,360.62799999999999,53638704.513888903,4973156580.3064499,2015-11-02,2015-11-03,False,False
2015-11-03T00:00:00Z,2015-11-04T00:00:00Z,361.18900000000002,417.89999999999998,357.64699999999999,401.14600000000002,154700204.86111099,5676572206.7146502,2015-11-03,2015-11-04,False,False
2015-11-04T00:00:00Z,2015-11-05T00:00:00Z,403.41699999999997,495.56200000000001,380.548,408.892,251996468.53146899,6644367258.22855,2015-11-04,2015-11-05,False,False
2015-11-05T00:00:00Z,2015-11-06T00:00:00Z,411.56299999999999,447.56099999999998,374.58100000000002,387.637,237329668.98954701,5890261318.7421198,2015-11-05,2015-11-06,False,False
2015-11-06T00:00:00Z,2015-11-07T00:00:00Z,386.35399999999998,395.83600000000001,354.02499999999998,373.85899999999998,131053840.277778,5544123550.1466103,2015-11-06,2015-11-07,False,False
2015-11-07T00:00:00Z,2015-11-08T00:00:00Z,374.47000000000003,390.58600000000001,372.43299999999999,386.92399999999998,85262910.676156595,5685782721.7210197,2015-11-07,2015-11-08,False,False
2015-11-08T00:00:00Z,2015-11-09T00:00:00Z,386.48200000000003,389.89499999999998,368.69999999999999,372.31799999999998,46539497.212543599,5654372974.5097504,2015-11-08,2015-11-09,False,False
2015-11-09T00:00:00Z,2015-11-10T00:00:00Z,373.36799999999999,385.27800000000002,362.89499999999998,381.33699999999999,63289501.388888903,5584554545.01688,2015-11-09,2015-11-10,False,False
2015-11-10T00:00:00Z,2015-11-11T00:00:00Z,380.25700000000001,381.387,329.108,336.63400000000001,67108653.8194445,5421135264.70543,2015-11-10,2015-11-11,False,False
2015-11-11T00:00:00Z,2015-11-12T00:00:00Z,336.81900000000002,340.58499999999998,300.99700000000001,310.995,120804313.541667,4729199269.0512199,2015-11-11,2015-11-12,False,False
2015-11-12T00:00:00Z,2015-11-13T00:00:00Z,311.084,345.08100000000002,311.084,338.85300000000001,84015147.0383275,4910854921.1480503,2015-11-12,2015-11-13,False,False
2015-11-13T00:00:00Z,2015-11-14T00:00:00Z,338.15199999999999,340.91399999999999,326.07499999999999,336.24799999999999,61142601.736111097,4954790794.3294697,2015-11-13,2015-11-14,False,False
2015-11-14T00:00:00Z,2015-11-15T00:00:00Z,336.75299999999999,338.18099999999998,329.97000000000003,332.78199999999998,41635078.494623698,4947129607.1082401,2015-11-14,2015-11-15,False,False
2015-11-15T00:00:00Z,2015-11-16T00:00:00Z,332.90600000000001,334.66199999999998,317.49000000000001,320.23099999999999,36447526.132404201,4879565201.5864201,2015-11-15,2015-11-16,False,False
2015-11-16T00:00:00Z,2015-11-17T00:00:00Z,320.166,331.62599999999998,315.90499999999997,330.709,45901991.3194445,4778610936.1468296,2015-11-16,2015-11-17,False,False
2015-11-17T00:00:00Z,2015-11-18T00:00:00Z,330.75099999999998,338.35000000000002,329.61399999999998,335.036,54334467.361111097,4957654927.2530098,2015-11-17,2015-11-18,False,False
2015-11-18T00:00:00Z,2015-11-19T00:00:00Z,335.09399999999999,336.53100000000001,330.63999999999999,334.33100000000002,43052275.6944445,4946246084.7642698,2015-11-18,2015-11-19,False,False
2015-11-19T00:00:00Z,2015-11-20T00:00:00Z,334.58999999999997,335.334,325.27300000000002,326.053,41007184.320557497,4918064227.4643097,2015-11-19,2015-11-20,False,False
2015-11-20T00:00:00Z,2015-11-21T00:00:00Z,326.149,326.47300000000001,312.21699999999998,322.161,52544110.763888903,4761721884.5892601,2015-11-20,2015-11-21,False,False
2015-11-21T00:00:00Z,2015-11-22T00:00:00Z,322.02199999999999,328.15899999999999,319.59500000000003,326.64800000000002,34506477.978339396,4831801193.9690304,2015-11-21,2015-11-22,False,False
2015-11-22T00:00:00Z,2015-11-23T00:00:00Z,326.92700000000002,327.00999999999999,321.25900000000001,324.22300000000001,22014492.334494799,4825223548.61936,2015-11-22,2015-11-23,False,False
2015-11-23T00:00:00Z,2015-11-24T00:00:00Z,324.536,325.11799999999999,321.29000000000002,323.00599999999997,22926050,4804742507.6214895,2015-11-23,2015-11-24,False,False
2015-11-24T00:00:00Z,2015-11-25T00:00:00Z,323.04599999999999,323.05799999999999,318.11799999999999,320.041,27718850.871080101,4776178105.1897202,2015-11-24,2015-11-25,False,False
2015-11-25T00:00:00Z,2015-11-26T00:00:00Z,320.04599999999999,329.13400000000001,316.76999999999998,328.38900000000001,30612319.444444399,4801553834.4632502,2015-11-25,2015-11-26,False,False
2015-11-26T00:00:00Z,2015-11-27T00:00:00Z,328.20600000000002,366.75700000000001,328.20600000000002,355.142,71506312.543553993,5100018354.5473204,2015-11-26,2015-11-27,False,False
2015-11-27T00:00:00Z,2015-11-28T00:00:00Z,352.68400000000003,363.589,347.87,358.42500000000001,86087472.6495727,5286533809.5048304,2015-11-27,2015-11-28,False,False
2015-11-28T00:00:00Z,2015-11-29T00:00:00Z,358.04199999999997,359.536,352.17200000000003,356.91899999999998,45930853.472222202,5279200630.6507397,2015-11-28,2015-11-29,False,False
2015-11-29T00:00:00Z,2015-11-30T00:00:00Z,357.38099999999997,371.93900000000002,355.666,371.41899999999998,29357043.902438998,5375522724.1811399,2015-11-29,2015-11-30,False,False
2015-11-30T00:00:00Z,2015-12-01T00:00:00Z,371.29399999999998,382.363,370.38299999999998,377.327,61575248.958333299,5616721532.51647,2015-11-30,2015-12-01,False,False
2015-12-01T00:00:00Z,2015-12-02T00:00:00Z,377.32100000000003,378.93099999999998,356.56299999999999,362.387,61369346.180555597,5479146309.5002203,2015-12-01,2015-12-02,False,False
2015-12-02T00:00:00Z,2015-12-03T00:00:00Z,362.488,362.488,349.46499999999997,358.83300000000003,56736956.597222202,5294300773.7999401,2015-12-02,2015-12-03,False,False
2015-12-03T00:00:00Z,2015-12-04T00:00:00Z,359.18700000000001,370.27499999999998,357.41199999999998,361.12599999999998,50140700,5399129236.1862497,2015-12-03,2015-12-04,False,False
2015-12-04T00:00:00Z,2015-12-05T00:00:00Z,361.04599999999999,363.51600000000002,355.75700000000001,363.07900000000001,39801660.763888903,5379184968.9988699,2015-12-04,2015-12-05,False,False
2015-12-05T00:00:00Z,2015-12-06T00:00:00Z,363.18299999999999,389.78500000000003,363.18299999999999,388.86799999999999,45316424.305555597,5604586876.7593603,2015-12-05,2015-12-06,False,False
2015-12-06T00:00:00Z,2015-12-07T00:00:00Z,388.94900000000001,402.80900000000003,387.089,391.63799999999998,80077871.080139399,5898394790.8488903,2015-12-06,2015-12-07,False,False
2015-12-07T00:00:00Z,2015-12-08T00:00:00Z,388.78300000000002,399.96899999999999,385.411,395.685,64455691.3194445,5902292312.7188797,2015-12-07,2015-12-08,False,False
2015-12-08T00:00:00Z,2015-12-09T00:00:00Z,395.536,413.10899999999998,389.94999999999999,413.10899999999998,50380537.5,5904127624.1192198,2015-12-08,2015-12-09,False,False
2015-12-09T00:00:00Z,2015-12-10T00:00:00Z,415.56299999999999,423.12,406.291,417.255,82312905.902777806,6213110149.8266401,2015-12-09,2015-12-10,False,False
2015-12-10T00:00:00Z,2015-12-11T00:00:00Z,417.56299999999999,419.50900000000001,411.548,415.613,65999860.6271777,6215762362.1900101,2015-12-10,2015-12-11,False,False
2015-12-11T00:00:00Z,2015-12-12T00:00:00Z,415.47899999999998,451.69299999999998,415.28100000000001,450.67899999999997,70036260.069444507,6452226900.1581898,2015-12-11,2015-12-12,False,False
2015-12-12T00:00:00Z,2015-12-13T00:00:00Z,451.93799999999999,469.10300000000001,410.74099999999999,435.858,142485892.36111099,6464516410.6641903,2015-12-12,2015-12-13,False,False
2015-12-13T00:00:00Z,2015-12-14T00:00:00Z,434.99700000000001,441.68000000000001,426.26799999999997,434.39400000000001,72788291.986062706,6464824793.8204603,2015-12-13,2015-12-14,False,False
2015-12-14T00:00:00Z,2015-12-15T00:00:00Z,433.755,447.142,430.45600000000002,444.35700000000003,87632544.097222194,6595165453.6677399,2015-12-14,2015-12-15,False,False
2015-12-15T00:00:00Z,2015-12-16T00:00:00Z,444.18200000000002,464.61399999999998,443.87799999999999,464.10599999999999,113118267.24738701,6830070804.74648,2015-12-15,2015-12-16,False,False
2015-12-16T00:00:00Z,2015-12-17T00:00:00Z,465.32100000000003,465.32100000000003,443.851,454.78199999999998,94057844.755244806,6831053436.8967104,2015-12-16,2015-12-17,False,False
2015-12-17T00:00:00Z,2015-12-18T00:00:00Z,454.93400000000003,457.86000000000001,448.858,456.31700000000001,72551710.104529604,6807764689.9099197,2015-12-17,2015-12-18,False,False
2015-12-18T00:00:00Z,2015-12-19T00:00:00Z,456.07799999999997,465.17700000000002,454.94,463.66800000000001,50633412.720848098,6880456208.4761105,2015-12-18,2015-12-19,False,False
2015-12-19T00:00:00Z,2015-12-20T00:00:00Z,463.61599999999999,465.58100000000002,456.76499999999999,462.13400000000001,48838551.736111097,6932344211.4906597,2015-12-19,2015-12-20,False,False
2015-12-20T00:00:00Z,2015-12-21T00:00:00Z,462.322,462.64499999999998,434.33800000000002,442.363,50902692.682926796,6798115420.8597698,2015-12-20,2015-12-21,False,False
2015-12-21T00:00:00Z,2015-12-22T00:00:00Z,442.685,444.72899999999998,427.31200000000001,438.55599999999998,88107037.847222194,6557705245.9949903,2015-12-21,2015-12-22,False,False
2015-12-22T00:00:00Z,2015-12-23T00:00:00Z,438.63900000000001,443.68799999999999,435.51600000000002,437.28100000000001,57414272.822299697,6565050779.1020098,2015-12-22,2015-12-23,False,False
2015-12-23T00:00:00Z,2015-12-24T00:00:00Z,436.572,444.529,436.572,442.11099999999999,46733400,6609550062.8671598,2015-12-23,2015-12-24,False,False
2015-12-24T00:00:00Z,2015-12-25T00:00:00Z,442.40100000000001,458.45600000000002,442.40100000000001,455.101,53938273.867595799,6823069584.8486404,2015-12-24,2015-12-25,False,False
2015-12-25T00:00:00Z,2015-12-26T00:00:00Z,454.98500000000001,458.30500000000001,452.07499999999999,455.52499999999998,44268511.805555597,6828339295.3480101,2015-12-25,2015-12-26,False,False
2015-12-26T00:00:00Z,2015-12-27T00:00:00Z,455.65300000000002,457.48899999999998,405.75999999999999,417.86900000000003,69597641.319444507,6457040239.2498703,2015-12-26,2015-12-27,False,False
2015-12-27T00:00:00Z,2015-12-28T00:00:00Z,417.274,424.00700000000001,408.88299999999998,422.22300000000001,88046795.121951193,6267467002.2858696,2015-12-27,2015-12-28,False,False
2015-12-28T00:00:00Z,2015-12-29T00:00:00Z,422.82299999999998,429.76900000000001,418.48099999999999,422.34399999999999,47622725.6944445,6389073438.49827,2015-12-28,2015-12-29,False,False
2015-12-29T00:00:00Z,2015-12-30T00:00:00Z,422.279,432.34300000000002,420.62700000000001,432.34300000000002,45708977.777777798,6389694292.4577904,2015-12-29,2015-12-30,False,False
2015-12-30T00:00:00Z,2015-12-31T00:00:00Z,432.983,434.387,422.084,426.37099999999998,50824360.0694445,6456294906.0662203,2015-12-30,2015-12-31,False,False
2015-12-31T00:00:00Z,2016-01-01T00:00:00Z,426.62,432.92099999999999,418.73500000000001,430.53800000000001,43413063.066202097,6390442907.6519899,2015-12-31,2016-01-01,False,False
2016-01-01T00:00:00Z,2016-01-02T00:00:00Z,430.56700000000001,436.24599999999998,427.51499999999999,433.97300000000001,40203358.333333299,6506378964.7408895,2016-01-01,2016-01-02,False,False
2016-01-02T00:00:00Z,2016-01-03T00:00:00Z,434.334,436.06200000000001,431.87,433.30700000000002,31730932.291666701,6521421966.75212,2016-01-02,2016-01-03,False,False
2016-01-03T00:00:00Z,2016-01-04T00:00:00Z,433.43799999999999,433.74299999999999,424.70600000000002,429.88,31171745.993031401,6461269015.5647402,2016-01-03,2016-01-04,False,False
2016-01-04T00:00:00Z,2016-01-05T00:00:00Z,430.01100000000002,434.517,429.084,433.12200000000001,37156232.986111097,6494453328.0791197,2016-01-04,2016-01-05,False,False
2016-01-05T00:00:00Z,2016-01-06T00:00:00Z,433.09100000000001,434.18200000000002,429.67599999999999,431.94499999999999,36696569.097222202,6504165662.0795898,2016-01-05,2016-01-06,False,False
2016-01-06T00:00:00Z,2016-01-07T00:00:00Z,431.95999999999998,431.95999999999998,426.34100000000001,430.23099999999999,33577837.979094103,6471941951.4786596,2016-01-06,2016-01-07,False,False
2016-01-07T00:00:00Z,2016-01-08T00:00:00Z,429.10500000000002,458.76600000000002,429.077,458.65499999999997,63150930.313588902,6756366666.1994104,2016-01-07,2016-01-08,False,False
2016-01-08T00:00:00Z,2016-01-09T00:00:00Z,458.048,462.93400000000003,447.93799999999999,453.35300000000001,68619854.513888896,6841605139.1534996,2016-01-08,2016-01-09,False,False
2016-01-09T00:00:00Z,2016-01-10T00:00:00Z,453.23000000000002,454.63999999999999,446.88900000000001,447.59300000000002,40822281.25,6778368429.1562595,2016-01-09,2016-01-10,False,False
2016-01-10T00:00:00Z,2016-01-11T00:00:00Z,447.61099999999999,448.30900000000003,440.351,447.69999999999999,32234513.986014001,6702060964.1827097,2016-01-10,2016-01-11,False,False
2016-01-11T00:00:00Z,2016-01-12T00:00:00Z,447.99099999999999,450.66199999999998,443.85500000000002,448.45499999999998,37772565.625,6752461001.9252996,2016-01-11,2016-01-12,False,False
2016-01-12T00:00:00Z,2016-01-13T00:00:00Z,448.428,448.428,439.52100000000002,439.52100000000002,46997749.473684199,6721631614.5765305,2016-01-12,2016-01-13,False,False
2016-01-13T00:00:00Z,2016-01-14T00:00:00Z,435.69,435.69,424.44299999999998,432.36599999999999,147348225.43553999,6455646270.8355598,2016-01-13,2016-01-14,False,False
2016-01-14T00:00:00Z,2016-01-15T00:00:00Z,432.37099999999998,433.32400000000001,427.84500000000003,430.36399999999998,40073303.472222202,6499245749.4963303,2016-01-14,2016-01-15,False,False
2016-01-15T00:00:00Z,2016-01-16T00:00:00Z,430.30599999999998,430.30599999999998,365.66199999999998,365.66199999999998,88839686.458333299,6097494971.2835999,2016-01-15,2016-01-16,False,False
2016-01-16T00:00:00Z,2016-01-17T00:00:00Z,364.33100000000002,390.55700000000002,354.91399999999999,387.69999999999999,138314562.5,5622130448.75811,2016-01-16,2016-01-17,False,False
2016-01-17T00:00:00Z,2016-01-18T00:00:00Z,387.536,390.96499999999997,380.09199999999998,382.77499999999998,70932055.087719306,5809738646.2187595,2016-01-17,2016-01-18,False,False
2016-01-18T00:00:00Z,2016-01-19T00:00:00Z,382.29899999999998,388.10399999999998,376.66500000000002,386.95499999999998,45239196.180555597,5786492854.1834002,2016-01-18,2016-01-19,False,False
2016-01-19T00:00:00Z,2016-01-20T00:00:00Z,387.16800000000001,387.73000000000002,378.97199999999998,380.68799999999999,42976926.388888903,5801770305.2523603,2016-01-19,2016-01-20,False,False
2016-01-20T00:00:00Z,2016-01-21T00:00:00Z,380.149,425.267,376.59899999999999,421.77999999999997,65943633.449477397,5939561671.1676903,2016-01-20,2016-01-21,False,False
2016-01-21T00:00:00Z,2016-01-22T00:00:00Z,420.23000000000002,422.87700000000001,406.30000000000001,408.952,102787953.684211,6251483480.4820604,2016-01-21,2016-01-22,False,False
2016-01-22T00:00:00Z,2016-01-23T00:00:00Z,410.262,410.41000000000003,375.28199999999998,382.14600000000002,68255941.319444507,5944695816.8547802,2016-01-22,2016-01-23,False,False
2016-01-23T00:00:00Z,2016-01-24T00:00:00Z,382.49200000000002,394.54300000000001,381.98099999999999,387.75599999999997,74252382.167832196,5878654096.6272497,2016-01-23,2016-01-24,False,False
2016-01-24T00:00:00Z,2016-01-25T00:00:00Z,387.49099999999999,405.48500000000001,387.49099999999999,403.19799999999998,47340944.912280701,6009286677.6287203,2016-01-24,2016-01-25,False,False
2016-01-25T00:00:00Z,2016-01-26T00:00:00Z,402.971,402.971,388.55399999999997,391.87200000000001,53471679.861111097,5984895447.5257397,2016-01-25,2016-01-26,False,False
2016-01-26T00:00:00Z,2016-01-27T00:00:00Z,391.726,397.76600000000002,390.57499999999999,392.41000000000003,57172346.689895503,5955436710.7992601,2016-01-26,2016-01-27,False,False
2016-01-27T00:00:00Z,2016-01-28T00:00:00Z,392.15300000000002,396.84300000000002,391.78199999999998,395.10599999999999,54529397.192982502,5974780024.6516504,2016-01-27,2016-01-28,False,False
2016-01-28T00:00:00Z,2016-01-29T00:00:00Z,394.97199999999998,395.50200000000001,379.73500000000001,380.31599999999997,55292454.861111097,5815422759.6867199,2016-01-28,2016-01-29,False,False
2016-01-29T00:00:00Z,2016-01-30T00:00:00Z,380.28899999999999,384.37900000000002,365.452,379.88999999999999,71918744.097222194,5700528881.8445797,2016-01-29,2016-01-30,False,False
2016-01-30T00:00:00Z,2016-01-31T00:00:00Z,379.47399999999999,380.91699999999997,376.49099999999999,378.17899999999997,49259738.888888903,5725991589.5483999,2016-01-30,2016-01-31,False,False
2016-01-31T00:00:00Z,2016-02-01T00:00:00Z,378.255,380.34699999999998,367.83499999999998,368.661,29835855.052264798,5734017288.2000504,2016-01-31,2016-02-01,False,False
2016-02-01T00:00:00Z,2016-02-02T00:00:00Z,368.767,378.072,367.95699999999999,372.94200000000001,48671439.930555597,5669123753.90522,2016-02-01,2016-02-02,False,False
2016-02-02T00:00:00Z,2016-02-03T00:00:00Z,373.05599999999998,375.88299999999998,372.92000000000002,374.44499999999999,43439885.416666701,5673653036.7240801,2016-02-02,2016-02-03,False,False
2016-02-03T00:00:00Z,2016-02-04T00:00:00Z,374.44799999999998,374.94999999999999,368.04500000000002,369.98899999999998,39169083.623693399,5652207502.36024,2016-02-03,2016-02-04,False,False
2016-02-04T00:00:00Z,2016-02-05T00:00:00Z,369.94900000000001,391.608,369.94900000000001,389.58800000000002,49707653.472222202,5749325201.16047,2016-02-04,2016-02-05,False,False
2016-02-05T00:00:00Z,2016-02-06T00:00:00Z,389.59399999999999,391.09399999999999,385.572,386.18700000000001,59222420.141342796,5875589088.3198404,2016-02-05,2016-02-06,False,False
2016-02-06T00:00:00Z,2016-02-07T00:00:00Z,386.54899999999998,386.63099999999997,372.387,376.47899999999998,50298642.708333299,5723722427.8708401,2016-02-06,2016-02-07,False,False
2016-02-07T00:00:00Z,2016-02-08T00:00:00Z,376.52199999999999,380.87099999999998,374.90300000000002,376.56900000000002,32041552.9616725,5731002291.29422,2016-02-07,2016-02-08,False,False
2016-02-08T00:00:00Z,2016-02-09T00:00:00Z,376.62,379.87900000000002,373.334,373.40199999999999,39386706.9444445,5733308715.6967697,2016-02-08,2016-02-09,False,False
2016-02-09T00:00:00Z,2016-02-10T00:00:00Z,373.447,377.24599999999998,372.89800000000002,376.06999999999999,52096837.152777798,5691842199.2599401,2016-02-09,2016-02-10,False,False
2016-02-10T00:00:00Z,2016-02-11T00:00:00Z,376.029,385.483,375.78300000000002,381.61399999999998,68664436.585365906,5770457909.4623604,2016-02-10,2016-02-11,False,False
2016-02-11T00:00:00Z,2016-02-12T00:00:00Z,381.649,383.13,376.399,379.58100000000002,72195868.181818202,5784828987.7273998,2016-02-11,2016-02-12,False,False
2016-02-12T00:00:00Z,2016-02-13T00:00:00Z,379.654,384.95400000000001,379.60000000000002,384.173,76832409.375,5815102096.1473103,2016-02-12,2016-02-13,False,False
2016-02-13T00:00:00Z,2016-02-14T00:00:00Z,384.26299999999998,391.21199999999999,384.26299999999998,390.81900000000002,61988934.027777798,5927688219.2333498,2016-02-13,2016-02-14,False,False
2016-02-14T00:00:00Z,2016-02-15T00:00:00Z,391.86000000000001,407.15300000000002,391.86000000000001,407.15300000000002,64288397.212543599,6095022708.4248896,2016-02-14,2016-02-15,False,False
2016-02-15T00:00:00Z,2016-02-16T00:00:00Z,407.23000000000002,410.38099999999997,397.74900000000002,400.36399999999998,67486744.444444507,6156518863.8191004,2016-02-15,2016-02-16,False,False
2016-02-16T00:00:00Z,2016-02-17T00:00:00Z,400.185,408.94499999999999,400.185,407.52300000000002,63576393.055555597,6177858607.4584999,2016-02-16,2016-02-17,False,False
2016-02-17T00:00:00Z,2016-02-18T00:00:00Z,407.488,421.16699999999997,406.78399999999999,416.30900000000003,74079149.477351904,6314595879.62467,2016-02-17,2016-02-18,False,False
2016-02-18T00:00:00Z,2016-02-19T00:00:00Z,416.322,425.99599999999998,415.63799999999998,422.29300000000001,79243662.152777806,6413118634.9880104,2016-02-18,2016-02-19,False,False
2016-02-19T00:00:00Z,2016-02-20T00:00:00Z,422.37299999999999,423.10399999999998,417.60399999999998,420.79599999999999,61806053.8194445,6415987862.9662104,2016-02-19,2016-02-20,False,False
2016-02-20T00:00:00Z,2016-02-21T00:00:00Z,420.78500000000003,441.98399999999998,420.78500000000003,438.327,60756517.361111097,6568636750.0136299,2016-02-20,2016-02-21,False,False
2016-02-21T00:00:00Z,2016-02-22T00:00:00Z,437.16399999999999,448.04599999999999,429.077,438.67399999999998,90779463.066202104,6693400905.5323696,2016-02-21,2016-02-22,False,False
2016-02-22T00:00:00Z,2016-02-23T00:00:00Z,438.798,439.04500000000002,432.91699999999997,437.12200000000001,85271782.291666701,6658364774.1803904,2016-02-22,2016-02-23,False,False
2016-02-23T00:00:00Z,2016-02-24T00:00:00Z,437.74799999999999,439.858,417.82100000000003,420.495,73160038.888888896,6534034503.2806301,2016-02-23,2016-02-24,False,False
2016-02-24T00:00:00Z,2016-02-25T00:00:00Z,420.73599999999999,425.55000000000001,413.90699999999998,425.10199999999998,69253478.671328694,6434602764.17554,2016-02-24,2016-02-25,False,False
2016-02-25T00:00:00Z,2016-02-26T00:00:00Z,424.95499999999998,427.71899999999999,420.41500000000002,424.57999999999998,65748955.789473698,6467057912.7010498,2016-02-25,2016-02-26,False,False
2016-02-26T00:00:00Z,2016-02-27T00:00:00Z,424.54399999999998,431.01499999999999,421.62,431.01499999999999,59079056.9444445,6490295205.46661,2016-02-26,2016-02-27,False,False
2016-02-27T00:00:00Z,2016-02-28T00:00:00Z,432.15199999999999,434.23099999999999,428.10300000000001,432.60000000000002,108173001.736111,6586578987.2220602,2016-02-27,2016-02-28,False,False
2016-02-28T00:00:00Z,2016-02-29T00:00:00Z,432.51900000000001,435.68299999999999,423.81999999999999,433.553,46834766.202090599,6559640938.5999203,2016-02-28,2016-02-29,False,False
2016-02-29T00:00:00Z,2016-03-01T00:00:00Z,433.50400000000002,441.50700000000001,431.69299999999998,438.15600000000001,57918418.75,6671677554.8306599,2016-02-29,2016-03-01,False,False
2016-03-01T00:00:00Z,2016-03-02T00:00:00Z,437.697,439.65300000000002,432.31900000000002,435.101,62204940.625,6650911162.2234602,2016-03-01,2016-03-02,False,False
2016-03-02T00:00:00Z,2016-03-03T00:00:00Z,435.12299999999999,435.91699999999997,424.56799999999998,424.56799999999998,73767845.263157904,6603299005.1792202,2016-03-02,2016-03-03,False,False
2016-03-03T00:00:00Z,2016-03-04T00:00:00Z,423.98899999999998,425.37299999999999,419.411,421.517,89831927.777777806,6450796314.6913204,2016-03-03,2016-03-04,False,False
2016-03-04T00:00:00Z,2016-03-05T00:00:00Z,421.65100000000001,425.178,410.96800000000002,411.32600000000002,90064090.459363997,6440671761.1618204,2016-03-04,2016-03-05,False,False
2016-03-05T00:00:00Z,2016-03-06T00:00:00Z,410.93900000000002,411.25700000000001,394.03500000000003,400.84500000000003,111919596.875,6189551375.5500298,2016-03-05,2016-03-06,False,False
2016-03-06T00:00:00Z,2016-03-07T00:00:00Z,400.56999999999999,411.90699999999998,395.77800000000002,407.60700000000003,121444768.77192999,6198001539.3900604,2016-03-06,2016-03-07,False,False
2016-03-07T00:00:00Z,2016-03-08T00:00:00Z,407.70699999999999,415.91699999999997,406.30900000000003,414.48200000000003,85912771.527777806,6286442470.2641802,2016-03-07,2016-03-08,False,False
2016-03-08T00:00:00Z,2016-03-09T00:00:00Z,414.32100000000003,416.24299999999999,411.09399999999999,414.04700000000003,81362679.513888896,6328964732.5241699,2016-03-08,2016-03-09,False,False
2016-03-09T00:00:00Z,2016-03-10T00:00:00Z,413.97199999999998,416.03199999999998,411.60599999999999,414.798,64637548.432055801,6322543668.8568802,2016-03-09,2016-03-10,False,False
2016-03-10T00:00:00Z,2016-03-11T00:00:00Z,414.86000000000001,417.512,413.25099999999998,417.12299999999999,76580775.347222194,6347431860.8179903,2016-03-10,2016-03-11,False,False
2016-03-11T00:00:00Z,2016-03-12T00:00:00Z,417.13099999999997,423.92599999999999,417.01299999999998,421.572,81702588.541666701,6441599959.1518202,2016-03-11,2016-03-12,False,False
2016-03-12T00:00:00Z,2016-03-13T00:00:00Z,421.69,421.79500000000002,410.09399999999999,411.79599999999999,88847708.333333299,6347647086.7790298,2016-03-12,2016-03-13,False,False
2016-03-13T00:00:00Z,2016-03-14T00:00:00Z,411.62400000000002,416.60399999999998,411.62400000000002,414.10000000000002,75499625.087108001,6338451520.2273502,2016-03-13,2016-03-14,False,False
2016-03-14T00:00:00Z,2016-03-15T00:00:00Z,414.065,416.68400000000003,414.065,416.38099999999997,91310887.152777806,6364004073.6259804,2016-03-14,2016-03-15,False,False
2016-03-15T00:00:00Z,2016-03-16T00:00:00Z,416.43799999999999,418.13099999999997,414.98500000000001,416.702,77684040.625,6385552070.9534101,2016-03-15,2016-03-16,False,False
2016-03-16T00:00:00Z,2016-03-17T00:00:00Z,416.82999999999998,417.68599999999998,415.91199999999998,417.07799999999997,64530772.822299697,6384440334.7681999,2016-03-16,2016-03-17,False,False
2016-03-17T00:00:00Z,2016-03-18T00:00:00Z,417.01100000000002,420.99700000000001,417.01100000000002,420.654,74201573.943662003,6447472053.4856596,2016-03-17,2016-03-18,False,False
2016-03-18T00:00:00Z,2016-03-19T00:00:00Z,420.62099999999998,420.62099999999998,406.137,409.63600000000002,89085957.986111104,6354553581.5136404,2016-03-18,2016-03-19,False,False
2016-03-19T00:00:00Z,2016-03-20T00:00:00Z,409.548,410.98399999999998,407.23000000000002,410.51900000000001,87396928.125,6270117600.1160297,2016-03-19,2016-03-20,False,False
2016-03-20T00:00:00Z,2016-03-21T00:00:00Z,410.44400000000002,414.625,410.40100000000001,414.00999999999999,50687778.397212498,6326838470.4637098,2016-03-20,2016-03-21,False,False
2016-03-21T00:00:00Z,2016-03-22T00:00:00Z,413.755,413.755,410.38099999999997,413.30399999999997,51562446.376811601,6312403068.7080498,2016-03-21,2016-03-22,False,False
2016-03-22T00:00:00Z,2016-03-23T00:00:00Z,413.30700000000002,418.375,412.53100000000001,418.01799999999997,66752441.901408501,6392276120.2770596,2016-03-22,2016-03-23,False,False
2016-03-23T00:00:00Z,2016-03-24T00:00:00Z,418.089,419.26799999999997,417.36399999999998,418.00999999999999,57658206.271776997,6420688417.7467003,2016-03-23,2016-03-24,False,False
2016-03-24T00:00:00Z,2016-03-25T00:00:00Z,418.041,418.68000000000001,415.48599999999999,416.38600000000002,64999179.513888903,6412075768.6134996,2016-03-24,2016-03-25,False,False
2016-03-25T00:00:00Z,2016-03-26T00:00:00Z,416.39400000000001,418.07999999999998,415.55799999999999,417.22199999999998,56657612.891986102,6405720125.6117096,2016-03-25,2016-03-26,False,False
2016-03-26T00:00:00Z,2016-03-27T00:00:00Z,417.17700000000002,418.98700000000002,416.25900000000001,417.93200000000002,43923417.708333299,6415249231.5048399,2016-03-26,2016-03-27,False,False
2016-03-27T00:00:00Z,2016-03-28T00:00:00Z,417.94499999999999,428.79700000000003,417.71100000000001,426.81900000000002,45146540.069686398,6477001029.5916901,2016-03-27,2016-03-28,False,False
2016-03-28T00:00:00Z,2016-03-29T00:00:00Z,426.76499999999999,426.85700000000003,423.29300000000001,424.10300000000001,75087466.319444507,6529000688.0404997,2016-03-28,2016-03-29,False,False
2016-03-29T00:00:00Z,2016-03-30T00:00:00Z,424.23099999999999,426.20299999999997,412.68099999999998,416.46499999999997,65777379.861111097,6453248380.2615995,2016-03-29,2016-03-30,False,False
2016-03-30T00:00:00Z,2016-03-31T00:00:00Z,416.51600000000002,416.834,412.49599999999998,414.86700000000002,68924595.818815306,6384974078.9748497,2016-03-30,2016-03-31,False,False
2016-03-31T00:00:00Z,2016-04-01T00:00:00Z,414.81599999999997,418.36900000000003,414.81599999999997,416.779,59758510.416666701,6418029700.38904,2016-03-31,2016-04-01,False,False
2016-04-01T00:00:00Z,2016-04-02T00:00:00Z,416.72899999999998,418.173,415.83100000000002,417.822,53367835.0694445,6416085729.8045197,2016-04-01,2016-04-02,False,False
2016-04-02T00:00:00Z,2016-04-03T00:00:00Z,417.95999999999998,422.08100000000002,417.95999999999998,420.82900000000001,47537003.484320603,6481376410.2327604,2016-04-02,2016-04-03,False,False
2016-04-03T00:00:00Z,2016-04-04T00:00:00Z,420.87299999999999,421.57999999999998,419.697,420.86099999999999,33961565.7342657,6478782222.8557196,2016-04-03,2016-04-04,False,False
2016-04-04T00:00:00Z,2016-04-05T00:00:00Z,420.904,422.34300000000002,419.601,421.48599999999999,40742629.9295775,6487267073.2945004,2016-04-04,2016-04-05,False,False
2016-04-05T00:00:00Z,2016-04-06T00:00:00Z,421.44400000000002,424.25700000000001,420.61399999999998,423.99400000000003,53637693.262411401,6505524523.7940903,2016-04-05,2016-04-06,False,False
2016-04-06T00:00:00Z,2016-04-07T00:00:00Z,424.02999999999997,424.52699999999999,422.72899999999998,423.25599999999997,59337751.219512202,6529467117.6451998,2016-04-06,2016-04-07,False,False
2016-04-07T00:00:00Z,2016-04-08T00:00:00Z,423.41300000000001,423.65699999999998,420.51799999999997,422.649,53284911.149825796,6514715160.0478201,2016-04-07,2016-04-08,False,False
2016-04-08T00:00:00Z,2016-04-09T00:00:00Z,422.745,425.36099999999999,419.63499999999999,420.25,56822006.293706298,6527203789.5328302,2016-04-08,2016-04-09,False,False
2016-04-09T00:00:00Z,2016-04-10T00:00:00Z,420.34899999999999,420.89100000000002,416.51499999999999,419.34199999999998,54011850.522648104,6460153994.8017902,2016-04-09,2016-04-10,False,False
2016-04-10T00:00:00Z,2016-04-11T00:00:00Z,419.411,422.435,419.25700000000001,421.512,55489735.3146853,6491423163.7764502,2016-04-10,2016-04-11,False,False
2016-04-11T00:00:00Z,2016-04-12T00:00:00Z,421.56400000000002,422.73899999999998,420.53300000000002,422.37599999999998,60633932.986111097,6508472330.8286505,2016-04-11,2016-04-12,False,False
2016-04-12T00:00:00Z,2016-04-13T00:00:00Z,422.483,427.27699999999999,422.483,425.334,56607360.0694445,6562665295.1938295,2016-04-12,2016-04-13,False,False
2016-04-13T00:00:00Z,2016-04-14T00:00:00Z,425.19,426.65800000000002,422.916,423.76400000000001,66312944.947735198,6560288164.0349703,2016-04-13,2016-04-14,False,False
2016-04-14T00:00:00Z,2016-04-15T00:00:00Z,423.73399999999998,425.37099999999998,423.01299999999998,424.15499999999997,55218203.8194445,6546402316.3870802,2016-04-14,2016-04-15,False,False
2016-04-15T00:00:00Z,2016-04-16T00:00:00Z,424.28199999999998,429.928,424.28199999999998,429.75099999999998,45294543.055555597,6596832097.7932596,2016-04-15,2016-04-16,False,False
2016-04-16T00:00:00Z,2016-04-17T00:00:00Z,429.71300000000002,432.625,428.98399999999998,430.42000000000002,43754109.407665499,6642935104.19133,2016-04-16,2016-04-17,False,False
2016-04-17T00:00:00Z,2016-04-18T00:00:00Z,430.572,431.37099999999998,426.07900000000001,427.26799999999997,43374111.538461499,6622287049.8587799,2016-04-17,2016-04-18,False,False
2016-04-18T00:00:00Z,2016-04-19T00:00:00Z,427.399,429.274,427.08600000000001,428.52100000000002,49539304.166666701,6616196915.8028603,2016-04-18,2016-04-19,False,False
2016-04-19T00:00:00Z,2016-04-20T00:00:00Z,428.59100000000001,436.01999999999998,428.10399999999998,435.553,45999172.222222202,6634441343.37076,2016-04-19,2016-04-20,False,False
2016-04-20T00:00:00Z,2016-04-21T00:00:00Z,435.50900000000001,443.05399999999997,434.40600000000001,441.36799999999999,61871007.665505201,6759638179.6448498,2016-04-20,2016-04-21,False,False
2016-04-21T00:00:00Z,2016-04-22T00:00:00Z,441.38900000000001,450.548,440.952,449.30599999999998,64274105.555555597,6862560344.3121996,2016-04-21,2016-04-22,False,False
2016-04-22T00:00:00Z,2016-04-23T00:00:00Z,449.42500000000001,449.81,444.14999999999998,445.67000000000002,64649432.638888903,6902843738.5493202,2016-04-22,2016-04-23,False,False
2016-04-23T00:00:00Z,2016-04-24T00:00:00Z,445.73700000000002,450.22300000000001,444.33100000000002,450.14600000000002,46811597.909407698,6906262482.5117903,2016-04-23,2016-04-24,False,False
2016-04-24T00:00:00Z,2016-04-25T00:00:00Z,450.28199999999998,460.14600000000002,448.928,458.66399999999999,55660019.097222202,7019999427.1018105,2016-04-24,2016-04-25,False,False
2016-04-25T00:00:00Z,2016-04-26T00:00:00Z,458.55500000000001,466.62,453.59199999999998,462.298,67819551.736111104,7106127885.9552698,2016-04-25,2016-04-26,False,False
2016-04-26T00:00:00Z,2016-04-27T00:00:00Z,461.42599999999999,467.96499999999997,461.42599999999999,466.17599999999999,86860455.9440559,7190092591.8464499,2016-04-26,2016-04-27,False,False
2016-04-27T00:00:00Z,2016-04-28T00:00:00Z,466.089,467.07900000000001,444.13400000000001,444.13400000000001,77010612.195121899,7118942755.9555397,2016-04-27,2016-04-28,False,False
2016-04-28T00:00:00Z,2016-04-29T00:00:00Z,444.68700000000001,449.55099999999999,436.64999999999998,449.05599999999998,92573256.25,6894720243.9393702,2016-04-28,2016-04-29,False,False
2016-04-29T00:00:00Z,2016-04-30T00:00:00Z,449.01100000000002,455.38400000000001,446.017,455.22500000000002,49408494.791666701,6979249293.7766104,2016-04-29,2016-04-30,False,False
2016-04-30T00:00:00Z,2016-05-01T00:00:00Z,455.09699999999998,455.58699999999999,447.697,448.22300000000001,51610247.386759602,7013793271.3943195,2016-04-30,2016-05-01,False,False
2016-05-01T00:00:00Z,2016-05-02T00:00:00Z,448.31799999999998,452.47899999999998,447.92700000000002,451.68299999999999,56931218.75,6984013242.2243605,2016-05-01,2016-05-02,False,False
2016-05-02T00:00:00Z,2016-05-03T00:00:00Z,451.875,452.44499999999999,441.77600000000001,444.59899999999999,62697534.722222202,6923164288.1974497,2016-05-02,2016-05-03,False,False
2016-05-03T00:00:00Z,2016-05-04T00:00:00Z,444.66899999999998,451.09699999999998,442.61700000000002,450.31799999999998,72760103.472222194,6931482120.5970602,2016-05-03,2016-05-04,False,False
2016-05-04T00:00:00Z,2016-05-05T00:00:00Z,450.30399999999997,450.37799999999999,445.63,446.72300000000001,53766989.547038302,6942080719.5974503,2016-05-04,2016-05-05,False,False
2016-05-05T00:00:00Z,2016-05-06T00:00:00Z,446.72199999999998,448.50599999999997,445.88299999999998,447.98500000000001,48683267.361111097,6936702992.4454498,2016-05-05,2016-05-06,False,False
2016-05-06T00:00:00Z,2016-05-07T00:00:00Z,447.976,461.375,447.06799999999998,459.73500000000001,54223327.777777798,7010632587.8301601,2016-05-06,2016-05-07,False,False
2016-05-07T00:00:00Z,2016-05-08T00:00:00Z,459.60300000000001,460.67500000000001,457.32400000000001,458.42399999999998,61750342.857142903,7118461956.2473097,2016-05-07,2016-05-08,False,False
2016-05-08T00:00:00Z,2016-05-09T00:00:00Z,458.536,459.41699999999997,455.983,458.60000000000002,37175556.9444445,7104766438.5709896,2016-05-08,2016-05-09,False,False
2016-05-09T00:00:00Z,2016-05-10T00:00:00Z,458.548,462.48099999999999,456.53100000000001,460.45100000000002,42556855.555555597,7114692353.1450195,2016-05-09,2016-05-10,False,False
2016-05-10T00:00:00Z,2016-05-11T00:00:00Z,460.483,461.92899999999997,448.95400000000001,450.64699999999999,56435998.263888903,7074222180.2495804,2016-05-10,2016-05-11,False,False
2016-05-11T00:00:00Z,2016-05-12T00:00:00Z,450.89499999999998,454.57600000000002,450.86399999999998,452.66699999999997,53579415.331010498,7038526747.4425297,2016-05-11,2016-05-12,False,False
2016-05-12T00:00:00Z,2016-05-13T00:00:00Z,452.72800000000001,454.94900000000001,449.25,454.733,52739841.666666701,7012562784.1486797,2016-05-12,2016-05-13,False,False
2016-05-13T00:00:00Z,2016-05-14T00:00:00Z,454.76600000000002,457.05500000000001,453.45299999999997,455.67700000000002,60983088.541666701,7075111193.6728897,2016-05-13,2016-05-14,False,False
2016-05-14T00:00:00Z,2016-05-15T00:00:00Z,455.67000000000002,456.83600000000001,454.786,455.66500000000002,49905003.135888502,7083634041.51124,2016-05-14,2016-05-15,False,False
2016-05-15T00:00:00Z,2016-05-16T00:00:00Z,455.67099999999999,458.69200000000001,455.459,457.65699999999998,29540801.736111101,7098489482.9476099,2016-05-15,2016-05-16,False,False
2016-05-16T00:00:00Z,2016-05-17T00:00:00Z,457.56799999999998,458.19999999999999,452.94499999999999,454.30200000000002,35892517.013888903,7099323229.5395002,2016-05-16,2016-05-17,False,False
2016-05-17T00:00:00Z,2016-05-18T00:00:00Z,454.16300000000001,455.072,453.60500000000002,453.81299999999999,65207640.625,7063290859.8999004,2016-05-17,2016-05-18,False,False
2016-05-18T00:00:00Z,2016-05-19T00:00:00Z,453.78300000000002,455.99799999999999,453.29899999999998,454.68900000000002,75890511.203319505,7073682204.57971,2016-05-18,2016-05-19,False,False
2016-05-19T00:00:00Z,2016-05-20T00:00:00Z,454.61900000000003,454.63299999999998,439.62799999999999,439.62799999999999,81419229.166666701,7005191280.4848003,2016-05-19,2016-05-20,False,False
2016-05-20T00:00:00Z,2016-05-21T00:00:00Z,438.71499999999997,444.05399999999997,437.38900000000001,442.44600000000003,99423136.458333299,6866403417.3341503,2016-05-20,2016-05-21,False,False
2016-05-21T00:00:00Z,2016-05-22T00:00:00Z,442.67599999999999,443.77800000000002,441.70600000000002,443.23000000000002,60424859.930313602,6899444166.1190901,2016-05-21,2016-05-22,False,False
2016-05-22T00:00:00Z,2016-05-23T00:00:00Z,443.18799999999999,443.42700000000002,439.03500000000003,439.44200000000001,35061346.527777798,6880695295.7590799,2016-05-22,2016-05-23,False,False
2016-05-23T00:00:00Z,2016-05-24T00:00:00Z,439.32299999999998,444.34500000000003,438.82299999999998,444.27999999999997,44070797.916666701,6885380392.2533302,2016-05-23,2016-05-24,False,False
2016-05-24T00:00:00Z,2016-05-25T00:00:00Z,444.15499999999997,447.10000000000002,443.93000000000001,446.036,54126966.666666701,6945112381.5112495,2016-05-24,2016-05-25,False,False
2016-05-25T00:00:00Z,2016-05-26T00:00:00Z,445.98099999999999,450.298,445.98099999999999,449.53800000000001,65579425.783972099,6991967367.7253799,2016-05-25,2016-05-26,False,False
2016-05-26T00:00:00Z,2016-05-27T00:00:00Z,449.59899999999999,453.64400000000001,447.89600000000002,453.37599999999998,62401027.430555597,7036199428.5998402,2016-05-26,2016-05-27,False,False
2016-05-27T00:00:00Z,2016-05-28T00:00:00Z,453.38400000000001,478.149,453.38400000000001,473.73000000000002,133270755.902778,7365645532.4211903,2016-05-27,2016-05-28,False,False
2016-05-28T00:00:00Z,2016-05-29T00:00:00Z,473.464,533.47299999999996,472.69900000000001,530.62300000000005,148418362.36933801,7772887680.8097095,2016-05-28,2016-05-29,False,False
2016-05-29T00:00:00Z,2016-05-30T00:00:00Z,530.03999999999996,553.96000000000004,512.17899999999997,525.58000000000004,154379312.5,8180835977.5138903,2016-05-29,2016-05-30,False,False
2016-05-30T00:00:00Z,2016-05-31T00:00:00Z,526.23299999999995,544.34900000000005,522.96299999999997,534.69600000000003,128016110.416667,8388061081.6822004,2016-05-30,2016-05-31,False,False
2016-05-31T00:00:00Z,2016-06-01T00:00:00Z,533.86400000000003,546.61800000000005,520.66200000000003,531.43299999999999,98355895.138888896,8380687548.2602596,2016-05-31,2016-06-01,False,False
2016-06-01T00:00:00Z,2016-06-02T00:00:00Z,531.38599999999997,543.08000000000004,525.63599999999997,537.85900000000004,123569464.80836201,8327980559.8705301,2016-06-01,2016-06-02,False,False
2016-06-02T00:00:00Z,2016-06-03T00:00:00Z,536.91999999999996,540.35199999999998,533.07799999999997,538.01700000000005,70688274.305555597,8370134546.79317,2016-06-02,2016-06-03,False,False
2016-06-03T00:00:00Z,2016-06-04T00:00:00Z,537.97199999999998,574.63800000000003,536.91999999999996,569.09799999999996,82483117.013888896,8640630689.7656803,2016-06-03,2016-06-04,False,False
2016-06-04T00:00:00Z,2016-06-05T00:00:00Z,569.19399999999996,590.13199999999995,564.23800000000006,573.17999999999995,115192012.195122,8966237047.4407997,2016-06-04,2016-06-05,False,False
2016-06-05T00:00:00Z,2016-06-06T00:00:00Z,572.72699999999998,582.80799999999999,569.178,575.03899999999999,80019398.611111104,9013842605.3354797,2016-06-05,2016-06-06,False,False
2016-06-06T00:00:00Z,2016-06-07T00:00:00Z,574.97699999999998,586.47000000000003,574.60199999999998,585.48500000000001,70549452.083333299,9094631313.5012703,2016-06-06,2016-06-07,False,False
2016-06-07T00:00:00Z,2016-06-08T00:00:00Z,585.53700000000003,590.25900000000001,567.51400000000001,576.53399999999999,81460987.847222194,9087885997.2588196,2016-06-07,2016-06-08,False,False
2016-06-08T00:00:00Z,2016-06-09T00:00:00Z,576.59699999999998,582.83900000000006,573.13,581.79899999999998,91240129.6167247,9032075249.1061592,2016-06-08,2016-06-09,False,False
2016-06-09T00:00:00Z,2016-06-10T00:00:00Z,581.64499999999998,582.20299999999997,570.95100000000002,574.64800000000002,68398935.416666701,9036068592.6343307,2016-06-09,2016-06-10,False,False
2016-06-10T00:00:00Z,2016-06-11T00:00:00Z,574.63,579.12699999999995,573.32500000000005,577.56799999999998,60858311.458333299,9029352657.1285706,2016-06-10,2016-06-11,False,False
2016-06-11T00:00:00Z,2016-06-12T00:00:00Z,577.47000000000003,607.11599999999999,577.47000000000003,607.11599999999999,57091339.721254401,9139178953.2962494,2016-06-11,2016-06-12,False,False
2016-06-12T00:00:00Z,2016-06-13T00:00:00Z,606.72699999999998,684.84400000000005,606.72699999999998,672.28499999999997,171200411.11111099,10077445626.986601,2016-06-12,2016-06-13,False,False
2016-06-13T00:00:00Z,2016-06-14T00:00:00Z,672.78399999999999,716.00400000000002,664.48699999999997,704.29399999999998,246848329.86111099,10784305221.123501,2016-06-13,2016-06-14,False,False
2016-06-14T00:00:00Z,2016-06-15T00:00:00Z,704.37599999999998,704.50400000000002,662.80399999999997,685.82299999999998,208854826.38888901,10779610683.256001,2016-06-14,2016-06-15,False,False
2016-06-15T00:00:00Z,2016-06-16T00:00:00Z,685.55899999999997,696.303,672.56100000000004,694.053,142133917.07317099,10730410005.472799,2016-06-15,2016-06-16,False,False
2016-06-16T00:00:00Z,2016-06-17T00:00:00Z,694.46900000000005,773.72199999999998,694.46900000000005,766.14999999999998,197675551.56794399,11638822009.6957,2016-06-16,2016-06-17,False,False
2016-06-17T00:00:00Z,2016-06-18T00:00:00Z,766.30799999999999,775.35599999999999,716.55600000000004,749.35299999999995,301337187.5,11788124840.8526,2016-06-17,2016-06-18,False,False
2016-06-18T00:00:00Z,2016-06-19T00:00:00Z,748.90899999999999,777.99000000000001,733.92899999999997,756.48299999999995,278915933.79790902,11787221012.5037,2016-06-18,2016-06-19,False,False
2016-06-19T00:00:00Z,2016-06-20T00:00:00Z,756.22699999999998,766.62099999999998,745.62800000000004,763.38300000000004,217495395.83333299,11872063095.0417,2016-06-19,2016-06-20,False,False
2016-06-20T00:00:00Z,2016-06-21T00:00:00Z,763.78099999999995,764.08399999999995,732.72699999999998,737.32000000000005,142460114.58333299,11782978534.034401,2016-06-20,2016-06-21,False,False
2016-06-21T00:00:00Z,2016-06-22T00:00:00Z,737.226,737.226,639.07000000000005,665.89999999999998,226146555.555556,10737398070.1679,2016-06-21,2016-06-22,False,False
2016-06-22T00:00:00Z,2016-06-23T00:00:00Z,666.65200000000004,678.66999999999996,587.48299999999995,588.221,289819031.35888499,10234458957.322001,2016-06-22,2016-06-23,False,False
2016-06-23T00:00:00Z,2016-06-24T00:00:00Z,596.11599999999999,629.327,558.13900000000001,623.86300000000006,277014288.194444,9325750019.3636208,2016-06-23,2016-06-24,False,False
2016-06-24T00:00:00Z,2016-06-25T00:00:00Z,623.97699999999998,681.72699999999998,623.97699999999998,666.94500000000005,254224284.722222,10329312126.6453,2016-06-24,2016-06-25,False,False
2016-06-25T00:00:00Z,2016-06-26T00:00:00Z,665.29899999999998,691.73099999999999,646.55899999999997,665.34000000000003,152641073.17073199,10572565676.037001,2016-06-25,2016-06-26,False,False
2016-06-26T00:00:00Z,2016-06-27T00:00:00Z,665.12300000000005,665.98000000000002,616.93399999999997,630.06100000000004,105703175.694444,10106803254.685101,2016-06-26,2016-06-27,False,False
2016-06-27T00:00:00Z,2016-06-28T00:00:00Z,629.36699999999996,650.31799999999998,620.524,649.13499999999999,117490354.166667,10052394152.316401,2016-06-27,2016-06-28,False,False
2016-06-28T00:00:00Z,2016-06-29T00:00:00Z,655.27499999999998,659.24800000000005,637.77300000000002,647.11300000000006,120406708.333333,10246402418.671499,2016-06-28,2016-06-29,False,False
2016-06-29T00:00:00Z,2016-06-30T00:00:00Z,644.12199999999996,644.68200000000002,628.28399999999999,639.74300000000005,144656940.76655099,9955103469.2421494,2016-06-29,2016-06-30,False,False
2016-06-30T00:00:00Z,2016-07-01T00:00:00Z,639.88999999999999,675.40300000000002,636.60799999999995,674.03899999999999,130590156.25,10303939695.3962,2016-06-30,2016-07-01,False,False
2016-07-01T00:00:00Z,2016-07-02T00:00:00Z,673.33699999999999,686.154,669.59400000000005,675.96400000000006,142518173.61111099,10636105282.1127,2016-07-01,2016-07-02,False,False
2016-07-02T00:00:00Z,2016-07-03T00:00:00Z,676.29600000000005,703.28800000000001,676.29600000000005,703.28800000000001,112441163.76306599,10825487574.0208,2016-07-02,2016-07-03,False,False
2016-07-03T00:00:00Z,2016-07-04T00:00:00Z,703.702,704.96799999999996,649.00900000000001,657.34199999999998,120296991.319444,10660392182.570299,2016-07-03,2016-07-04,False,False
2016-07-04T00:00:00Z,2016-07-05T00:00:00Z,658.66399999999999,683.34900000000005,650.50800000000004,683.34900000000005,106906789.583333,10573500739.553699,2016-07-04,2016-07-05,False,False
2016-07-05T00:00:00Z,2016-07-06T00:00:00Z,683.66200000000003,683.66200000000003,665.06600000000003,670.54499999999996,102702927.526132,10606794069.971201,2016-07-05,2016-07-06,False,False
2016-07-06T00:00:00Z,2016-07-07T00:00:00Z,670.62699999999995,681.89800000000002,670.41800000000001,677.03200000000004,133312743.055556,10640450458.528999,2016-07-06,2016-07-07,False,False
2016-07-07T00:00:00Z,2016-07-08T00:00:00Z,677.33100000000002,682.43200000000002,611.83399999999995,639.66700000000003,189236104.16666701,10150547854.3244,2016-07-07,2016-07-08,False,False
2016-07-08T00:00:00Z,2016-07-09T00:00:00Z,640.56200000000001,666.70699999999999,636.46699999999998,666.70699999999999,206150826.38888901,10205610893.3512,2016-07-08,2016-07-09,False,False
2016-07-09T00:00:00Z,2016-07-10T00:00:00Z,666.52300000000002,666.52300000000002,633.399,650.91099999999994,154875142.85714301,10273860953.120399,2016-07-09,2016-07-10,False,False
2016-07-10T00:00:00Z,2016-07-11T00:00:00Z,650.96000000000004,652.29399999999998,641.26400000000001,649.72699999999998,146663965.277778,10191465797.533701,2016-07-10,2016-07-11,False,False
2016-07-11T00:00:00Z,2016-07-12T00:00:00Z,649.36000000000001,659.62900000000002,644.98000000000002,647.678,101209056.25,10228485826.693701,2016-07-11,2016-07-12,False,False
2016-07-12T00:00:00Z,2016-07-13T00:00:00Z,647.65899999999999,675.25900000000001,646.779,664.54700000000003,102330052.96167199,10368349870.338499,2016-07-12,2016-07-13,False,False
2016-07-13T00:00:00Z,2016-07-14T00:00:00Z,664.55100000000004,668.70000000000005,655.67200000000003,655.67200000000003,133493104.166667,10457055036.628799,2016-07-13,2016-07-14,False,False
2016-07-14T00:00:00Z,2016-07-15T00:00:00Z,654.46799999999996,662.90200000000004,652.923,657.78700000000003,112133747.916667,10349021898.5996,2016-07-14,2016-07-15,False,False
2016-07-15T00:00:00Z,2016-07-16T00:00:00Z,658.07799999999997,667.077,658.07799999999997,663.84799999999996,76567592.013888896,10472615925.8375,2016-07-15,2016-07-16,False,False
2016-07-16T00:00:00Z,2016-07-17T00:00:00Z,663.255,666.46000000000004,659.33399999999995,662.21100000000001,60582619.860627197,10459934774.235399,2016-07-16,2016-07-17,False,False
2016-07-17T00:00:00Z,2016-07-18T00:00:00Z,660.76700000000005,682.36500000000001,660.76700000000005,678.84000000000003,50767355.7491289,10576605092.282,2016-07-17,2016-07-18,False,False
2016-07-18T00:00:00Z,2016-07-19T00:00:00Z,679.45899999999995,681.55499999999995,668.625,673.39599999999996,68054469.097222194,10684795927.903,2016-07-18,2016-07-19,False,False
2016-07-19T00:00:00Z,2016-07-20T00:00:00Z,673.10599999999999,673.27700000000004,667.63199999999995,672.91399999999999,62406973.170731701,10574186033.544001,2016-07-19,2016-07-20,False,False
2016-07-20T00:00:00Z,2016-07-21T00:00:00Z,672.86400000000003,672.92899999999997,663.36000000000001,665.81600000000003,73545020.138888896,10544745130.9627,2016-07-20,2016-07-21,False,False
2016-07-21T00:00:00Z,2016-07-22T00:00:00Z,665.68499999999995,666.21900000000005,660.41499999999996,665.11500000000001,82064992.013888896,10460030277.5471,2016-07-21,2016-07-22,False,False
2016-07-22T00:00:00Z,2016-07-23T00:00:00Z,665.01199999999994,666.58299999999997,646.72199999999998,650.52099999999996,83447852.777777806,10409947583.0639,2016-07-22,2016-07-23,False,False
2016-07-23T00:00:00Z,2016-07-24T00:00:00Z,650.61900000000003,656.36599999999999,648.524,655.61199999999997,119153560.27874599,10314454609.483601,2016-07-23,2016-07-24,False,False
2016-07-24T00:00:00Z,2016-07-25T00:00:00Z,655.55600000000004,663.11000000000001,652.79300000000001,661.20799999999997,80340028.819444507,10363464760.857599,2016-07-24,2016-07-25,False,False
2016-07-25T00:00:00Z,2016-07-26T00:00:00Z,661.28499999999997,661.82799999999997,653.39499999999998,653.95000000000005,99638478.472222194,10358906365.685699,2016-07-25,2016-07-26,False,False
2016-07-26T00:00:00Z,2016-07-27T00:00:00Z,654.09699999999998,656.22500000000002,645.87900000000002,652.12300000000005,131822573.17073201,10293178828.842199,2016-07-26,2016-07-27,False,False
2016-07-27T00:00:00Z,2016-07-28T00:00:00Z,651.78399999999999,657.45600000000002,648.447,654.31299999999999,203730131.944444,10305452796.815001,2016-07-27,2016-07-28,False,False
2016-07-28T00:00:00Z,2016-07-29T00:00:00Z,654.35199999999998,657.59500000000003,654.35199999999998,655.11400000000003,110872273.263889,10348472244.7703,2016-07-28,2016-07-29,False,False
2016-07-29T00:00:00Z,2016-07-30T00:00:00Z,655.03499999999997,657.79600000000005,654.78599999999994,656.93799999999999,74597371.527777806,10354102519.827299,2016-07-29,2016-07-30,False,False
2016-07-30T00:00:00Z,2016-07-31T00:00:00Z,656.99199999999996,658.22299999999996,654.20899999999995,655.05999999999995,46836811.498257801,10358880906.717699,2016-07-30,2016-07-31,False,False
2016-07-31T00:00:00Z,2016-08-01T00:00:00Z,655.04700000000003,655.28499999999997,624.36500000000001,625.03899999999999,72542631.818181798,10048699485.1598,2016-07-31,2016-08-01,False,False
2016-08-01T00:00:00Z,2016-08-02T00:00:00Z,624.68100000000004,626.11900000000003,605.88400000000001,605.96900000000005,110822137.63066199,9799820308.1378098,2016-08-01,2016-08-02,False,False
2016-08-02T00:00:00Z,2016-08-03T00:00:00Z,606.27200000000005,612.84799999999996,531.33399999999995,543.94200000000001,196876222.99651599,9411305736.3456593,2016-08-02,2016-08-03,False,False
2016-08-03T00:00:00Z,2016-08-04T00:00:00Z,547.46500000000003,573.36000000000001,541.54700000000003,566.42600000000004,324632854.16666698,8829829692.7438202,2016-08-03,2016-08-04,False,False
2016-08-04T00:00:00Z,2016-08-05T00:00:00Z,566.35500000000002,579.49599999999998,565.77700000000004,578.27499999999998,160473680.555556,9056020152.0755596,2016-08-04,2016-08-05,False,False
2016-08-05T00:00:00Z,2016-08-06T00:00:00Z,578.28899999999999,578.28899999999999,569.98199999999997,575.23599999999999,95773369.097222194,9067150441.8861198,2016-08-05,2016-08-06,False,False
2016-08-06T00:00:00Z,2016-08-07T00:00:00Z,575.04300000000001,588.39599999999996,569.46900000000005,587.76400000000001,69330264.111498296,9099573887.9814396,2016-08-06,2016-08-07,False,False
2016-08-07T00:00:00Z,2016-08-08T00:00:00Z,587.77800000000002,597.51300000000003,586.81600000000003,592.63199999999995,79466485.069444507,9331608997.3619404,2016-08-07,2016-08-08,False,False
2016-08-08T00:00:00Z,2016-08-09T00:00:00Z,592.69000000000005,592.99400000000003,588.04700000000003,590.97299999999996,70015740.972222194,9335525401.9139004,2016-08-08,2016-08-09,False,False
2016-08-09T00:00:00Z,2016-08-10T00:00:00Z,591.05399999999997,591.09100000000001,584.79300000000001,588.02499999999998,73643750.871080205,9297808196.5228996,2016-08-09,2016-08-10,False,False
2016-08-10T00:00:00Z,2016-08-11T00:00:00Z,587.80100000000004,599.98400000000004,586.37099999999998,591.84299999999996,91111603.472222194,9353227812.5609493,2016-08-10,2016-08-11,False,False
2016-08-11T00:00:00Z,2016-08-12T00:00:00Z,592.10299999999995,597.54200000000003,589.17399999999998,589.36000000000001,97622496.180555597,9379250713.3439407,2016-08-11,2016-08-12,False,False
2016-08-12T00:00:00Z,2016-08-13T00:00:00Z,589.12,589.90999999999997,583.81100000000004,587.63499999999999,69474705.555555597,9282413870.5466995,2016-08-12,2016-08-13,False,False
2016-08-13T00:00:00Z,2016-08-14T00:00:00Z,587.55899999999997,589.774,584.97900000000004,585.54499999999996,52623344.912280701,9283581717.4069405,2016-08-13,2016-08-14,False,False
2016-08-14T00:00:00Z,2016-08-15T00:00:00Z,585.58799999999997,585.66600000000005,564.78099999999995,570.38900000000001,47262262.152777798,9128637719.3160591,2016-08-14,2016-08-15,False,False
2016-08-15T00:00:00Z,2016-08-16T00:00:00Z,570.47299999999996,573.58000000000004,563.24000000000001,567.11199999999997,57812215.625,9010642457.7528992,2016-08-15,2016-08-16,False,False
2016-08-16T00:00:00Z,2016-08-17T00:00:00Z,567.24000000000001,581.73800000000006,566.71600000000001,577.35000000000002,57330814.285714298,9059677648.1197205,2016-08-16,2016-08-17,False,False
2016-08-17T00:00:00Z,2016-08-18T00:00:00Z,577.43899999999996,580.89400000000001,571.42999999999995,573.36000000000001,54881106.597222202,9117222414.1624107,2016-08-17,2016-08-18,False,False
2016-08-18T00:00:00Z,2016-08-19T00:00:00Z,573.21600000000001,577.79200000000003,573.21600000000001,574.18499999999995,56971537.847222202,9106471826.5105305,2016-08-18,2016-08-19,False,False
2016-08-19T00:00:00Z,2016-08-20T00:00:00Z,574.31799999999998,578.23800000000006,574.18200000000002,575.71400000000006,51539648.611111097,9111731860.3141403,2016-08-19,2016-08-20,False,False
2016-08-20T00:00:00Z,2016-08-21T00:00:00Z,575.63,582.81799999999998,575.45699999999999,581.71600000000001,49092969.230769202,9167746634.9847202,2016-08-20,2016-08-21,False,False
2016-08-21T00:00:00Z,2016-08-22T00:00:00Z,581.697,584.15800000000002,580.21799999999996,581.41700000000003,38074242.708333299,9211556967.1606693,2016-08-21,2016-08-22,False,False
2016-08-22T00:00:00Z,2016-08-23T00:00:00Z,581.30799999999999,588.44799999999998,580.59400000000005,586.83900000000006,44057568.531468503,9238977942.0060806,2016-08-22,2016-08-23,False,False
2016-08-23T00:00:00Z,2016-08-24T00:00:00Z,586.75300000000004,589.47400000000005,581.63400000000001,583.57100000000003,84514731.707317099,9259955227.3889904,2016-08-23,2016-08-24,False,False
2016-08-24T00:00:00Z,2016-08-25T00:00:00Z,583.41499999999996,583.59000000000003,579.85500000000002,580.11900000000003,71184209.7902098,9205786324.0947495,2016-08-24,2016-08-25,False,False
2016-08-25T00:00:00Z,2016-08-26T00:00:00Z,580.18200000000002,580.45100000000002,575.16700000000003,577.82799999999997,67968511.188811198,9127917641.5122108,2016-08-25,2016-08-26,False,False
2016-08-26T00:00:00Z,2016-08-27T00:00:00Z,577.76099999999997,580.62300000000005,576.85799999999995,579.58299999999997,100284686.41114999,9165415127.9383297,2016-08-26,2016-08-27,False,False
2016-08-27T00:00:00Z,2016-08-28T00:00:00Z,579.65099999999995,579.84500000000003,568.63,570.16399999999999,38651870.034843199,9090394636.4230595,2016-08-27,2016-08-28,False,False
2016-08-28T00:00:00Z,2016-08-29T00:00:00Z,569.947,574.03800000000001,569.74000000000001,573.89700000000005,65296326.388888903,9059324785.8117294,2016-08-28,2016-08-29,False,False
2016-08-29T00:00:00Z,2016-08-30T00:00:00Z,573.91200000000003,576.27800000000002,573.46500000000003,574.08299999999997,101891428.472222,9108827776.1928406,2016-08-29,2016-08-30,False,False
2016-08-30T00:00:00Z,2016-08-31T00:00:00Z,574.10699999999997,578.35699999999997,574.10699999999997,577.37099999999998,85788272.8222996,9138342998.8877602,2016-08-30,2016-08-31,False,False
2016-08-31T00:00:00Z,2016-09-01T00:00:00Z,577.50300000000004,577.86099999999999,573.64200000000005,575.32899999999995,71153201.041666701,9110302082.5420895,2016-08-31,2016-09-01,False,False
2016-09-01T00:00:00Z,2016-09-02T00:00:00Z,575.47199999999998,576.31100000000004,571.81399999999996,572.27999999999997,80798229.513888896,9086102203.3031292,2016-09-01,2016-09-02,False,False
2016-09-02T00:00:00Z,2016-09-03T00:00:00Z,572.303,575.64300000000003,570.81100000000004,575.53999999999996,70369930.902777806,9084822026.1792698,2016-09-02,2016-09-03,False,False
2016-09-03T00:00:00Z,2016-09-04T00:00:00Z,575.53700000000003,599.5,574.05600000000004,597.91800000000001,117160212.891986,9170824309.1882992,2016-09-03,2016-09-04,False,False
2016-09-04T00:00:00Z,2016-09-05T00:00:00Z,598.21199999999999,611.83699999999999,596.84799999999996,608.48099999999999,137766517.36111099,9572615058.9996395,2016-09-04,2016-09-05,False,False
2016-09-05T00:00:00Z,2016-09-06T00:00:00Z,608.63400000000001,609.05499999999995,602.24199999999996,606.53700000000003,86700343.055555597,9607822119.8884792,2016-09-05,2016-09-06,False,False
2016-09-06T00:00:00Z,2016-09-07T00:00:00Z,606.59000000000003,610.83000000000004,605.09100000000001,610.39599999999996,75871008.741258696,9635666172.6440506,2016-09-06,2016-09-07,False,False
2016-09-07T00:00:00Z,2016-09-08T00:00:00Z,610.43600000000004,614.54499999999996,608.51300000000003,614.54499999999996,75538939.236111104,9694847491.9944191,2016-09-07,2016-09-08,False,False
2016-09-08T00:00:00Z,2016-09-09T00:00:00Z,614.54399999999998,628.76999999999998,613.84400000000005,626.43299999999999,77496046.180555597,9863341084.0655804,2016-09-08,2016-09-09,False,False
2016-09-09T00:00:00Z,2016-09-10T00:00:00Z,626.31600000000003,626.83000000000004,620.26300000000003,622.92100000000005,77972635.191637605,9880306756.0643196,2016-09-09,2016-09-10,False,False
2016-09-10T00:00:00Z,2016-09-11T00:00:00Z,622.86099999999999,625.09500000000003,622.39499999999998,623.56100000000004,54251732.291666701,9890235232.6288204,2016-09-10,2016-09-11,False,False
2016-09-11T00:00:00Z,2016-09-12T00:00:00Z,623.50900000000001,628.81799999999998,600.50599999999997,606.529,46951278.8194445,9835237412.2776794,2016-09-11,2016-09-12,False,False
2016-09-12T00:00:00Z,2016-09-13T00:00:00Z,606.71900000000005,608.45899999999995,605.41099999999994,608.04600000000005,84417981.597222194,9634225623.4482403,2016-09-12,2016-09-13,False,False
2016-09-13T00:00:00Z,2016-09-14T00:00:00Z,608.24300000000005,611.19299999999998,606.92499999999995,609.08100000000002,78662132.404181197,9652358333.3012009,2016-09-13,2016-09-14,False,False
2016-09-14T00:00:00Z,2016-09-15T00:00:00Z,609.24099999999999,611.952,608.40999999999997,610.75400000000002,64383298.958333299,9674522477.9207096,2016-09-14,2016-09-15,False,False
2016-09-15T00:00:00Z,2016-09-16T00:00:00Z,610.68399999999997,611.08600000000001,607.25800000000004,607.25800000000004,48660730.902777798,9670370669.8694592,2016-09-15,2016-09-16,False,False
2016-09-16T00:00:00Z,2016-09-17T00:00:00Z,607.15499999999997,609.26099999999997,606.73500000000001,606.96600000000001,63099304.529616699,9648820153.8444195,2016-09-16,2016-09-17,False,False
2016-09-17T00:00:00Z,2016-09-18T00:00:00Z,606.97299999999996,607.86000000000001,605.19200000000001,606.13599999999997,51011591.3194445,9633600889.4488792,2016-09-17,2016-09-18,False,False
2016-09-18T00:00:00Z,2016-09-19T00:00:00Z,605.98400000000004,610.15800000000002,605.85599999999999,609.90700000000004,37640567.013888903,9658283083.1501808,2016-09-18,2016-09-19,False,False
2016-09-19T00:00:00Z,2016-09-20T00:00:00Z,609.87400000000002,610.93200000000002,608.26999999999998,609.21600000000001,50085907.638888903,9676462523.5878906,2016-09-19,2016-09-20,False,False
2016-09-20T00:00:00Z,2016-09-21T00:00:00Z,609.22699999999998,609.52499999999998,607.93799999999999,609.096,62883840.909090899,9668258464.5659294,2016-09-20,2016-09-21,False,False
2016-09-21T00:00:00Z,2016-09-22T00:00:00Z,608.31200000000001,608.31200000000001,595.88300000000004,597.07600000000002,82887118.402777806,9419749275.9240894,2016-09-21,2016-09-22,False,False
2016-09-22T00:00:00Z,2016-09-23T00:00:00Z,597.149,598.48699999999997,596.21299999999997,596.24800000000005,65936913.1944445,9492773287.3099499,2016-09-22,2016-09-23,False,False
2016-09-23T00:00:00Z,2016-09-24T00:00:00Z,596.298,603.20500000000004,595.78599999999994,602.86099999999999,58486785.365853697,9521680545.6276093,2016-09-23,2016-09-24,False,False
2016-09-24T00:00:00Z,2016-09-25T00:00:00Z,602.84199999999998,604.58000000000004,602.04499999999996,602.56899999999996,42244328.8194445,9585295472.6241703,2016-09-24,2016-09-25,False,False
2016-09-25T00:00:00Z,2016-09-26T00:00:00Z,602.625,603.38099999999997,599.71100000000001,600.85900000000004,31757622.222222202,9563241669.4735699,2016-09-25,2016-09-26,False,False
2016-09-26T00:00:00Z,2016-09-27T00:00:00Z,600.82600000000002,608.14300000000003,600.34900000000005,608.14300000000003,45146425,9606684662.9162197,2016-09-26,2016-09-27,False,False
2016-09-27T00:00:00Z,2016-09-28T00:00:00Z,608.04300000000001,608.24800000000005,604.11000000000001,606.13900000000001,51441799.651567899,9636362659.0943203,2016-09-27,2016-09-28,False,False
2016-09-28T00:00:00Z,2016-09-29T00:00:00Z,606.16600000000005,606.59000000000003,604.60699999999997,604.79700000000003,48282938.888888903,9622231084.4962807,2016-09-28,2016-09-29,False,False
2016-09-29T00:00:00Z,2016-09-30T00:00:00Z,604.72799999999995,606.82399999999996,604.72799999999995,605.59900000000005,50502702.430555597,9630692702.4907703,2016-09-29,2016-09-30,False,False
2016-09-30T00:00:00Z,2016-10-01T00:00:00Z,605.69299999999998,609.66999999999996,604.14200000000005,609.66999999999996,52696325.087108001,9630392326.0008907,2016-09-30,2016-10-01,False,False
2016-10-01T00:00:00Z,2016-10-02T00:00:00Z,609.73500000000001,615.23699999999997,609.73500000000001,613.96500000000003,57101440.972222202,9747090284.3456593,2016-10-01,2016-10-02,False,False
2016-10-02T00:00:00Z,2016-10-03T00:00:00Z,613.98299999999995,614.005,609.68200000000002,610.93399999999997,44198535.763888903,9728387495.8730106,2016-10-02,2016-10-03,False,False
2016-10-03T00:00:00Z,2016-10-04T00:00:00Z,610.89200000000005,612.56799999999998,610.45500000000004,612.07000000000005,39163971.180555597,9728951532.0243092,2016-10-03,2016-10-04,False,False
2016-10-04T00:00:00Z,2016-10-05T00:00:00Z,612.13300000000004,612.13300000000004,609.47900000000004,610.16399999999999,46644520.209059201,9705886932.5198593,2016-10-04,2016-10-05,False,False
2016-10-05T00:00:00Z,2016-10-06T00:00:00Z,610.20399999999995,613.81399999999996,609.61699999999996,612.53700000000003,58679546.180555597,9728699837.1231499,2016-10-05,2016-10-06,False,False
2016-10-06T00:00:00Z,2016-10-07T00:00:00Z,612.51099999999997,613.81899999999996,611.46900000000005,613.03099999999995,63005689.236111097,9743966060.4314308,2016-10-06,2016-10-07,False,False
2016-10-07T00:00:00Z,2016-10-08T00:00:00Z,613.02099999999996,617.91200000000003,611.82100000000003,617,59311434.146341503,9780756750.2730598,2016-10-07,2016-10-08,False,False
2016-10-08T00:00:00Z,2016-10-09T00:00:00Z,617.12099999999998,619.84900000000005,617.12099999999998,619.06899999999996,52949106.597222202,9844897942.3305302,2016-10-08,2016-10-09,False,False
2016-10-09T00:00:00Z,2016-10-10T00:00:00Z,619.10799999999995,619.19799999999998,616.60699999999997,616.60699999999997,34985031.25,9828524150.0110493,2016-10-09,2016-10-10,False,False
2016-10-10T00:00:00Z,2016-10-11T00:00:00Z,616.75199999999995,621.31799999999998,616.197,618.78599999999994,52663684.027777798,9835973621.5513992,2016-10-10,2016-10-11,False,False
2016-10-11T00:00:00Z,2016-10-12T00:00:00Z,618.99400000000003,642.08000000000004,618.5,641.51199999999994,87100804.181184694,10077784148.8666,2016-10-11,2016-10-12,False,False
2016-10-12T00:00:00Z,2016-10-13T00:00:00Z,641.072,641.33699999999999,635.96500000000003,636.22199999999998,80039599.652777806,10165756565.1663,2016-10-12,2016-10-13,False,False
2016-10-13T00:00:00Z,2016-10-14T00:00:00Z,636.19200000000001,638.83299999999997,635.029,636.68100000000004,88377529.720279694,10139241006.119699,2016-10-13,2016-10-14,False,False
2016-10-14T00:00:00Z,2016-10-15T00:00:00Z,636.78599999999994,641.28499999999997,636.78599999999994,640.31200000000001,57564542.1602787,10174333538.0693,2016-10-14,2016-10-15,False,False
2016-10-15T00:00:00Z,2016-10-16T00:00:00Z,640.37800000000004,642.10199999999998,637.38999999999999,638.47400000000005,46560357.638888903,10200784401.597799,2016-10-15,2016-10-16,False,False
2016-10-16T00:00:00Z,2016-10-17T00:00:00Z,638.64599999999996,642.89800000000002,638.64599999999996,641.404,36435858.333333299,10216554978.826401,2016-10-16,2016-10-17,False,False
2016-10-17T00:00:00Z,2016-10-18T00:00:00Z,641.63099999999997,642.32799999999997,638.66300000000001,639.197,47798667.708333299,10199581542.2684,2016-10-17,2016-10-18,False,False
2016-10-18T00:00:00Z,2016-10-19T00:00:00Z,639.19299999999998,640.73599999999999,635.99599999999998,637.92899999999997,58468497.560975596,10179104447.0051,2016-10-18,2016-10-19,False,False
2016-10-19T00:00:00Z,2016-10-20T00:00:00Z,637.96000000000004,638.87400000000002,628.01300000000003,630.54700000000003,66397501.388888903,10107177602.5651,2016-10-19,2016-10-20,False,False
2016-10-20T00:00:00Z,2016-10-21T00:00:00Z,630.51999999999998,631.91700000000003,628.25800000000004,630.98599999999999,63470632.291666701,10046410043.218901,2016-10-20,2016-10-21,False,False
2016-10-21T00:00:00Z,2016-10-22T00:00:00Z,630.85699999999997,634.09400000000005,630.69399999999996,632.89599999999996,55622919.512195103,10077438529.8564,2016-10-21,2016-10-22,False,False
2016-10-22T00:00:00Z,2016-10-23T00:00:00Z,632.82799999999997,658.197,632.82799999999997,656.81299999999999,57838451.736111097,10257239630.343599,2016-10-22,2016-10-23,False,False
2016-10-23T00:00:00Z,2016-10-24T00:00:00Z,657.29399999999998,661.12900000000002,653.88599999999997,656.90200000000004,73660304.861111104,10479403460.0261,2016-10-23,2016-10-24,False,False
2016-10-24T00:00:00Z,2016-10-25T00:00:00Z,657.07100000000003,657.25199999999995,652.59500000000003,653.94399999999996,54812772.916666701,10432603043.566299,2016-10-24,2016-10-25,False,False
2016-10-25T00:00:00Z,2016-10-26T00:00:00Z,653.76099999999997,664.42399999999998,653.69799999999998,657.24199999999996,67475012.587412596,10485003014.1033,2016-10-25,2016-10-26,False,False
2016-10-26T00:00:00Z,2016-10-27T00:00:00Z,657.58799999999997,679.72799999999995,657.58799999999997,678.48599999999999,89195878.819444507,10643478072.303499,2016-10-26,2016-10-27,False,False
2016-10-27T00:00:00Z,2016-10-28T00:00:00Z,678.30399999999997,688.59400000000005,678.03999999999996,687.94000000000005,99624057.638888896,10920134054.4478,2016-10-27,2016-10-28,False,False
2016-10-28T00:00:00Z,2016-10-29T00:00:00Z,688.31299999999999,690.44399999999996,684.16200000000003,689.53399999999999,79850239.3728223,10961272644.280001,2016-10-28,2016-10-29,False,False
2016-10-29T00:00:00Z,2016-10-30T00:00:00Z,689.65099999999995,720.40200000000004,689.65099999999995,714.68100000000004,106329576.140351,11290041295.814899,2016-10-29,2016-10-30,False,False
2016-10-30T00:00:00Z,2016-10-31T00:00:00Z,714.47900000000004,714.47900000000004,696.47500000000002,701.86000000000001,121896885.614035,11273594424.8088,2016-10-30,2016-10-31,False,False
2016-10-31T00:00:00Z,2016-11-01T00:00:00Z,701.86400000000003,709.28899999999999,691.68200000000002,701.01800000000003,96114875,11223992425.694901,2016-10-31,2016-11-01,False,False
2016-11-01T00:00:00Z,2016-11-02T00:00:00Z,700.97199999999998,736.452,700.97199999999998,729.59400000000005,110692678.745645,11547819857.223101,2016-11-01,2016-11-02,False,False
2016-11-02T00:00:00Z,2016-11-03T00:00:00Z,729.79300000000001,739.18200000000002,722.34900000000005,739.18200000000002,99340571.875,11605285493.0777,2016-11-02,2016-11-03,False,False
2016-11-03T00:00:00Z,2016-11-04T00:00:00Z,740.82899999999995,745.77300000000002,678.15599999999995,688.37099999999998,112407448.958333,11605444014.705601,2016-11-03,2016-11-04,False,False
2016-11-04T00:00:00Z,2016-11-05T00:00:00Z,688.70000000000005,706.92999999999995,685.56299999999999,703.36000000000001,154125034.84320599,11165490134.893,2016-11-04,2016-11-05,False,False
2016-11-05T00:00:00Z,2016-11-06T00:00:00Z,703.23500000000001,707.50999999999999,697.73900000000003,703.45399999999995,77267308.013937294,11215846166.6464,2016-11-05,2016-11-06,False,False
2016-11-06T00:00:00Z,2016-11-07T00:00:00Z,703.41800000000001,714.25800000000004,699.55999999999995,711.75199999999995,53804807.9710145,11313977031.4217,2016-11-06,2016-11-07,False,False
2016-11-07T00:00:00Z,2016-11-08T00:00:00Z,711.52200000000005,711.52200000000005,699.90300000000002,702.88300000000004,58087954.513888903,11234802751.7603,2016-11-07,2016-11-08,False,False
2016-11-08T00:00:00Z,2016-11-09T00:00:00Z,703.13099999999997,712.98699999999997,702.38999999999999,710.07500000000005,68798717.073170707,11286485758.650801,2016-11-08,2016-11-09,False,False
2016-11-09T00:00:00Z,2016-11-10T00:00:00Z,709.84799999999996,740.04600000000005,708.61000000000001,723.15200000000004,119932494.40559401,11598710624.2892,2016-11-09,2016-11-10,False,False
2016-11-10T00:00:00Z,2016-11-11T00:00:00Z,723.27300000000002,723.27300000000002,711.21000000000004,715.45899999999995,82331480.208333299,11430493236.875799,2016-11-10,2016-11-11,False,False
2016-11-11T00:00:00Z,2016-11-12T00:00:00Z,715.53399999999999,718.31799999999998,714.40999999999997,716.41800000000001,64807336.236933798,11434065030.3034,2016-11-11,2016-11-12,False,False
2016-11-12T00:00:00Z,2016-11-13T00:00:00Z,716.41099999999994,717.14800000000002,704.03499999999997,705.07000000000005,61269024.652777798,11342983331.556101,2016-11-12,2016-11-13,False,False
2016-11-13T00:00:00Z,2016-11-14T00:00:00Z,705.05399999999997,705.25699999999995,687.31500000000005,702.08699999999999,73459926.388888896,11135489796.9021,2016-11-13,2016-11-14,False,False
2016-11-14T00:00:00Z,2016-11-15T00:00:00Z,702.03099999999995,706.28399999999999,699.80799999999999,704.59000000000003,65292340.972222202,11230949592.749901,2016-11-14,2016-11-15,False,False
2016-11-15T00:00:00Z,2016-11-16T00:00:00Z,705.02099999999996,715.71799999999996,705.02099999999996,711.61900000000003,66096850.174216002,11382043739.5779,2016-11-15,2016-11-16,False,False
2016-11-16T00:00:00Z,2016-11-17T00:00:00Z,711.16700000000003,747.61500000000001,709.03899999999999,744.24599999999998,89130043.402777806,11584300850.188101,2016-11-16,2016-11-17,False,False
2016-11-17T00:00:00Z,2016-11-18T00:00:00Z,744.19799999999998,755.64499999999998,739.51099999999997,741.351,144202305.555556,11960737740.307699,2016-11-17,2016-11-18,False,False
2016-11-18T00:00:00Z,2016-11-19T00:00:00Z,740.97699999999998,752.88199999999995,736.88999999999999,751.77800000000002,90961645.644599304,11933996621.570601,2016-11-18,2016-11-19,False,False
2016-11-19T00:00:00Z,2016-11-20T00:00:00Z,751.58500000000004,756.23699999999997,744.46699999999998,751.48000000000002,93343541.666666701,12012141727.2139,2016-11-19,2016-11-20,False,False
2016-11-20T00:00:00Z,2016-11-21T00:00:00Z,751.61599999999999,755.48000000000002,717.94399999999996,730.99900000000002,117640286.111111,11898788060.326799,2016-11-20,2016-11-21,False,False
2016-11-21T00:00:00Z,2016-11-22T00:00:00Z,731.02599999999995,741.72199999999998,730.50999999999999,739.58299999999997,118941653.846154,11783435302.8598,2016-11-21,2016-11-22,False,False
2016-11-22T00:00:00Z,2016-11-23T00:00:00Z,739.24800000000005,753.87,736.52700000000004,751.36099999999999,94252221.527777806,11911952146.0362,2016-11-22,2016-11-23,False,False
2016-11-23T00:00:00Z,2016-11-24T00:00:00Z,751.34699999999998,752.25,738.92399999999998,744.58000000000004,99204152.097902104,11937022066.3785,2016-11-23,2016-11-24,False,False
2016-11-24T00:00:00Z,2016-11-25T00:00:00Z,744.59400000000005,746.83199999999999,733.49000000000001,740.44899999999996,75205758.041958094,11860369076.4391,2016-11-24,2016-11-25,False,False
2016-11-25T00:00:00Z,2016-11-26T00:00:00Z,740.28899999999999,741.61699999999996,734.59100000000001,741.61699999999996,80984567.247386798,11812201896.120199,2016-11-25,2016-11-26,False,False
2016-11-26T00:00:00Z,2016-11-27T00:00:00Z,741.649,742.21400000000006,729.625,735.61400000000003,57619770.731707297,11801498450.7523,2016-11-26,2016-11-27,False,False
2016-11-27T00:00:00Z,2016-11-28T00:00:00Z,735.38199999999995,739.01800000000003,731.08500000000004,731.98099999999999,50266237.847222202,11771465196.8284,2016-11-27,2016-11-28,False,False
2016-11-28T00:00:00Z,2016-11-29T00:00:00Z,732.03499999999997,738.00599999999997,732.03499999999997,735.77499999999998,57937868.292682901,11791154323.508101,2016-11-28,2016-11-29,False,False
2016-11-29T00:00:00Z,2016-11-30T00:00:00Z,735.81299999999999,737.471,734.55899999999997,735.70399999999995,63371901.388888903,11799308281.845501,2016-11-29,2016-11-30,False,False
2016-11-30T00:00:00Z,2016-12-01T00:00:00Z,735.60400000000004,747.92899999999997,735.60400000000004,745.71500000000003,71909452.777777806,11913320626.839399,2016-11-30,2016-12-01,False,False
2016-12-01T00:00:00Z,2016-12-02T00:00:00Z,745.69100000000003,758.27499999999998,745.69100000000003,756.52800000000002,81671993.031358898,12064275327.9697,2016-12-01,2016-12-02,False,False
2016-12-02T00:00:00Z,2016-12-03T00:00:00Z,756.774,781.29600000000005,756.774,777.70899999999995,109233269.337979,12408763574.2129,2016-12-02,2016-12-03,False,False
2016-12-03T00:00:00Z,2016-12-04T00:00:00Z,777.94399999999996,778.24800000000005,764.85599999999999,771.11199999999997,93172588.501742199,12354685182.945999,2016-12-03,2016-12-04,False,False
2016-12-04T00:00:00Z,2016-12-05T00:00:00Z,771.15499999999997,773.51999999999998,768.16099999999994,773.51999999999998,54885559.027777798,12359038943.8988,2016-12-04,2016-12-05,False,False
2016-12-05T00:00:00Z,2016-12-06T00:00:00Z,773.87199999999996,773.87199999999996,751.71299999999997,758.67399999999998,85394456.097561002,12188160806.769199,2016-12-05,2016-12-06,False,False
2016-12-06T00:00:00Z,2016-12-07T00:00:00Z,758.70000000000005,765.62199999999996,758.70000000000005,764.22299999999996,107064737.152778,12220752453.453501,2016-12-06,2016-12-07,False,False
2016-12-07T00:00:00Z,2016-12-08T00:00:00Z,764.22400000000005,771.54300000000001,759.75,768.14999999999998,101700798.611111,12269523753.987801,2016-12-07,2016-12-08,False,False
2016-12-08T00:00:00Z,2016-12-09T00:00:00Z,768.13199999999995,774.69799999999998,765.94600000000003,770.96400000000006,89858886.111111104,12358010470.254999,2016-12-08,2016-12-09,False,False
2016-12-09T00:00:00Z,2016-12-10T00:00:00Z,770.80999999999995,774.52800000000002,769.649,772.61300000000006,72929093.728222996,12364744099.186501,2016-12-09,2016-12-10,False,False
2016-12-10T00:00:00Z,2016-12-11T00:00:00Z,772.79399999999998,777.09199999999998,772.79399999999998,774.65200000000004,58084421.180555597,12429485122.043501,2016-12-10,2016-12-11,False,False
2016-12-11T00:00:00Z,2016-12-12T00:00:00Z,774.64999999999998,774.798,765.41200000000003,769.49199999999996,56882951.388888903,12328638340.089001,2016-12-11,2016-12-12,False,False
2016-12-12T00:00:00Z,2016-12-13T00:00:00Z,769.73099999999999,781.92200000000003,769.73099999999999,780.178,59464489.547038302,12464974516.827299,2016-12-12,2016-12-13,False,False
2016-12-13T00:00:00Z,2016-12-14T00:00:00Z,780.08699999999999,788.46000000000004,777.96199999999999,781.58299999999997,85151479.787233993,12542682149.186399,2016-12-13,2016-12-14,False,False
2016-12-14T00:00:00Z,2016-12-15T00:00:00Z,780.55600000000004,782.03399999999999,776.83900000000006,781.202,69247122.222222194,12513309790.1945,2016-12-14,2016-12-15,False,False
2016-12-15T00:00:00Z,2016-12-16T00:00:00Z,781.48099999999999,781.48099999999999,777.80200000000002,778.28999999999996,74894253.472222194,12483302563.391399,2016-12-15,2016-12-16,False,False
2016-12-16T00:00:00Z,2016-12-17T00:00:00Z,778.08799999999997,785.03200000000004,778.08799999999997,784.90499999999997,85846592.682926804,12576269809.2773,2016-12-16,2016-12-17,False,False
2016-12-17T00:00:00Z,2016-12-18T00:00:00Z,784.90700000000004,792.50900000000001,784.86400000000003,790.80999999999995,82170994.791666701,12688558279.763,2016-12-17,2016-12-18,False,False
2016-12-18T00:00:00Z,2016-12-19T00:00:00Z,790.82899999999995,794.73699999999997,788.02599999999995,790.24800000000005,60669056.597222202,12689756186.2684,2016-12-18,2016-12-19,False,False
2016-12-19T00:00:00Z,2016-12-20T00:00:00Z,790.52999999999997,793.61099999999999,790.32000000000005,792.827,63502918.118466899,12720756639.933901,2016-12-19,2016-12-20,False,False
2016-12-20T00:00:00Z,2016-12-21T00:00:00Z,792.71400000000006,801.33699999999999,791.49699999999996,801.19100000000003,75857992.361111104,12738205187.3736,2016-12-20,2016-12-21,False,False
2016-12-21T00:00:00Z,2016-12-22T00:00:00Z,800.87599999999998,832.06500000000005,799.40499999999997,832.06500000000005,125354639.930556,13072207095.510799,2016-12-21,2016-12-22,False,False
2016-12-22T00:00:00Z,2016-12-23T00:00:00Z,834.28099999999995,875.78200000000004,834.149,864.86099999999999,196388593.75,13802195495.0263,2016-12-22,2016-12-23,False,False
2016-12-23T00:00:00Z,2016-12-24T00:00:00Z,864.53999999999996,925.11699999999996,864.53999999999996,921.46799999999996,228715982.57839701,14500885278.168699,2016-12-23,2016-12-24,False,False
2016-12-24T00:00:00Z,2016-12-25T00:00:00Z,921.98400000000004,923.47900000000004,886.33500000000004,898.51499999999999,202748642.36111099,14554331404.8438,2016-12-24,2016-12-25,False,False
2016-12-25T00:00:00Z,2016-12-26T00:00:00Z,898.822,899.65200000000004,862.42399999999998,896.59000000000003,138141725.694444,14159858520.2022,2016-12-25,2016-12-26,False,False
2016-12-26T00:00:00Z,2016-12-27T00:00:00Z,896.18299999999999,913.18399999999997,896.18299999999999,907.03999999999996,131722613.240418,14555271835.7481,2016-12-26,2016-12-27,False,False
2016-12-27T00:00:00Z,2016-12-28T00:00:00Z,907.61000000000001,940.048,904.255,932.65499999999997,123503447.222222,14829955794.899799,2016-12-27,2016-12-28,False,False
2016-12-28T00:00:00Z,2016-12-29T00:00:00Z,933.19799999999998,975.78099999999995,933.19799999999998,975.78099999999995,201687708.33333299,15427706680.494499,2016-12-28,2016-12-29,False,False
2016-12-29T00:00:00Z,2016-12-30T00:00:00Z,975.92100000000005,979.39700000000005,954.50300000000004,973.58900000000006,219961975.694444,15582024480.391701,2016-12-29,2016-12-30,False,False
2016-12-30T00:00:00Z,2016-12-31T00:00:00Z,973.49699999999996,973.49699999999996,934.83299999999997,961.10699999999997,200429167.24738699,15353788149.8682,2016-12-30,2016-12-31,False,False
2016-12-31T00:00:00Z,2017-01-01T00:00:00Z,961.23800000000006,963.59900000000005,947.23599999999999,963.59900000000005,133581848.611111,15343691094.233601,2016-12-31,2017-01-01,False,False
2017-01-01T00:00:00Z,2017-01-02T00:00:00Z,963.74300000000005,1003.08,958.69899999999996,997.77700000000004,97854652.777777806,15686330629.7321,2017-01-01,2017-01-02,False,False
2017-01-02T00:00:00Z,2017-01-03T00:00:00Z,998.32500000000005,1031.3900000000001,996.702,1021.79,187143686.41115001,16343198030.429501,2017-01-02,2017-01-03,False,False
2017-01-03T00:00:00Z,2017-01-04T00:00:00Z,1021.75,1044.0799999999999,1021.6,1044.0799999999999,196321881.944444,16552062818.485901,2017-01-03,2017-01-04,False,False
2017-01-04T00:00:00Z,2017-01-05T00:00:00Z,1043.8399999999999,1159.4200000000001,1043.8399999999999,1153.54,236739190.972222,17558616450.981499,2017-01-04,2017-01-05,False,False
2017-01-05T00:00:00Z,2017-01-06T00:00:00Z,1154.73,1191.0999999999999,910.41700000000003,1010.62,431154142.36111099,17283913159.535301,2017-01-05,2017-01-06,False,False
2017-01-06T00:00:00Z,2017-01-07T00:00:00Z,1013.38,1046.8099999999999,883.94399999999996,902.20100000000002,437660606.27177697,15215489313.237101,2017-01-06,2017-01-07,False,False
2017-01-07T00:00:00Z,2017-01-08T00:00:00Z,903.48699999999997,908.572,823.55600000000004,908.572,322390361.11111099,14092019635.450899,2017-01-07,2017-01-08,False,False
2017-01-08T00:00:00Z,2017-01-09T00:00:00Z,908.58500000000004,942.72400000000005,887.24900000000002,909.923,198818402.777778,14738381597.2092,2017-01-08,2017-01-09,False,False
2017-01-09T00:00:00Z,2017-01-10T00:00:00Z,911.19899999999996,913.68600000000004,879.80700000000002,903.303,149843198.60627201,14451619137.523001,2017-01-09,2017-01-10,False,False
2017-01-10T00:00:00Z,2017-01-11T00:00:00Z,902.82799999999997,914.87300000000005,901.05999999999995,907.59000000000003,123322652.777778,14598616493.1733,2017-01-10,2017-01-11,False,False
2017-01-11T00:00:00Z,2017-01-12T00:00:00Z,907.67899999999997,919.44799999999998,762.76499999999999,778.88599999999997,188736649.305556,13680757275.918699,2017-01-11,2017-01-12,False,False
2017-01-12T00:00:00Z,2017-01-13T00:00:00Z,777.75699999999995,826.24599999999998,755.75599999999997,805.33100000000002,286729264.80836201,12538164944.971399,2017-01-12,2017-01-13,False,False
2017-01-13T00:00:00Z,2017-01-14T00:00:00Z,804.83399999999995,829.00099999999998,780.00300000000004,822.84100000000001,183620721.25435501,12957544839.5228,2017-01-13,2017-01-14,False,False
2017-01-14T00:00:00Z,2017-01-15T00:00:00Z,823.98400000000004,835.08500000000004,812.45600000000002,818.72000000000003,135653939.930556,13331049074.065599,2017-01-14,2017-01-15,False,False
2017-01-15T00:00:00Z,2017-01-16T00:00:00Z,818.41200000000003,823.30700000000002,812.87099999999998,821.82799999999997,81401579.166666701,13184877519.3498,2017-01-15,2017-01-16,False,False
2017-01-16T00:00:00Z,2017-01-17T00:00:00Z,821.798,834.52999999999997,820.27099999999996,831.32500000000005,74078441.811846703,13351746151.4219,2017-01-16,2017-01-17,False,False
2017-01-17T00:00:00Z,2017-01-18T00:00:00Z,831.53399999999999,910.56100000000004,830.79600000000005,907.34799999999996,119828898.263889,14128975686.5431,2017-01-17,2017-01-18,False,False
2017-01-18T00:00:00Z,2017-01-19T00:00:00Z,907.93799999999999,917.49900000000002,858.30399999999997,882.96799999999996,160508503.472222,14343702793.3859,2017-01-18,2017-01-19,False,False
2017-01-19T00:00:00Z,2017-01-20T00:00:00Z,886.61800000000005,904.61400000000003,884.33799999999997,899.44399999999996,111160397.916667,14428328588.6015,2017-01-19,2017-01-20,False,False
2017-01-20T00:00:00Z,2017-01-21T00:00:00Z,899.07299999999998,899.39800000000002,887.00800000000004,895.04200000000003,93650963.066202104,14409102218.9963,2017-01-20,2017-01-21,False,False
2017-01-21T00:00:00Z,2017-01-22T00:00:00Z,895.02599999999995,927.36699999999996,895.02599999999995,921.81299999999999,104795164.930556,14797105550.087299,2017-01-21,2017-01-22,False,False
2017-01-22T00:00:00Z,2017-01-23T00:00:00Z,921.78899999999999,937.52499999999998,897.56399999999996,923.61199999999997,99935815.972222194,14910004656.8559,2017-01-22,2017-01-23,False,False
2017-01-23T00:00:00Z,2017-01-24T00:00:00Z,924.673,928.26599999999996,916.73800000000006,921.60400000000004,93124419.163763106,14878299327.1845,2017-01-23,2017-01-24,False,False
2017-01-24T00:00:00Z,2017-01-25T00:00:00Z,921.01199999999994,924.14499999999998,892.28599999999994,892.28599999999994,96510647.916666701,14521285580.5804,2017-01-24,2017-01-25,False,False
2017-01-25T00:00:00Z,2017-01-26T00:00:00Z,892.68700000000001,903.25199999999995,891.68700000000001,901.29700000000003,103423122.916667,14485642973.497499,2017-01-25,2017-01-26,False,False
2017-01-26T00:00:00Z,2017-01-27T00:00:00Z,901.54200000000003,919.32600000000002,901.54200000000003,917.78800000000001,119703595.81881499,14686024162.021299,2017-01-26,2017-01-27,False,False
2017-01-27T00:00:00Z,2017-01-28T00:00:00Z,917.58600000000001,923.22299999999996,915.846,919.76400000000001,133798916.08391599,14850089984.1064,2017-01-27,2017-01-28,False,False
2017-01-28T00:00:00Z,2017-01-29T00:00:00Z,919.75,923.91099999999994,919.75,921.58299999999997,91621393.75,14870049775.1012,2017-01-28,2017-01-29,False,False
2017-01-29T00:00:00Z,2017-01-30T00:00:00Z,921.59000000000003,923.41800000000001,919.14800000000002,919.51800000000003,59983756.597222202,14879590267.177799,2017-01-29,2017-01-30,False,False
2017-01-30T00:00:00Z,2017-01-31T00:00:00Z,919.49599999999998,923.048,919.47400000000005,920.72799999999995,64508362.020905897,14876345029.006201,2017-01-30,2017-01-31,False,False
2017-01-31T00:00:00Z,2017-02-01T00:00:00Z,920.38199999999995,972.01900000000001,920.38199999999995,970.55499999999995,111377196.875,15209183747.1385,2017-01-31,2017-02-01,False,False
2017-02-01T00:00:00Z,2017-02-02T00:00:00Z,970.40300000000002,989.11400000000003,970.40300000000002,989.11400000000003,170890229.681979,15805376727.0394,2017-02-01,2017-02-02,False,False
2017-02-02T00:00:00Z,2017-02-03T00:00:00Z,989.02300000000002,1013.52,983.221,1011.67,133897802.78745601,16099601073.796499,2017-02-02,2017-02-03,False,False
2017-02-03T00:00:00Z,2017-02-04T00:00:00Z,1011.8,1033.8699999999999,1008.79,1028.74,189501097.222222,16529099346.6161,2017-02-03,2017-02-04,False,False
2017-02-04T00:00:00Z,2017-02-05T00:00:00Z,1029.9100000000001,1045.9000000000001,1015.16,1042.5599999999999,156215250,16654950352.070299,2017-02-04,2017-02-05,False,False
2017-02-05T00:00:00Z,2017-02-06T00:00:00Z,1042.9000000000001,1043.6300000000001,1022.37,1028.3399999999999,133484531.25,16717024915.046101,2017-02-05,2017-02-06,False,False
2017-02-06T00:00:00Z,2017-02-07T00:00:00Z,1027.3399999999999,1044.6400000000001,1027.3399999999999,1037.75,113484717.770035,16762333454.240601,2017-02-06,2017-02-07,False,False
2017-02-07T00:00:00Z,2017-02-08T00:00:00Z,1038.1500000000001,1061.9300000000001,1038.1500000000001,1061.26,130379906.25,17061730337.7952,2017-02-07,2017-02-08,False,False
2017-02-08T00:00:00Z,2017-02-09T00:00:00Z,1061.3499999999999,1078.97,1037.49,1062.99,181550142.36111099,17190497382.6651,2017-02-08,2017-02-09,False,False
2017-02-09T00:00:00Z,2017-02-10T00:00:00Z,1063.0699999999999,1088.99,953.34400000000005,992.93499999999995,266473874.56446001,16724473318.031,2017-02-09,2017-02-10,False,False
2017-02-10T00:00:00Z,2017-02-11T00:00:00Z,994.38300000000004,998.90499999999997,946.69100000000003,989.84100000000001,320292798.61111099,15759021323.4091,2017-02-10,2017-02-11,False,False
2017-02-11T00:00:00Z,2017-02-12T00:00:00Z,988.67399999999998,1009.29,982.83000000000004,1004.15,138468881.944444,16190892442.722401,2017-02-11,2017-02-12,False,False
2017-02-12T00:00:00Z,2017-02-13T00:00:00Z,1004.45,1004.76,996.92100000000005,999.09500000000003,77994253.819444507,16144778087.106899,2017-02-12,2017-02-13,False,False
2017-02-13T00:00:00Z,2017-02-14T00:00:00Z,999.18100000000004,1002.1,976.00199999999995,991.02599999999995,79602618.466898993,16058780070.0583,2017-02-13,2017-02-14,False,False
2017-02-14T00:00:00Z,2017-02-15T00:00:00Z,990.64200000000005,1011.51,986.471,1004.58,116930831.81818201,16192991714.4673,2017-02-14,2017-02-15,False,False
2017-02-15T00:00:00Z,2017-02-16T00:00:00Z,1004.55,1008.84,1001.58,1007.42,109565172.916667,16280711825.670799,2017-02-15,2017-02-16,False,False
2017-02-16T00:00:00Z,2017-02-17T00:00:00Z,1007.48,1033.3699999999999,1007.48,1027.5599999999999,100285827.1777,16500635207.9417,2017-02-16,2017-02-17,False,False
2017-02-17T00:00:00Z,2017-02-18T00:00:00Z,1027.4400000000001,1053.1700000000001,1025.6400000000001,1047.24,125479559.027778,16778854588.540701,2017-02-17,2017-02-18,False,False
2017-02-18T00:00:00Z,2017-02-19T00:00:00Z,1046.21,1061.0999999999999,1046.21,1054.1600000000001,119479334.722222,17128895718.2817,2017-02-18,2017-02-19,False,False
2017-02-19T00:00:00Z,2017-02-20T00:00:00Z,1054.4200000000001,1056.8099999999999,1043.46,1047.73,84642419.097222194,16998383618.614,2017-02-19,2017-02-20,False,False
2017-02-20T00:00:00Z,2017-02-21T00:00:00Z,1047.8699999999999,1080.49,1041.6900000000001,1080.49,79101966.5505227,17064955078.7799,2017-02-20,2017-02-21,False,False
2017-02-21T00:00:00Z,2017-02-22T00:00:00Z,1079.98,1117.25,1076.9300000000001,1115.23,151632350.694444,17685012641.551899,2017-02-21,2017-02-22,False,False
2017-02-22T00:00:00Z,2017-02-23T00:00:00Z,1115.3,1125.3900000000001,1100.55,1117.7,158114802.08333299,17978272042.506302,2017-02-22,2017-02-23,False,False
2017-02-23T00:00:00Z,2017-02-24T00:00:00Z,1117.4400000000001,1176.6199999999999,1116.96,1174.6300000000001,140449146.341463,18390776129.473202,2017-02-23,2017-02-24,False,False
2017-02-24T00:00:00Z,2017-02-25T00:00:00Z,1166.72,1200.3900000000001,1131.96,1173.8499999999999,300542034.72222197,19101340491.7635,2017-02-24,2017-02-25,False,False
2017-02-25T00:00:00Z,2017-02-26T00:00:00Z,1173.6800000000001,1174.8499999999999,1124.5899999999999,1143.1300000000001,196883670.13888901,18703608207.000801,2017-02-25,2017-02-26,False,False
2017-02-26T00:00:00Z,2017-02-27T00:00:00Z,1143.8399999999999,1167.47,1130.2,1165.5699999999999,133125041.666667,18682792691.810001,2017-02-26,2017-02-27,False,False
2017-02-27T00:00:00Z,2017-02-28T00:00:00Z,1165.2,1181.98,1163.3800000000001,1179.03,115890369.337979,18957409592.282001,2017-02-27,2017-02-28,False,False
2017-02-28T00:00:00Z,2017-03-01T00:00:00Z,1179.97,1193.25,1171.8199999999999,1179.74,166211258.74125901,19122174591.1535,2017-02-28,2017-03-01,False,False
2017-03-01T00:00:00Z,2017-03-02T00:00:00Z,1179.97,1221.4200000000001,1179.6900000000001,1221.4200000000001,165318934.027778,19360965289.819099,2017-03-01,2017-03-02,False,False
2017-03-02T00:00:00Z,2017-03-03T00:00:00Z,1222.5,1260.9000000000001,1215.6199999999999,1251.3499999999999,281175104.52961701,20013405607.469898,2017-03-02,2017-03-03,False,False
2017-03-03T00:00:00Z,2017-03-04T00:00:00Z,1251.01,1280.3099999999999,1250.71,1275.1400000000001,371834152.77777803,20503139440.390999,2017-03-03,2017-03-04,False,False
2017-03-04T00:00:00Z,2017-03-05T00:00:00Z,1274.99,1279.4000000000001,1230.51,1255.71,232846572.91666701,20534798043.849701,2017-03-04,2017-03-05,False,False
2017-03-05T00:00:00Z,2017-03-06T00:00:00Z,1255.1500000000001,1267.29,1238.0599999999999,1267.29,159470829.86111099,20309168247.2318,2017-03-05,2017-03-06,False,False
2017-03-06T00:00:00Z,2017-03-07T00:00:00Z,1267.1199999999999,1276,1264.5999999999999,1272.72,136216811.84669,20597529241.4021,2017-03-06,2017-03-07,False,False
2017-03-07T00:00:00Z,2017-03-08T00:00:00Z,1272.8299999999999,1275.55,1204.8,1223.8,212690409.722222,20209188488.186901,2017-03-07,2017-03-08,False,False
2017-03-08T00:00:00Z,2017-03-09T00:00:00Z,1223.54,1232.1600000000001,1148.0799999999999,1151.8299999999999,321602125,19335175815.380699,2017-03-08,2017-03-09,False,False
2017-03-09T00:00:00Z,2017-03-10T00:00:00Z,1150,1197.46,1141.23,1188.3499999999999,275023898.95470399,19021290582.195599,2017-03-09,2017-03-10,False,False
2017-03-10T00:00:00Z,2017-03-11T00:00:00Z,1188.49,1270.47,1077.25,1116.4200000000001,270583496.52777803,19425153403.543999,2017-03-10,2017-03-11,False,False
2017-03-11T00:00:00Z,2017-03-12T00:00:00Z,1116.72,1193.8299999999999,1116.3199999999999,1175.21,549515569.44444394,18929135401.0014,2017-03-11,2017-03-12,False,False
2017-03-12T00:00:00Z,2017-03-13T00:00:00Z,1175.8299999999999,1226.98,1175.3599999999999,1221.3900000000001,234017260.41666701,19380316109.761902,2017-03-12,2017-03-13,False,False
2017-03-13T00:00:00Z,2017-03-14T00:00:00Z,1221.3800000000001,1237.3699999999999,1217.03,1231.75,309097648.08362401,19891930052.1591,2017-03-13,2017-03-14,False,False
2017-03-14T00:00:00Z,2017-03-15T00:00:00Z,1231.9200000000001,1244.8099999999999,1220.72,1240.0599999999999,304416097.22222197,20017472281.178501,2017-03-14,2017-03-15,False,False
2017-03-15T00:00:00Z,2017-03-16T00:00:00Z,1240,1251.6099999999999,1239.75,1249.5599999999999,242288902.777778,20197900294.5051,2017-03-15,2017-03-16,False,False
2017-03-16T00:00:00Z,2017-03-17T00:00:00Z,1249.6099999999999,1257.98,1152.4400000000001,1188.54,477139602.78745598,19900188874.7598,2017-03-16,2017-03-17,False,False
2017-03-17T00:00:00Z,2017-03-18T00:00:00Z,1187.8099999999999,1187.8099999999999,1099.5699999999999,1099.5699999999999,716295673.61111104,18461300298.0079,2017-03-17,2017-03-18,False,False
2017-03-18T00:00:00Z,2017-03-19T00:00:00Z,1100.23,1114.0699999999999,957.65499999999997,973.31299999999999,591856656.25,17055437975.9744,2017-03-18,2017-03-19,False,False
2017-03-19T00:00:00Z,2017-03-20T00:00:00Z,973.81799999999998,1069.9100000000001,973.81799999999998,1038.05,558958687.5,16647414786.818899,2017-03-19,2017-03-20,False,False
2017-03-20T00:00:00Z,2017-03-21T00:00:00Z,1036.74,1063.03,1036.6800000000001,1053.3099999999999,342144305.26315802,17083194505.9767,2017-03-20,2017-03-21,False,False
2017-03-21T00:00:00Z,2017-03-22T00:00:00Z,1054.23,1122.4300000000001,1054.23,1119.9200000000001,304371954.86111099,17768541844.16,2017-03-21,2017-03-22,False,False
2017-03-22T00:00:00Z,2017-03-23T00:00:00Z,1120.54,1120.6500000000001,1014.21,1049.3800000000001,347011225.694444,17308488695.723598,2017-03-22,2017-03-23,False,False
2017-03-23T00:00:00Z,2017-03-24T00:00:00Z,1049.1400000000001,1058.01,1028.9300000000001,1038.3299999999999,309805721.25435501,16980444589.6,2017-03-23,2017-03-24,False,False
2017-03-24T00:00:00Z,2017-03-25T00:00:00Z,1038.5899999999999,1040.47,934.35799999999995,935.19200000000001,335641121.52777803,16215891512.865499,2017-03-24,2017-03-25,False,False
2017-03-25T00:00:00Z,2017-03-26T00:00:00Z,937.51999999999998,975.76099999999997,903.71299999999997,974.79899999999998,515419753.47222197,15175434107.627199,2017-03-25,2017-03-26,False,False
2017-03-26T00:00:00Z,2017-03-27T00:00:00Z,972.779,1007.96,954.18600000000004,964.90899999999999,336942430.555556,15856667135.2773,2017-03-26,2017-03-27,False,False
2017-03-27T00:00:00Z,2017-03-28T00:00:00Z,966.72500000000002,1046.4000000000001,966.72500000000002,1046.4000000000001,324184139.37282199,16435272947.564501,2017-03-27,2017-03-28,False,False
2017-03-28T00:00:00Z,2017-03-29T00:00:00Z,1045.77,1064.6500000000001,1027.73,1047.49,373652586.805556,16979559619.509701,2017-03-28,2017-03-29,False,False
2017-03-29T00:00:00Z,2017-03-30T00:00:00Z,1047.1500000000001,1055.1300000000001,1015.88,1039.6800000000001,323618635.41666698,16823470210.933701,2017-03-29,2017-03-30,False,False
2017-03-30T00:00:00Z,2017-03-31T00:00:00Z,1039.97,1049.29,1020.04,1026.28,294159104.52961701,16803351867.268,2017-03-30,2017-03-31,False,False
2017-03-31T00:00:00Z,2017-04-01T00:00:00Z,1026.4300000000001,1074.9200000000001,1026.4300000000001,1071.45,412114993.055556,17044786380.037201,2017-03-31,2017-04-01,False,False
2017-04-01T00:00:00Z,2017-04-02T00:00:00Z,1071.79,1091.72,1061.0899999999999,1080.28,352716725.694444,17462864784.252399,2017-04-01,2017-04-02,False,False
2017-04-02T00:00:00Z,2017-04-03T00:00:00Z,1080.5,1107.5899999999999,1075.45,1102.04,329828510.41666698,17675270292.591202,2017-04-02,2017-04-03,False,False
2017-04-03T00:00:00Z,2017-04-04T00:00:00Z,1102.1700000000001,1151.74,1102.1700000000001,1142.26,631703843.20557499,18437952251.767101,2017-04-03,2017-04-04,False,False
2017-04-04T00:00:00Z,2017-04-05T00:00:00Z,1143.8099999999999,1156.4400000000001,1120.52,1132.8,507484461.805556,18552322316.246399,2017-04-04,2017-04-05,False,False
2017-04-05T00:00:00Z,2017-04-06T00:00:00Z,1133.25,1135.0899999999999,1113.6300000000001,1124.3299999999999,372516399.305556,18290269306.6534,2017-04-05,2017-04-06,False,False
2017-04-06T00:00:00Z,2017-04-07T00:00:00Z,1124.78,1188.3699999999999,1124.78,1183.28,462829588.85017401,18802371426.983101,2017-04-06,2017-04-07,False,False
2017-04-07T00:00:00Z,2017-04-08T00:00:00Z,1182.6800000000001,1186.5799999999999,1163.3900000000001,1176.21,425674375,19062087292.692299,2017-04-07,2017-04-08,False,False
2017-04-08T00:00:00Z,2017-04-09T00:00:00Z,1176.9000000000001,1184.98,1162.5799999999999,1175.6500000000001,259772184.027778,19056046736.1898,2017-04-08,2017-04-09,False,False
2017-04-09T00:00:00Z,2017-04-10T00:00:00Z,1175.95,1197.21,1171.8599999999999,1188.05,195427494.77351901,19233284440.702499,2017-04-09,2017-04-10,False,False
2017-04-10T00:00:00Z,2017-04-11T00:00:00Z,1187.8699999999999,1190.3399999999999,1179.04,1186.5799999999999,237790038.194444,19278273103.299599,2017-04-10,2017-04-11,False,False
2017-04-11T00:00:00Z,2017-04-12T00:00:00Z,1187.1300000000001,1208.0699999999999,1187.1300000000001,1205.76,213989114.58333299,19472888909.334801,2017-04-11,2017-04-12,False,False
2017-04-12T00:00:00Z,2017-04-13T00:00:00Z,1205.01,1207.1400000000001,1196.76,1200.8499999999999,238212826.38888901,19541973619.500702,2017-04-12,2017-04-13,False,False
2017-04-13T00:00:00Z,2017-04-14T00:00:00Z,1200.3699999999999,1205.8900000000001,1156.4400000000001,1169.01,331760947.735192,19232746359.156601,2017-04-13,2017-04-14,False,False
2017-04-14T00:00:00Z,2017-04-15T00:00:00Z,1169.28,1190.8,1159.79,1167.8099999999999,296431496.52777803,19087997123.207699,2017-04-14,2017-04-15,False,False
2017-04-15T00:00:00Z,2017-04-16T00:00:00Z,1167.54,1188,1164.96,1172.48,218630489.58333299,19168053317.186001,2017-04-15,2017-04-16,False,False
2017-04-16T00:00:00Z,2017-04-17T00:00:00Z,1172.52,1187.22,1172.52,1183.1900000000001,192055550.52264801,19224833435.278099,2017-04-16,2017-04-17,False,False
2017-04-17T00:00:00Z,2017-04-18T00:00:00Z,1182.9400000000001,1194.9000000000001,1172.6500000000001,1193.99,209076972.222222,19251464916.487801,2017-04-17,2017-04-18,False,False
2017-04-18T00:00:00Z,2017-04-19T00:00:00Z,1193.9100000000001,1217.5699999999999,1193.77,1211.6800000000001,272997781.25,19687877654.499901,2017-04-18,2017-04-19,False,False
2017-04-19T00:00:00Z,2017-04-20T00:00:00Z,1211.6700000000001,1215.51,1205.0799999999999,1209.9300000000001,249810510.41666701,19692568944.4501,2017-04-19,2017-04-20,False,False
2017-04-20T00:00:00Z,2017-04-21T00:00:00Z,1210.29,1240.79,1208.4100000000001,1229.01,296555982.57839698,19882597171.6586,2017-04-20,2017-04-21,False,False
2017-04-21T00:00:00Z,2017-04-22T00:00:00Z,1229.0799999999999,1235.9400000000001,1215.5599999999999,1221.54,297994753.47222197,19948986269.383701,2017-04-21,2017-04-22,False,False
2017-04-22T00:00:00Z,2017-04-23T00:00:00Z,1222.05,1235.5599999999999,1208.47,1232.1300000000001,239769750,19961086563.850201,2017-04-22,2017-04-23,False,False
2017-04-23T00:00:00Z,2017-04-24T00:00:00Z,1231.71,1232.2,1203.9400000000001,1206.77,267381637.63066199,19869434389.6964,2017-04-23,2017-04-24,False,False
2017-04-24T00:00:00Z,2017-04-25T00:00:00Z,1207.21,1250.9400000000001,1207.21,1250.3499999999999,250969298.61111099,20023617054.814098,2017-04-24,2017-04-25,False,False
2017-04-25T00:00:00Z,2017-04-26T00:00:00Z,1250.1500000000001,1267.5799999999999,1249.97,1265.3,225315503.472222,20503387221.0387,2017-04-25,2017-04-26,False,False
2017-04-26T00:00:00Z,2017-04-27T00:00:00Z,1265.49,1294.8299999999999,1265.49,1281.0899999999999,267342812.5,20832327325.498699,2017-04-26,2017-04-27,False,False
2017-04-27T00:00:00Z,2017-04-28T00:00:00Z,1281.0799999999999,1319.7,1281.0799999999999,1317.9300000000001,391933351.91637599,21206358837.0406,2017-04-27,2017-04-28,False,False
2017-04-28T00:00:00Z,2017-04-29T00:00:00Z,1317.73,1331.28,1292.3699999999999,1316.8399999999999,500212295.13888901,21377949011.081402,2017-04-28,2017-04-29,False,False
2017-04-29T00:00:00Z,2017-04-30T00:00:00Z,1316.48,1327.2,1315.21,1321.53,458149631.944444,21567974759.863602,2017-04-29,2017-04-30,False,False
2017-04-30T00:00:00Z,2017-05-01T00:00:00Z,1321.79,1347.9100000000001,1314.9200000000001,1347.9100000000001,361906975.60975599,21565527585.1749,2017-04-30,2017-05-01,False,False
2017-05-01T00:00:00Z,2017-05-02T00:00:00Z,1347.8900000000001,1434.3199999999999,1347.8900000000001,1422.5,559505677.08333302,22632430278.497101,2017-05-01,2017-05-02,False,False
2017-05-02T00:00:00Z,2017-05-03T00:00:00Z,1421.5999999999999,1473.9000000000001,1415.6900000000001,1452.8399999999999,627462531.25,23515799855.020401,2017-05-02,2017-05-03,False,False
2017-05-03T00:00:00Z,2017-05-04T00:00:00Z,1452.8199999999999,1492.77,1447.49,1488.8199999999999,473923562.5,23921954688.4296,2017-05-03,2017-05-04,False,False
2017-05-04T00:00:00Z,2017-05-05T00:00:00Z,1490.0899999999999,1608.9100000000001,1490.0899999999999,1533.9300000000001,726866114.98257804,25019062026.5979,2017-05-04,2017-05-05,False,False
2017-05-05T00:00:00Z,2017-05-06T00:00:00Z,1537.6700000000001,1618.03,1530.3099999999999,1555.8900000000001,1041419906.25,25881001354.8694,2017-05-05,2017-05-06,False,False
2017-05-06T00:00:00Z,2017-05-07T00:00:00Z,1555.45,1578.7,1542.5,1578.7,730011385.41666698,25528484231.036701,2017-05-06,2017-05-07,False,False
2017-05-07T00:00:00Z,2017-05-08T00:00:00Z,1578.8,1596.72,1559.76,1596.72,734935616.19718301,25702776385.4487,2017-05-07,2017-05-08,False,False
2017-05-08T00:00:00Z,2017-05-09T00:00:00Z,1596.71,1723.03,1596.71,1723.03,1338145243.0555601,27041680536.408298,2017-05-08,2017-05-09,False,False
2017-05-09T00:00:00Z,2017-05-10T00:00:00Z,1723.3499999999999,1833.49,1716.3,1754.51,1276492822.9166701,29065176745.073799,2017-05-09,2017-05-10,False,False
2017-05-10T00:00:00Z,2017-05-11T00:00:00Z,1755.3599999999999,1788.4400000000001,1719.0999999999999,1780.6900000000001,997842652.77777803,28616954500.075001,2017-05-10,2017-05-11,False,False
2017-05-11T00:00:00Z,2017-05-12T00:00:00Z,1787.1300000000001,1873.9300000000001,1755.3499999999999,1847.5599999999999,847431449.47735202,29818166962.567101,2017-05-11,2017-05-12,False,False
2017-05-12T00:00:00Z,2017-05-13T00:00:00Z,1848.5699999999999,1856.1500000000001,1694.01,1723.97,740455055.55555606,29257381571.937302,2017-05-12,2017-05-13,False,False
2017-05-13T00:00:00Z,2017-05-14T00:00:00Z,1724.24,1812.99,1651.0799999999999,1796.03,712328076.38888896,28322378123.4314,2017-05-13,2017-05-14,False,False
2017-05-14T00:00:00Z,2017-05-15T00:00:00Z,1804.9100000000001,1831.4200000000001,1776.6199999999999,1804.8,462909909.40766603,29428815729.9655,2017-05-14,2017-05-15,False,False
2017-05-15T00:00:00Z,2017-05-16T00:00:00Z,1808.9100000000001,1812.8,1708.54,1741.6400000000001,552691618.05555606,28687166177.653301,2017-05-15,2017-05-16,False,False
2017-05-16T00:00:00Z,2017-05-17T00:00:00Z,1738.4300000000001,1785.9400000000001,1686.54,1735.5799999999999,885833211.80555606,28364050777.049301,2017-05-16,2017-05-17,False,False
2017-05-17T00:00:00Z,2017-05-18T00:00:00Z,1734.45,1864.05,1661.9100000000001,1828.8399999999999,1042104329.86111,29184530053.444801,2017-05-17,2017-05-18,False,False
2017-05-18T00:00:00Z,2017-05-19T00:00:00Z,1839.0899999999999,1904.48,1810.05,1900.26,929347452.96167195,29950068900.091099,2017-05-18,2017-05-19,False,False
2017-05-19T00:00:00Z,2017-05-20T00:00:00Z,1888.6500000000001,2004.52,1888.6500000000001,1985.77,985780475.69444394,31896012907.687599,2017-05-19,2017-05-20,False,False
2017-05-20T00:00:00Z,2017-05-21T00:00:00Z,1987.71,2082.6599999999999,1974.9200000000001,2075.5300000000002,1032247421.60279,32820314571.447899,2017-05-20,2017-05-21,False,False
2017-05-21T00:00:00Z,2017-05-22T00:00:00Z,2084.73,2119.0799999999999,2037.5,2042.6600000000001,1021048195.12195,33574604429.549702,2017-05-21,2017-05-22,False,False
2017-05-22T00:00:00Z,2017-05-23T00:00:00Z,2041.2,2303.9000000000001,2017.8699999999999,2149.5300000000002,1659823506.9444399,35901483341.290298,2017-05-22,2017-05-23,False,False
2017-05-23T00:00:00Z,2017-05-24T00:00:00Z,2173.4000000000001,2320.8200000000002,2173.4000000000001,2320.8200000000002,1629465555.5555601,37210685296.555397,2017-05-23,2017-05-24,False,False
2017-05-24T00:00:00Z,2017-05-25T00:00:00Z,2320.4200000000001,2523.7199999999998,2320.4200000000001,2447.5100000000002,1546131597.2222199,39430403922.171799,2017-05-24,2017-05-25,False,False
2017-05-25T00:00:00Z,2017-05-26T00:00:00Z,2443.6399999999999,2763.71,2285.3000000000002,2323.4400000000001,2184829964.4128098,42136987704.683502,2017-05-25,2017-05-26,False,False
2017-05-26T00:00:00Z,2017-05-27T00:00:00Z,2304.98,2573.79,2071.9899999999998,2204.8200000000002,2112225243.0555601,39129052532.3125,2017-05-26,2017-05-27,False,False
2017-05-27T00:00:00Z,2017-05-28T00:00:00Z,2202.4200000000001,2260.1999999999998,1855.8299999999999,2027.72,1806832222.2222199,33531531662.176899,2017-05-27,2017-05-28,False,False
2017-05-28T00:00:00Z,2017-05-29T00:00:00Z,2038.8699999999999,2267.3400000000001,2038.8699999999999,2157.0500000000002,1430073693.3797901,35527733790.188904,2017-05-28,2017-05-29,False,False
2017-05-29T00:00:00Z,2017-05-30T00:00:00Z,2155.8000000000002,2307.0500000000002,2107.1700000000001,2248.6700000000001,941405114.58333302,36058892128.264603,2017-05-29,2017-05-30,False,False
2017-05-30T00:00:00Z,2017-05-31T00:00:00Z,2255.6100000000001,2301.96,2124.5700000000002,2159.4400000000001,1199369798.61111,36879096942.987602,2017-05-30,2017-05-31,False,False
2017-05-31T00:00:00Z,2017-06-01T00:00:00Z,2175.4699999999998,2311.0799999999999,2145.5700000000002,2289.1199999999999,1612583333.3333299,36685579427.939499,2017-05-31,2017-06-01,False,False
2017-06-01T00:00:00Z,2017-06-02T00:00:00Z,2286.4099999999999,2448.3899999999999,2286.4099999999999,2401.8000000000002,1615621010.45296,39031501458.951302,2017-06-01,2017-06-02,False,False
2017-06-02T00:00:00Z,2017-06-03T00:00:00Z,2407.8800000000001,2484.6199999999999,2373.3200000000002,2481.1599999999999,1437146944.4444399,39588543260.610497,2017-06-02,2017-06-03,False,False
2017-06-03T00:00:00Z,2017-06-04T00:00:00Z,2488.5500000000002,2581.9099999999999,2423.5700000000002,2557.0500000000002,1357441736.11111,41050941794.126503,2017-06-03,2017-06-04,False,False
2017-06-04T00:00:00Z,2017-06-05T00:00:00Z,2515.3499999999999,2585.8899999999999,2452.54,2522.0700000000002,1512326341.4634099,41592968557.973099,2017-06-04,2017-06-05,False,False
2017-06-05T00:00:00Z,2017-06-06T00:00:00Z,2511.8099999999999,2681.9699999999998,2510.2199999999998,2679.5100000000002,1263812083.3333299,42345003196.014999,2017-06-05,2017-06-06,False,False
2017-06-06T00:00:00Z,2017-06-07T00:00:00Z,2686.8099999999999,2999.9099999999999,2686.8099999999999,2868.0700000000002,1904174738.6759601,46399724054.728699,2017-06-06,2017-06-07,False,False
2017-06-07T00:00:00Z,2017-06-08T00:00:00Z,2863.1999999999998,2869.3800000000001,2700.5599999999999,2735.6399999999999,1651149107.1428599,46201881714.439796,2017-06-07,2017-06-08,False,False
2017-06-08T00:00:00Z,2017-06-09T00:00:00Z,2732.1599999999999,2815.3000000000002,2670.9499999999998,2805.79,1449076620.20906,45038070968.3395,2017-06-08,2017-06-09,False,False
2017-06-09T00:00:00Z,2017-06-10T00:00:00Z,2805.6199999999999,2901.71,2795.6199999999999,2813.3299999999999,1261414618.0555601,46377568565.261299,2017-06-09,2017-06-10,False,False
2017-06-10T00:00:00Z,2017-06-11T00:00:00Z,2823.8099999999999,2950.9899999999998,2746.5500000000002,2950.9899999999998,1607817465.2777801,46809628484.385201,2017-06-10,2017-06-11,False,False
2017-06-11T00:00:00Z,2017-06-12T00:00:00Z,2947.71,2996.5999999999999,2840.5300000000002,2964.0799999999999,2008677202.7972,47637489620.1866,2017-06-11,2017-06-12,False,False
2017-06-12T00:00:00Z,2017-06-13T00:00:00Z,2958.1100000000001,2997.2600000000002,2518.5599999999999,2672.3400000000001,1975583680.5555601,45981996911.796898,2017-06-12,2017-06-13,False,False
2017-06-13T00:00:00Z,2017-06-14T00:00:00Z,2659.6300000000001,2789.04,2650.3800000000001,2720.7199999999998,2372858710.8013902,44936810238.074799,2017-06-13,2017-06-14,False,False
2017-06-14T00:00:00Z,2017-06-15T00:00:00Z,2717.02,2786.8299999999999,2412.9400000000001,2502.5799999999999,1594579583.3333299,43799593831.460701,2017-06-14,2017-06-15,False,False
2017-06-15T00:00:00Z,2017-06-16T00:00:00Z,2506.3699999999999,2534.71,2212.96,2459.1900000000001,1901055540.06969,39341909495.376297,2017-06-15,2017-06-16,False,False
2017-06-16T00:00:00Z,2017-06-17T00:00:00Z,2464.5799999999999,2539.9200000000001,2385.1500000000001,2519.5799999999999,1610873750,40821932336.8451,2017-06-16,2017-06-17,False,False
2017-06-17T00:00:00Z,2017-06-18T00:00:00Z,2518.5599999999999,2685.1900000000001,2484.96,2656.5700000000002,1342702752.61324,42367543063.464798,2017-06-17,2017-06-18,False,False
2017-06-18T00:00:00Z,2017-06-19T00:00:00Z,2655.8800000000001,2662.0999999999999,2516.3299999999999,2547.9699999999998,1388967874.56446,42488909705.115501,2017-06-18,2017-06-19,False,False
2017-06-19T00:00:00Z,2017-06-20T00:00:00Z,2548.29,2610.3000000000002,2548.29,2594.1199999999999,1237458432.0557499,42336746351.949799,2017-06-19,2017-06-20,False,False
2017-06-20T00:00:00Z,2017-06-21T00:00:00Z,2589.5999999999999,2763.4499999999998,2589.5999999999999,2718.4899999999998,1575387560.97561,43548158023.084999,2017-06-20,2017-06-21,False,False
2017-06-21T00:00:00Z,2017-06-22T00:00:00Z,2721.79,2772.0100000000002,2660.4000000000001,2693.21,1743498571.42857,44391409680.527603,2017-06-21,2017-06-22,False,False
2017-06-22T00:00:00Z,2017-06-23T00:00:00Z,2689.0999999999999,2723.7399999999998,2642.3600000000001,2704.4099999999999,1417746458.3333299,44226503618.8517,2017-06-22,2017-06-23,False,False
2017-06-23T00:00:00Z,2017-06-24T00:00:00Z,2705.4099999999999,2765.1700000000001,2705.4099999999999,2740.77,1033497982.63889,44968272011.021599,2017-06-23,2017-06-24,False,False
2017-06-24T00:00:00Z,2017-06-25T00:00:00Z,2744.9099999999999,2757.9400000000001,2583.1900000000001,2610.0500000000002,926337222.22222197,44276696645.101097,2017-06-24,2017-06-25,False,False
2017-06-25T00:00:00Z,2017-06-26T00:00:00Z,2608.7199999999998,2682.2600000000002,2552.1199999999999,2589.8600000000001,1022550449.12281,42966779382.097603,2017-06-25,2017-06-26,False,False
2017-06-26T00:00:00Z,2017-06-27T00:00:00Z,2589.4099999999999,2615.25,2376.29,2421.54,1288583864.5418301,41527667767.910599,2017-06-26,2017-06-27,False,False
2017-06-27T00:00:00Z,2017-06-28T00:00:00Z,2478.4499999999998,2536.5300000000002,2332.9899999999998,2536.5300000000002,1568822403.10078,40197236470.602997,2017-06-27,2017-06-28,False,False
2017-06-28T00:00:00Z,2017-06-29T00:00:00Z,2552.4499999999998,2603.98,2484.4200000000001,2582.2399999999998,1368180714.2857101,41716600486.6278,2017-06-28,2017-06-29,False,False
2017-06-29T00:00:00Z,2017-06-30T00:00:00Z,2574.79,2588.8299999999999,2510.48,2541.8600000000001,1075823951.2195101,41934600218.279503,2017-06-29,2017-06-30,False,False
2017-06-30T00:00:00Z,2017-07-01T00:00:00Z,2539.3200000000002,2559.25,2478.4299999999998,2483.6999999999998,937901392.36111104,41500600221.966904,2017-06-30,2017-07-01,False,False
2017-07-01T00:00:00Z,2017-07-02T00:00:00Z,2480.8400000000001,2515.27,2419.23,2435.5700000000002,816500590.27777803,40836859702.160599,2017-07-01,2017-07-02,False,False
2017-07-02T00:00:00Z,2017-07-03T00:00:00Z,2434.5500000000002,2514.2800000000002,2394.8400000000001,2511.3099999999999,774739707.31707299,40223413322.741997,2017-07-02,2017-07-03,False,False
2017-07-03T00:00:00Z,2017-07-04T00:00:00Z,2506.4699999999998,2595,2480.4699999999998,2567,885058337.97909403,41454268437.455101,2017-07-03,2017-07-04,False,False
2017-07-04T00:00:00Z,2017-07-05T00:00:00Z,2564.0599999999999,2631.5900000000001,2559.3499999999999,2602.27,984523239.58333302,42661233036.497101,2017-07-04,2017-07-05,False,False
2017-07-05T00:00:00Z,2017-07-06T00:00:00Z,2601.6399999999999,2622.6500000000001,2538.5500000000002,2602.1199999999999,940907729.16666698,42324267936.875603,2017-07-05,2017-07-06,False,False
2017-07-06T00:00:00Z,2017-07-07T00:00:00Z,2601.9899999999998,2616.7199999999998,2581.6900000000001,2610.5999999999999,855108846.68989599,42767295308.169502,2017-07-06,2017-07-07,False,False
2017-07-07T00:00:00Z,2017-07-08T00:00:00Z,2608.5599999999999,2916.1399999999999,2498.8699999999999,2520.75,795842916.66666698,42038887407.633102,2017-07-07,2017-07-08,False,False
2017-07-08T00:00:00Z,2017-07-09T00:00:00Z,2518.6599999999999,2569.8400000000001,2492.3099999999999,2567.8699999999999,860610090.27777803,41539007844.657501,2017-07-08,2017-07-09,False,False
2017-07-09T00:00:00Z,2017-07-10T00:00:00Z,2571.3400000000001,2635.4899999999998,2517.5900000000001,2517.5900000000001,604168879.56204402,42231153309.486702,2017-07-09,2017-07-10,False,False
2017-07-10T00:00:00Z,2017-07-11T00:00:00Z,2518.4400000000001,2537.1599999999999,2321.1300000000001,2366.4000000000001,678839627.65957499,40817237824.676903,2017-07-10,2017-07-11,False,False
2017-07-11T00:00:00Z,2017-07-12T00:00:00Z,2372.5599999999999,2413.4699999999998,2296.8099999999999,2340.7800000000002,1409258055.5555601,38995537206.563797,2017-07-11,2017-07-12,False,False
2017-07-12T00:00:00Z,2017-07-13T00:00:00Z,2337.79,2423.71,2275.1399999999999,2399.0100000000002,1122298913.70558,38756181593.395897,2017-07-12,2017-07-13,False,False
2017-07-13T00:00:00Z,2017-07-14T00:00:00Z,2398.8400000000001,2425.2199999999998,2340.8299999999999,2360.2399999999998,1010762498.23322,39245449471.8386,2017-07-13,2017-07-14,False,False
2017-07-14T00:00:00Z,2017-07-15T00:00:00Z,2357.9000000000001,2363.25,2183.2199999999998,2226.3600000000001,767717547.03832805,37785005617.877403,2017-07-14,2017-07-15,False,False
2017-07-15T00:00:00Z,2017-07-16T00:00:00Z,2233.3400000000001,2233.3400000000001,1990.4100000000001,2007.3699999999999,986982045.13888896,34346519683.524899,2017-07-15,2017-07-16,False,False
2017-07-16T00:00:00Z,2017-07-17T00:00:00Z,1998.8599999999999,2058.77,1843.03,1922.72,1033100534.7222199,32032252666.132099,2017-07-16,2017-07-17,False,False
2017-07-17T00:00:00Z,2017-07-18T00:00:00Z,1929.8199999999999,2230.4899999999998,1929.8199999999999,2225.04,1167305540.06969,33967109053.559399,2017-07-17,2017-07-18,False,False
2017-07-18T00:00:00Z,2017-07-19T00:00:00Z,2228.4099999999999,2387.6100000000001,2164.77,2329.8000000000002,1294231597.2222199,37592621360.828499,2017-07-18,2017-07-19,False,False
2017-07-19T00:00:00Z,2017-07-20T00:00:00Z,2318.8800000000001,2397.1700000000001,2260.23,2283.0799999999999,1460736006.9444399,38319359153.3508,2017-07-19,2017-07-20,False,False
2017-07-20T00:00:00Z,2017-07-21T00:00:00Z,2273.4299999999998,2900.6999999999998,2269.8899999999999,2801.5999999999999,1435910381.9444399,40792351398.047897,2017-07-20,2017-07-21,False,False
2017-07-21T00:00:00Z,2017-07-22T00:00:00Z,2817.5999999999999,2838.4099999999999,2621.8499999999999,2665.27,2279173832.7526102,44966993768.346298,2017-07-21,2017-07-22,False,False
2017-07-22T00:00:00Z,2017-07-23T00:00:00Z,2667.7600000000002,2862.4200000000001,2657.71,2810.3699999999999,1159568854.1666701,45581631722.727898,2017-07-22,2017-07-23,False,False
2017-07-23T00:00:00Z,2017-07-24T00:00:00Z,2810.1199999999999,2832.1799999999998,2653.9400000000001,2731.29,1177193750,45295672920.659798,2017-07-23,2017-07-24,False,False
2017-07-24T00:00:00Z,2017-07-25T00:00:00Z,2730.4000000000001,2777.2600000000002,2699.1900000000001,2757.5,901618210.31745994,45178257274.699699,2017-07-24,2017-07-25,False,False
2017-07-25T00:00:00Z,2017-07-26T00:00:00Z,2754.8600000000001,2768.0799999999999,2480.96,2571.0700000000002,1128623986.11111,43420773817.122704,2017-07-25,2017-07-26,False,False
2017-07-26T00:00:00Z,2017-07-27T00:00:00Z,2576.48,2610.7600000000002,2450.8000000000002,2527.5,1225483802.0833299,41410763804.404198,2017-07-26,2017-07-27,False,False
2017-07-27T00:00:00Z,2017-07-28T00:00:00Z,2529.4499999999998,2693.3200000000002,2529.3400000000001,2671.5700000000002,779155975.69444394,42692653623.620598,2017-07-27,2017-07-28,False,False
2017-07-28T00:00:00Z,2017-07-29T00:00:00Z,2671.7800000000002,2897.4499999999998,2671.7800000000002,2809.0100000000002,1187123459.93031,45662635660.319801,2017-07-28,2017-07-29,False,False
2017-07-29T00:00:00Z,2017-07-30T00:00:00Z,2807.02,2808.7600000000002,2692.8000000000002,2729.6900000000001,1040785760.41667,45108961348.934998,2017-07-29,2017-07-30,False,False
2017-07-30T00:00:00Z,2017-07-31T00:00:00Z,2726.4499999999998,2758.5300000000002,2644.8499999999999,2752.8499999999999,728973611.11111104,44592449133.619202,2017-07-30,2017-07-31,False,False
2017-07-31T00:00:00Z,2017-08-01T00:00:00Z,2757.1799999999998,2889.6199999999999,2720.6100000000001,2872.3099999999999,703399926.82926798,46037036089.012802,2017-07-31,2017-08-01,False,False
2017-08-01T00:00:00Z,2017-08-02T00:00:00Z,2875.3400000000001,2921.3499999999999,2685.6100000000001,2713.6300000000001,1094064902.7777801,45888974655.911102,2017-08-01,2017-08-02,False,False
2017-08-02T00:00:00Z,2017-08-03T00:00:00Z,2718.2600000000002,2762.5300000000002,2668.5900000000001,2711.9299999999998,1232875833.3333299,44815955867.966103,2017-08-02,2017-08-03,False,False
2017-08-03T00:00:00Z,2017-08-04T00:00:00Z,2710.6700000000001,2813.3099999999999,2685.1399999999999,2802.2399999999998,944016937.5,45247008496.775101,2017-08-03,2017-08-04,False,False
2017-08-04T00:00:00Z,2017-08-05T00:00:00Z,2804.73,2899.3299999999999,2743.7199999999998,2899.3299999999999,951906801.39372802,46766265574.977997,2017-08-04,2017-08-05,False,False
2017-08-05T00:00:00Z,2017-08-06T00:00:00Z,2895.8899999999999,3290.0100000000002,2874.8299999999999,3253.9400000000001,1595063562.5,51990748734.6745,2017-08-05,2017-08-06,False,False
2017-08-06T00:00:00Z,2017-08-07T00:00:00Z,3252.9099999999999,3293.29,3155.5999999999999,3218.02,1406395868.0555601,53335010581.113297,2017-08-06,2017-08-07,False,False
2017-08-07T00:00:00Z,2017-08-08T00:00:00Z,3213.9400000000001,3397.6799999999998,3180.8899999999999,3374.0100000000002,1213881289.1986101,54368290117.679199,2017-08-07,2017-08-08,False,False
2017-08-08T00:00:00Z,2017-08-09T00:00:00Z,3378.9400000000001,3484.8499999999999,3345.8299999999999,3419.0100000000002,1658408784.7222199,56232317367.332603,2017-08-08,2017-08-09,False,False
2017-08-09T00:00:00Z,2017-08-10T00:00:00Z,3419.9400000000001,3422.7600000000002,3247.6700000000001,3345.3699999999999,1624614652.7777801,55242986143.207001,2017-08-09,2017-08-10,False,False
2017-08-10T00:00:00Z,2017-08-11T00:00:00Z,3342.4699999999998,3453.4499999999998,3319.4699999999998,3391.23,1378263090.2777801,55815174388.932503,2017-08-10,2017-08-11,False,False
2017-08-11T00:00:00Z,2017-08-12T00:00:00Z,3381.2800000000002,3679.7199999999998,3372.1199999999999,3654.3299999999999,1772835958.1881499,57533753108.8713,2017-08-11,2017-08-12,False,False
2017-08-12T00:00:00Z,2017-08-13T00:00:00Z,3650.6199999999999,3949.9200000000001,3613.6999999999998,3883.1700000000001,2129099166.6666701,62286782771.384598,2017-08-12,2017-08-13,False,False
2017-08-13T00:00:00Z,2017-08-14T00:00:00Z,3884.71,4208.3900000000003,3857.8000000000002,4062.8699999999999,2929857152.7777801,66698944735.3908,2017-08-13,2017-08-14,False,False
2017-08-14T00:00:00Z,2017-08-15T00:00:00Z,4073.2600000000002,4323.6999999999998,3989.1599999999999,4306.4300000000003,2774568327.5261302,68861391221.400803,2017-08-14,2017-08-15,False,False
2017-08-15T00:00:00Z,2017-08-16T00:00:00Z,4325.1300000000001,4455.9700000000003,3906.1799999999998,4181.96,2925089895.8333302,69577542342.687607,2017-08-15,2017-08-16,False,False
2017-08-16T00:00:00Z,2017-08-17T00:00:00Z,4181.9300000000003,4381.2299999999996,3994.4200000000001,4374.5900000000001,2602043645.8333302,69547223799.3181,2017-08-16,2017-08-17,False,False
2017-08-17T00:00:00Z,2017-08-18T00:00:00Z,4376.6300000000001,4484.6999999999998,4243.71,4349.1000000000004,2291049128.9198599,72153449098.863495,2017-08-17,2017-08-18,False,False
2017-08-18T00:00:00Z,2017-08-19T00:00:00Z,4331.6899999999996,4370.1300000000001,4015.4000000000001,4128.8599999999997,2659080208.3333302,70206129858.110306,2017-08-18,2017-08-19,False,False
2017-08-19T00:00:00Z,2017-08-20T00:00:00Z,4160.6199999999999,4243.2600000000002,3970.5500000000002,4202.1499999999996,3055205365.8536601,67500579074.163002,2017-08-19,2017-08-20,False,False
2017-08-20T00:00:00Z,2017-08-21T00:00:00Z,4193.6999999999998,4196.29,4069.8800000000001,4108.9300000000003,2491604548.6111102,68107644315.7089,2017-08-20,2017-08-21,False,False
2017-08-21T00:00:00Z,2017-08-22T00:00:00Z,4087.6599999999999,4109.1400000000003,3988.5999999999999,4001.4699999999998,2392424790.2097902,67025089751.258598,2017-08-21,2017-08-22,False,False
2017-08-22T00:00:00Z,2017-08-23T00:00:00Z,4001.7399999999998,4128.7600000000002,3674.5799999999999,4099.9499999999998,3542738784.7222199,65051698864.464302,2017-08-22,2017-08-23,False,False
2017-08-23T00:00:00Z,2017-08-24T00:00:00Z,4100.5200000000004,4255.7799999999997,4078.4099999999999,4149.9399999999996,2621162673.6111102,68521256729.184303,2017-08-23,2017-08-24,False,False
2017-08-24T00:00:00Z,2017-08-25T00:00:00Z,4151.5200000000004,4376.3900000000003,4130.2600000000002,4346.2799999999997,2162524808.36237,69253166450.608398,2017-08-24,2017-08-25,False,False
2017-08-25T00:00:00Z,2017-08-26T00:00:00Z,4334.6800000000003,4455.6999999999998,4307.3500000000004,4367.1800000000003,1975388888.88889,72174095100.882004,2017-08-25,2017-08-26,False,False
2017-08-26T00:00:00Z,2017-08-27T00:00:00Z,4371.6000000000004,4379.2799999999997,4269.5200000000004,4333.5100000000002,1594584895.8333299,71507021360.011307,2017-08-26,2017-08-27,False,False
2017-08-27T00:00:00Z,2017-08-28T00:00:00Z,4352.3999999999996,4416.5900000000001,4317.29,4379.9399999999996,1494478105.26316,71990197747.982697,2017-08-27,2017-08-28,False,False
2017-08-28T00:00:00Z,2017-08-29T00:00:00Z,4382.8800000000001,4403.9300000000003,4224.6400000000003,4381.9799999999996,1753622902.0978999,71467851471.260895,2017-08-28,2017-08-29,False,False
2017-08-29T00:00:00Z,2017-08-30T00:00:00Z,4382.6599999999999,4625.6800000000003,4352.1300000000001,4576.3299999999999,2085864444.4444399,73944224708.261703,2017-08-29,2017-08-30,False,False
2017-08-30T00:00:00Z,2017-08-31T00:00:00Z,4579.0200000000004,4626.5200000000004,4471.4099999999999,4568.6599999999999,2360344930.5555601,75310050769.533493,2017-08-30,2017-08-31,False,False
2017-08-31T00:00:00Z,2017-09-01T00:00:00Z,4565.3000000000002,4736.0500000000002,4549.3999999999996,4704.9799999999996,1864586485.5072501,76665580138.872498,2017-08-31,2017-09-01,False,False
2017-09-01T00:00:00Z,2017-09-02T00:00:00Z,4703.3900000000003,4886.7299999999996,4678.5299999999997,4879.7600000000002,2163654131.9444399,79020071789.492493,2017-09-01,2017-09-02,False,False
2017-09-02T00:00:00Z,2017-09-03T00:00:00Z,4892.0100000000002,4975.04,4469.2399999999998,4568.2799999999997,2868830489.5104899,77373634854.569504,2017-09-02,2017-09-03,False,False
2017-09-03T00:00:00Z,2017-09-04T00:00:00Z,4578.7700000000004,4714.0799999999999,4417.5900000000001,4581.1099999999997,2178595381.9444399,75805250008.398407,2017-09-03,2017-09-04,False,False
2017-09-04T00:00:00Z,2017-09-05T00:00:00Z,4582.96,4591.6300000000001,4108.3999999999996,4224.2200000000003,2348947437.7224202,72284484191.102005,2017-09-04,2017-09-05,False,False
2017-09-05T00:00:00Z,2017-09-06T00:00:00Z,4236.3100000000004,4427.8400000000001,3998.1100000000001,4384.54,3052981468.5314698,69928775179.339706,2017-09-05,2017-09-06,False,False
2017-09-06T00:00:00Z,2017-09-07T00:00:00Z,4376.5299999999997,4617.25,4376.5299999999997,4593.3900000000003,2368508611.1111102,74829602185.446503,2017-09-06,2017-09-07,False,False
2017-09-07T00:00:00Z,2017-09-08T00:00:00Z,4597.1199999999999,4655.04,4491.3299999999999,4603.0299999999997,1932914424.4604299,75581470763.223007,2017-09-07,2017-09-08,False,False
2017-09-08T00:00:00Z,2017-09-09T00:00:00Z,4599.8800000000001,4661,4075.1799999999998,4224.8100000000004,1993160104.1666701,73748559954.226807,2017-09-08,2017-09-09,False,False
2017-09-09T00:00:00Z,2017-09-10T00:00:00Z,4228.75,4308.8199999999997,4114.1099999999997,4232.7600000000002,2366424668.9895501,69792799202.141098,2017-09-09,2017-09-10,False,False
2017-09-10T00:00:00Z,2017-09-11T00:00:00Z,4226.0600000000004,4245.4399999999996,3951.04,4122.5799999999999,1517856376.3066199,68039152047.208099,2017-09-10,2017-09-11,False,False
2017-09-11T00:00:00Z,2017-09-12T00:00:00Z,4122.9399999999996,4261.6700000000001,4099.3999999999996,4163.1999999999998,1617781631.2056701,68983366188.967804,2017-09-11,2017-09-12,False,False
2017-09-12T00:00:00Z,2017-09-13T00:00:00Z,4161.2700000000004,4344.6499999999996,4085.2199999999998,4141.6800000000003,1638364300.6993001,70065404526.284103,2017-09-12,2017-09-13,False,False
2017-09-13T00:00:00Z,2017-09-14T00:00:00Z,4130.8100000000004,4131.9799999999996,3789.9200000000001,3880.4899999999998,2072152291.6666701,65300057280.371201,2017-09-13,2017-09-14,False,False
2017-09-14T00:00:00Z,2017-09-15T00:00:00Z,3882.5900000000001,3920.5999999999999,3153.8600000000001,3153.8600000000001,2256522334.4947701,59666179067.442299,2017-09-14,2017-09-15,False,False
2017-09-15T00:00:00Z,2017-09-16T00:00:00Z,3154.9499999999998,3733.4499999999998,2946.6199999999999,3638.9499999999998,3639263614.03509,55915509214.277199,2017-09-15,2017-09-16,False,False
2017-09-16T00:00:00Z,2017-09-17T00:00:00Z,3637.52,3808.8400000000001,3487.79,3620.7399999999998,3077740069.9300699,60495396813.308197,2017-09-16,2017-09-17,False,False
2017-09-17T00:00:00Z,2017-09-18T00:00:00Z,3625.04,3664.8099999999999,3445.6399999999999,3583.2199999999998,1441625454.54545,58836899903.9991,2017-09-17,2017-09-18,False,False
2017-09-18T00:00:00Z,2017-09-19T00:00:00Z,3582.8800000000001,4079.23,3582.8800000000001,4056.0999999999999,1645700807.01754,64291653753.827797,2017-09-18,2017-09-19,False,False
2017-09-19T00:00:00Z,2017-09-20T00:00:00Z,4065.1999999999998,4094.0700000000002,3868.8699999999999,3928.4000000000001,1705764201.38889,65897480660.2463,2017-09-19,2017-09-20,False,False
2017-09-20T00:00:00Z,2017-09-21T00:00:00Z,3924.9699999999998,4031.3899999999999,3857.73,3917.4699999999998,1397132222.2222199,65307808706.503601,2017-09-20,2017-09-21,False,False
2017-09-21T00:00:00Z,2017-09-22T00:00:00Z,3905.9499999999998,3916.4200000000001,3613.6300000000001,3631.0300000000002,1233677824.5613999,63080994340.357101,2017-09-21,2017-09-22,False,False
2017-09-22T00:00:00Z,2017-09-23T00:00:00Z,3631.04,3758.27,3553.5300000000002,3635.5300000000002,1383438881.11888,60364650542.1772,2017-09-22,2017-09-23,False,False
2017-09-23T00:00:00Z,2017-09-24T00:00:00Z,3630.6999999999998,3819.21,3594.5799999999999,3796.46,1089044670.13889,61878172887.672997,2017-09-23,2017-09-24,False,False
2017-09-24T00:00:00Z,2017-09-25T00:00:00Z,3792.4000000000001,3796.1500000000001,3666.9000000000001,3689.71,842150277.77777803,61671526337.284203,2017-09-24,2017-09-25,False,False
2017-09-25T00:00:00Z,2017-09-26T00:00:00Z,3682.8400000000001,3950.25,3681.5799999999999,3923.1300000000001,1050890993.00699,63422971695.593002,2017-09-25,2017-09-26,False,False
2017-09-26T00:00:00Z,2017-09-27T00:00:00Z,3926.0700000000002,3969.8899999999999,3869.9000000000001,3894.73,1228778118.4669001,65105337739.757301,2017-09-26,2017-09-27,False,False
2017-09-27T00:00:00Z,2017-09-28T00:00:00Z,3892.3499999999999,4210.0500000000002,3884.8200000000002,4199.2799999999997,1274666875,66933799781.363297,2017-09-27,2017-09-28,False,False
2017-09-28T00:00:00Z,2017-09-29T00:00:00Z,4200.6700000000001,4279.3100000000004,4109.6999999999998,4177.5299999999997,1848732125.43554,69379222370.564896,2017-09-28,2017-09-29,False,False
2017-09-29T00:00:00Z,2017-09-30T00:00:00Z,4174.7299999999996,4192.7200000000003,4039.29,4128.2994905650003,1474570557.77108,68398876224.607903,2017-09-29,2017-09-30,False,False
2017-09-30T00:00:00Z,2017-10-01T00:00:00Z,4128.6028043120004,4320.6611767060003,4125.1512616199998,4312.820212865,995838914.76649201,71050825195.689499,2017-09-30,2017-10-01,False,False
2017-10-01T00:00:00Z,2017-10-02T00:00:00Z,4313.6904103939996,4367.362509482,4258.4751635049997,4361.1399732959999,1043389065.9615,71812315487.2444,2017-10-01,2017-10-02,False,False
2017-10-02T00:00:00Z,2017-10-03T00:00:00Z,4362.5406201989999,4446.3420681930002,4361.270625569,4384.1884611810001,1177332863.79691,73578031457.255997,2017-10-02,2017-10-03,False,False
2017-10-03T00:00:00Z,2017-10-04T00:00:00Z,4378.0623504940004,4466.3061822689997,4237.1593346620002,4311.9800906130004,1146606607.6652,72064864633.855194,2017-10-03,2017-10-04,False,False
2017-10-04T00:00:00Z,2017-10-05T00:00:00Z,4312.2163623549995,4337.5745759560004,4206.2958209130002,4235.0808284840004,974139815.38782406,70852084569.659302,2017-10-04,2017-10-05,False,False
2017-10-05T00:00:00Z,2017-10-06T00:00:00Z,4237.4386917780002,4348.467991605,4157.650335284,4311.0956974720002,992029104.09129,70637114450.472702,2017-10-05,2017-10-06,False,False
2017-10-06T00:00:00Z,2017-10-07T00:00:00Z,4308.2911877870001,4392.4014163259999,4296.6756590109999,4349.0483233719997,962450001.942451,72496726484.856705,2017-10-06,2017-10-07,False,False
2017-10-07T00:00:00Z,2017-10-08T00:00:00Z,4347.0186312530004,4416.2039233470005,4312.6694610140003,4401.2165874049997,781030762.59996998,72450000112.847794,2017-10-07,2017-10-08,False,False
2017-10-08T00:00:00Z,2017-10-09T00:00:00Z,4399.8405616950004,4605.8225347380003,4391.7045770840004,4594.7914664299997,919376108.29283905,74813792711.001495,2017-10-08,2017-10-09,False,False
2017-10-09T00:00:00Z,2017-10-10T00:00:00Z,4595.5937909249997,4867.0380720559997,4462.8193140720005,4778.2654922370002,1437590264.3313899,77370125493.097,2017-10-09,2017-10-10,False,False
2017-10-10T00:00:00Z,2017-10-11T00:00:00Z,4778.1683638599998,4919.2793589700004,4577.2724313159997,4770.6804712940002,1844579888.53462,80145431236.6091,2017-10-10,2017-10-11,False,False
2017-10-11T00:00:00Z,2017-10-12T00:00:00Z,4776.8459086909997,4940.0496407270002,4742.0775254919999,4813.9078537710002,1376093088.5583701,80021172487.677094,2017-10-11,2017-10-12,False,False
2017-10-12T00:00:00Z,2017-10-13T00:00:00Z,4817.7749157070002,5454.9566154269996,4809.4676901410003,5451.1160007130002,1567842029.4351699,85309596706.749893,2017-10-12,2017-10-13,False,False
2017-10-13T00:00:00Z,2017-10-14T00:00:00Z,5474.2849306460002,5827.686133231,5443.2314142490004,5648.5552734559997,3153824603.6859298,93797226575.606094,2017-10-13,2017-10-14,False,False
2017-10-14T00:00:00Z,2017-10-15T00:00:00Z,5645.5759437630004,5809.2640783759998,5591.1995166209999,5794.8248984530001,1828047911.4941399,94351059778.726395,2017-10-14,2017-10-15,False,False
2017-10-15T00:00:00Z,2017-10-16T00:00:00Z,5809.6440889429996,5834.5118110840003,5451.5737593029999,5671.3645117489996,1224709413.40187,94193776389.966797,2017-10-15,2017-10-16,False,False
2017-10-16T00:00:00Z,2017-10-17T00:00:00Z,5682.1693410589996,5749.3047199459998,5570.7747810450001,5715.959489158,1868309529.00933,94126663668.500504,2017-10-16,2017-10-17,False,False
2017-10-17T00:00:00Z,2017-10-18T00:00:00Z,5724.2765405500004,5731.2920426780001,5447.9212091529998,5608.7204130800001,1674450922.6645899,93184090989.837997,2017-10-17,2017-10-18,False,False
2017-10-18T00:00:00Z,2017-10-19T00:00:00Z,5611.877991376,5611.877991376,5157.8664809700003,5586.3223997060004,1765142429.1182899,89892381122.076599,2017-10-18,2017-10-19,False,False
2017-10-19T00:00:00Z,2017-10-20T00:00:00Z,5579.5959653870004,5720.290661305,5520.490616606,5666.9419212149996,2003847685.48125,93912007254.399307,2017-10-19,2017-10-20,False,False
2017-10-20T00:00:00Z,2017-10-21T00:00:00Z,5668.1628615250002,6039.676943382,5613.4896988729997,6000.9429018889996,1661760080.0462799,96682383087.944794,2017-10-20,2017-10-21,False,False
2017-10-21T00:00:00Z,2017-10-22T00:00:00Z,5990.353327021,6188.3349696360001,5960.3479327599998,6035.4456727070001,2357226249.41717,101572370054.01401,2017-10-21,2017-10-22,False,False
2017-10-22T00:00:00Z,2017-10-23T00:00:00Z,6035.4067246200002,6083.9789763629997,5763.9317315449998,6018.8775668050002,2075433694.17453,98790684852.389496,2017-10-22,2017-10-23,False,False
2017-10-23T00:00:00Z,2017-10-24T00:00:00Z,6012.7568802220003,6071.358448299,5694.4093265990005,5946.926591898,1919863137.88975,98037154916.295105,2017-10-23,2017-10-24,False,False
2017-10-24T00:00:00Z,2017-10-25T00:00:00Z,5929.837026616,5929.837026616,5505.1146320190001,5526.9287359130003,2982315189.5336599,94106793155.953293,2017-10-24,2017-10-25,False,False
2017-10-25T00:00:00Z,2017-10-26T00:00:00Z,5527.2822097730004,5727.9426441340001,5394.9365884640001,5725.3023542130004,2133954216.77105,92262494594.858398,2017-10-25,2017-10-26,False,False
2017-10-26T00:00:00Z,2017-10-27T00:00:00Z,5720.4464746309995,5955.7093829360001,5684.7297873480002,5897.4414337500002,1826168891.61675,97288968624.335907,2017-10-26,2017-10-27,False,False
2017-10-27T00:00:00Z,2017-10-28T00:00:00Z,5899.1907884840002,5981.3336506610003,5722.6336270250004,5752.4485646000003,1816195876.8935399,97141755422.615997,2017-10-27,2017-10-28,False,False
2017-10-28T00:00:00Z,2017-10-29T00:00:00Z,5757.659835165,5854.6224664580004,5664.1571284009997,5739.1022249839998,1469730114.55545,96288173425.241501,2017-10-28,2017-10-29,False,False
2017-10-29T00:00:00Z,2017-10-30T00:00:00Z,5749.5639985859998,6216.5244327279997,5728.8702700940003,6146.5897978760004,1602732524.74084,97802078340.392502,2017-10-29,2017-10-30,False,False
2017-10-30T00:00:00Z,2017-10-31T00:00:00Z,6124.0586158460001,6168.4965931420002,5996.4409503899997,6086.1224289029997,2191261217.65554,101153498648.61301,2017-10-30,2017-10-31,False,False
2017-10-31T00:00:00Z,2017-11-01T00:00:00Z,6079.307558216,6443.1181738360001,6038.2689041909998,6443.1181738360001,1610869661.4619999,104013174138.20599,2017-10-31,2017-11-01,False,False
2017-11-01T00:00:00Z,2017-11-02T00:00:00Z,6433.4978579899998,6751.169850192,5828.4768592310002,6751.169850192,2422158632.5313301,108548952808.037,2017-11-01,2017-11-02,False,False
2017-11-02T00:00:00Z,2017-11-03T00:00:00Z,6755.9037770619998,7461.5085502470001,6755.9037770619998,7083.6023654999999,3650530786.5388298,117105844479.879,2017-11-02,2017-11-03,False,False
2017-11-03T00:00:00Z,2017-11-04T00:00:00Z,7085.7372241160001,7435.7655747420004,6994.6835596499996,7207.1990664920004,3709943045.7844601,120854975384.776,2017-11-03,2017-11-04,False,False
2017-11-04T00:00:00Z,2017-11-05T00:00:00Z,7210.1871150070001,7474.3317841999997,7086.1987304009999,7391.4145014779997,2663039123.7697401,120410490998.60201,2017-11-04,2017-11-05,False,False
2017-11-05T00:00:00Z,2017-11-06T00:00:00Z,7394.3814784810002,7618.5181673679999,7325.7190490209996,7392.7942340660002,1991166333.1854899,124796270051.011,2017-11-05,2017-11-06,False,False
2017-11-06T00:00:00Z,2017-11-07T00:00:00Z,7402.6507040730003,7461.2179885969999,7046.31279989,7046.31279989,2520722367.6714201,121854715778.98199,2017-11-06,2017-11-07,False,False
2017-11-07T00:00:00Z,2017-11-08T00:00:00Z,7048.212497433,7278.1110061199997,7048.212497433,7168.9985891050001,2605319540.7704601,118894803412.332,2017-11-07,2017-11-08,False,False
2017-11-08T00:00:00Z,2017-11-09T00:00:00Z,7161.2558309630003,7732.5741360080001,7136.0778188229997,7486.6487967700004,2603250960.6640601,122749670296.769,2017-11-08,2017-11-09,False,False
2017-11-09T00:00:00Z,2017-11-10T00:00:00Z,7470.0691241799996,7470.0691241799996,7109.0987962179997,7149.0004721630003,4128846790.45893,120949042063.394,2017-11-09,2017-11-10,False,False
2017-11-10T00:00:00Z,2017-11-11T00:00:00Z,7179.9119414500001,7379.1499018490003,6447.1674760839996,6613.6809383310001,3677208837.9284902,116088127630.82201,2017-11-10,2017-11-11,False,False
2017-11-11T00:00:00Z,2017-11-12T00:00:00Z,6598.3651577729997,6862.0414845149999,6279.3846852429997,6356.6255941870004,5021218783.00667,109914851262.82201,2017-11-11,2017-11-12,False,False
2017-11-12T00:00:00Z,2017-11-13T00:00:00Z,6355.8533063989998,6480.4589345189997,5614.2140775629996,5991.3830388480001,3190841731.73387,101632307451.498,2017-11-12,2017-11-13,False,False
2017-11-13T00:00:00Z,2017-11-14T00:00:00Z,5989.7784734890001,6850.4640435219999,5948.6773761889999,6577.8533468340001,4220355222.0873799,106133349903.467,2017-11-13,2017-11-14,False,False
2017-11-14T00:00:00Z,2017-11-15T00:00:00Z,6581.9891026289997,6780.1502956169998,6476.2392377100005,6647.3460798059996,4029832335.5824099,109844115216.12801,2017-11-14,2017-11-15,False,False
2017-11-15T00:00:00Z,2017-11-16T00:00:00Z,6647.5077198629997,7362.4007014810004,6647.5077198629997,7322.8183426610003,3292612975.9977398,117616882446.411,2017-11-15,2017-11-16,False,False
2017-11-16T00:00:00Z,2017-11-17T00:00:00Z,7336.6755264120002,7950.3599525079999,7199.8786472089996,7849.1715382479997,3838014141.3842602,124808733486.586,2017-11-16,2017-11-17,False,False
2017-11-17T00:00:00Z,2017-11-18T00:00:00Z,7858.6446638589996,8010.473776451,7562.1457371699998,7738.8471737850005,4169241053.7652102,130829538826.12,2017-11-17,2017-11-18,False,False
2017-11-18T00:00:00Z,2017-11-19T00:00:00Z,7705.2257074429999,7844.7690452160004,7471.5364303229999,7786.0627377669998,4020111615.2738199,128436103256.257,2017-11-18,2017-11-19,False,False
2017-11-19T00:00:00Z,2017-11-20T00:00:00Z,7775.1503513369998,8043.2403021540003,7654.5561866710004,8023.9859928870001,2603344061.4870601,130323209913.76199,2017-11-19,2017-11-20,False,False
2017-11-20T00:00:00Z,2017-11-21T00:00:00Z,8014.6156460499997,8260.812429177,7925.7673713559998,8216.7963971360005,2889658370.7120299,135335157185.61099,2017-11-20,2017-11-21,False,False
2017-11-21T00:00:00Z,2017-11-22T00:00:00Z,8211.5554028530005,8332.1689524850008,7812.695462267,8100.1952159800003,3930337074.2642398,136213790533.09399,2017-11-21,2017-11-22,False,False
2017-11-22T00:00:00Z,2017-11-23T00:00:00Z,8111.7569281870001,8298.5276029960005,8099.0101057459997,8235.7033765960005,3221352828.0411501,136381693087.009,2017-11-22,2017-11-23,False,False
2017-11-23T00:00:00Z,2017-11-24T00:00:00Z,8227.3639280539992,8259.8495876600009,8079.7072923240003,8079.7072923240003,3341993773.68293,136778595712.366,2017-11-23,2017-11-24,False,False
2017-11-24T00:00:00Z,2017-11-25T00:00:00Z,8070.2479539010001,8379.7149267370005,7971.92537997,8268.0872818619991,4071299796.6908998,137529515577.14001,2017-11-24,2017-11-25,False,False
2017-11-25T00:00:00Z,2017-11-26T00:00:00Z,8264.4119496290004,8820.8741136709996,8225.0617122469994,8820.8741136709996,3764586979.1470399,142063750452.13599,2017-11-25,2017-11-26,False,False
2017-11-26T00:00:00Z,2017-11-27T00:00:00Z,8810.907356877,9533.1630699329999,8807.9933514719996,9359.8259738870001,4253796435.5422201,151671856060.99701,2017-11-26,2017-11-27,False,False
2017-11-27T00:00:00Z,2017-11-28T00:00:00Z,9372.6938219189997,9849.7625828170003,9362.5898882090005,9845.4600262370004,4702641439.3747501,161797383516.186,2017-11-27,2017-11-28,False,False
2017-11-28T00:00:00Z,2017-11-29T00:00:00Z,9848.8860546340002,10191.743676812001,9784.5733139999993,10165.721114119,4680883317.2845402,166954947467.82599,2017-11-28,2017-11-29,False,False
2017-11-29T00:00:00Z,2017-11-30T00:00:00Z,10169.643284031999,11498.106119672,9380.1514512180001,9780.7357478720005,6568561632.1369801,175387674555.362,2017-11-29,2017-11-30,False,False
2017-11-30T00:00:00Z,2017-12-01T00:00:00Z,9928.1252113520004,10819.727722928999,9279.6485806590008,10273.825569864,9672067533.3558693,167350015163.72,2017-11-30,2017-12-01,False,False
2017-12-01T00:00:00Z,2017-12-02T00:00:00Z,10215.701153937,11026.034874911,9685.5368429030004,10967.664817444,6944962388.9435902,172803148615.25601,2017-12-01,2017-12-02,False,False
2017-12-02T00:00:00Z,2017-12-03T00:00:00Z,10957.085129307001,11336.667286894,10864.034387152,11052.132884524,5508931178.2112503,185463195267.97198,2017-12-02,2017-12-03,False,False
2017-12-03T00:00:00Z,2017-12-04T00:00:00Z,11048.835144428,11823.20125446,10842.238446681,11304.617026381,4439198029.6048203,190783469525.92499,2017-12-03,2017-12-04,False,False
2017-12-04T00:00:00Z,2017-12-05T00:00:00Z,11318.919770069,11645.096035778,11073.096940763,11645.096035778,5876343718.3527603,191174249569.53601,2017-12-04,2017-12-05,False,False
2017-12-05T00:00:00Z,2017-12-06T00:00:00Z,11665.227599751999,11985.214862090001,11595.802603823,11896.907904795,5704204856.8876104,197741067053.61801,2017-12-05,2017-12-06,False,False
2017-12-06T00:00:00Z,2017-12-07T00:00:00Z,11874.395923311,14076.491858908999,11874.395923311,14063.249148977,8248840472.6915197,215506765594.40399,2017-12-06,2017-12-07,False,False
2017-12-07T00:00:00Z,2017-12-08T00:00:00Z,14060.914971738001,18074.175480727001,13771.221810388,18074.175480727001,13326830861.2321,263149179991.94101,2017-12-07,2017-12-08,False,False
2017-12-08T00:00:00Z,2017-12-09T00:00:00Z,18057.850487517,18524.471448559001,14548.940846859001,16592.803823286999,16565034661.6877,270616403517.86401,2017-12-08,2017-12-09,False,False
2017-12-09T00:00:00Z,2017-12-10T00:00:00Z,16578.112739960001,16758.600041107999,13516.391263554,15082.847365234,11568857443.6982,258507420323.285,2017-12-09,2017-12-10,False,False
2017-12-10T00:00:00Z,2017-12-11T00:00:00Z,15159.236376815999,15913.390065812,13161.048339075,15565.861910816,10291186742.553499,243397487905.85199,2017-12-10,2017-12-11,False,False
2017-12-11T00:00:00Z,2017-12-12T00:00:00Z,15322.772827569999,17501.262183726001,15322.772827569999,16774.994581389001,11387045739.0002,281581170209.72498,2017-12-11,2017-12-12,False,False
2017-12-12T00:00:00Z,2017-12-13T00:00:00Z,16841.086566729002,17416.953042305999,16065.167992078999,16798.025540273,10571922382.667299,282585767672.39301,2017-12-12,2017-12-13,False,False
2017-12-13T00:00:00Z,2017-12-14T00:00:00Z,16819.041039848002,16938.017695639999,15757.988245315,16225.024397943,11262015467.431801,286394884030.29303,2017-12-13,2017-12-14,False,False
2017-12-14T00:00:00Z,2017-12-15T00:00:00Z,16245.233910544001,16830.664783027001,15952.802267360999,16454.932615976999,10943444493.866899,275916678471.36298,2017-12-14,2017-12-15,False,False
2017-12-15T00:00:00Z,2017-12-16T00:00:00Z,16456.756296300999,18037.339896707999,16450.685630241001,17650.289757328999,12710750385.058201,296377313361.43402,2017-12-15,2017-12-16,False,False
2017-12-16T00:00:00Z,2017-12-17T00:00:00Z,17663.904828515999,19634.974416420999,17476.876357251,19427.474509164,9276249144.2216206,308773906119.54303,2017-12-16,2017-12-17,False,False
2017-12-17T00:00:00Z,2017-12-18T00:00:00Z,19417.860788761998,19927.185336626,18860.385714702999,19156.710367786,11897297708.1432,325803227468.53998,2017-12-17,2017-12-18,False,False
2017-12-18T00:00:00Z,2017-12-19T00:00:00Z,19184.874580833999,19257.121229801,18285.145613970999,18931.204938958999,11756211908.461901,313979049076.54901,2017-12-18,2017-12-19,False,False
2017-12-19T00:00:00Z,2017-12-20T00:00:00Z,18969.614240256,19187.677925233998,17249.070313747001,17700.778424238,13477194445.8899,309193886352.34003,2017-12-19,2017-12-20,False,False
2017-12-20T00:00:00Z,2017-12-21T00:00:00Z,17713.380966756002,17936.128139459001,16011.891164051,16599.691361082001,17654903176.8032,285300863876.28802,2017-12-20,2017-12-21,False,False
2017-12-21T00:00:00Z,2017-12-22T00:00:00Z,16632.217993327002,17469.542480620999,14987.566488979,15621.411719764001,16452025087.303101,268284841980.91199,2017-12-21,2017-12-22,False,False
2017-12-22T00:00:00Z,2017-12-23T00:00:00Z,15609.624800956,15883.312989692,11453.81051494,13693.825728522001,16533427871.1185,233948703033.86401,2017-12-22,2017-12-23,False,False
2017-12-23T00:00:00Z,2017-12-24T00:00:00Z,13784.652173892,15732.368125741001,13647.821543620999,14181.532063373999,15948239607.7463,248384683379.362,2017-12-23,2017-12-24,False,False
2017-12-24T00:00:00Z,2017-12-25T00:00:00Z,14159.446340004,14976.380227885,12155.933488041001,13812.876812572,10635564244.444599,229493846731.41699,2017-12-24,2017-12-25,False,False
2017-12-25T00:00:00Z,2017-12-26T00:00:00Z,13868.871856886,14663.416829383001,13044.101982054,13965.211657038,9706645690.3096905,235117450940.95999,2017-12-25,2017-12-26,False,False
2017-12-26T00:00:00Z,2017-12-27T00:00:00Z,13967.014433086,16408.580197637999,13877.437734196999,16101.495551933,10838918040.4951,260115217157.26501,2017-12-26,2017-12-27,False,False
2017-12-27T00:00:00Z,2017-12-28T00:00:00Z,16076.9073565,17398.005999462999,14692.586756246999,15783.753081556,11113068163.2439,268700778107.69101,2017-12-27,2017-12-28,False,False
2017-12-28T00:00:00Z,2017-12-29T00:00:00Z,15536.644409597,15805.690990186,13869.467088288,14432.831059998,11081659460.0956,248019839494.578,2017-12-28,2017-12-29,False,False
2017-12-29T00:00:00Z,2017-12-30T00:00:00Z,14600.370233856,15246.859046803,14283.942978551,14598.572319084,10934752171.1733,247927328427.952,2017-12-29,2017-12-30,False,False
2017-12-30T00:00:00Z,2017-12-31T00:00:00Z,14594.7681588,14597.772283242,11963.480302022001,12732.356011521,12985849499.113501,223296215550.06299,2017-12-30,2017-12-31,False,False
2017-12-31T00:00:00Z,2018-01-01T00:00:00Z,12596.018572225999,14298.865844503,12395.289474931,14033.567993365999,11818683013.594101,229602652718.702,2017-12-31,2018-01-01,False,False
2018-01-01T00:00:00Z,2018-01-02T00:00:00Z,14046.002763769,14521.965544256,12980.811131472001,13577.188554957,9527935461.6265793,229222912291.63101,2018-01-01,2018-01-02,False,False
2018-01-02T00:00:00Z,2018-01-03T00:00:00Z,13644.693035103001,15468.208138312,13195.873515272,14938.176676247,11519263413.0968,234598412922.97198,2018-01-02,2018-01-03,False,False
2018-01-03T00:00:00Z,2018-01-04T00:00:00Z,14895.275367349999,15646.498637585,14470.737671493,15079.15218495,15486225672.354601,253883215212.241,2018-01-03,2018-01-04,False,False
2018-01-04T00:00:00Z,2018-01-05T00:00:00Z,15168.972365174999,16708.709266663998,14286.669853351001,15163.898947535001,17853763690.764,251036679559.875,2018-01-04,2018-01-05,False,False
2018-01-05T00:00:00Z,2018-01-06T00:00:00Z,15197.764745390999,17161.635003707001,14878.048174400001,16989.161481747,19609983790.0187,271843354493.04099,2018-01-05,2018-01-06,False,False
2018-01-06T00:00:00Z,2018-01-07T00:00:00Z,17025.656424047,17179.033573147,16336.056215275001,17162.016412945999,18955266190.681301,288261636551.29999,2018-01-06,2018-01-07,False,False
2018-01-07T00:00:00Z,2018-01-08T00:00:00Z,17147.576402893999,17147.576402893999,15811.120768799001,16515.287371965002,14928537112.943399,284648058031.04797,2018-01-07,2018-01-08,False,False
2018-01-08T00:00:00Z,2018-01-09T00:00:00Z,16265.340844756,18578.493142396001,13940.416001940999,15218.632857746001,15332152745.846201,263409481941.75299,2018-01-08,2018-01-09,False,False
2018-01-09T00:00:00Z,2018-01-10T00:00:00Z,15190.761147069001,16153.556214671,14491.073050464,14710.596362322,16217162079.8316,253514317696.62601,2018-01-09,2018-01-10,False,False
2018-01-10T00:00:00Z,2018-01-11T00:00:00Z,14705.367542398,15065.002517675,13822.149498706,15065.002517675,15928534701.271999,241449931229.67599,2018-01-10,2018-01-11,False,False
2018-01-11T00:00:00Z,2018-01-12T00:00:00Z,15120.844111439999,15152.804514005,13113.737744593,13501.981444343999,15709420580.7026,233207775642.16,2018-01-11,2018-01-12,False,False
2018-01-12T00:00:00Z,2018-01-13T00:00:00Z,13571.758126006,14364.992142126999,13108.291157969001,14089.112033817,12799444154.485201,232155990926.14499,2018-01-12,2018-01-13,False,False
2018-01-13T00:00:00Z,2018-01-14T00:00:00Z,14066.981282516999,14807.729008217,14066.981282516999,14552.77603151,11643386357.6145,241810847783.36401,2018-01-13,2018-01-14,False,False
2018-01-14T00:00:00Z,2018-01-15T00:00:00Z,14535.057286259,14661.400704008,13123.356032067,13815.429666612001,11121051176.190701,230699974615.23401,2018-01-14,2018-01-15,False,False
2018-01-15T00:00:00Z,2018-01-16T00:00:00Z,13787.98920627,14929.667351108999,13663.142424701,13769.216435275999,10282025656.507299,234632138926.311,2018-01-15,2018-01-16,False,False
2018-01-16T00:00:00Z,2018-01-17T00:00:00Z,13797.975542570999,14430.170952945,9963.1011915800009,11445.849644238,12240679658.2712,205856887976.89401,2018-01-16,2018-01-17,False,False
2018-01-17T00:00:00Z,2018-01-18T00:00:00Z,11284.388635522,11750.695241382,9300.5274551830007,11139.592088881,15748924942.634701,180279809333.96701,2018-01-17,2018-01-18,False,False
2018-01-18T00:00:00Z,2018-01-19T00:00:00Z,11201.992361192,12348.932376725999,10755.679508421999,11305.307396791,15847953323.944201,192666388610.116,2018-01-18,2018-01-19,False,False
2018-01-19T00:00:00Z,2018-01-20T00:00:00Z,11209.291941977999,12140.061615752,10839.803032518999,11517.129950568,11002606473.2728,196527383915.19501,2018-01-19,2018-01-20,False,False
2018-01-20T00:00:00Z,2018-01-21T00:00:00Z,11571.617873757999,13482.691244303,11571.617873757999,12961.205660273001,9405841903.8126698,213472791318.776,2018-01-20,2018-01-21,False,False
2018-01-21T00:00:00Z,2018-01-22T00:00:00Z,12982.920751349,12982.920751349,11241.295911277,11481.025132436,8556846220.1962404,199805387138.931,2018-01-21,2018-01-22,False,False
2018-01-22T00:00:00Z,2018-01-23T00:00:00Z,11529.521821363,11950.617668728,10164.073082741001,10917.306414711,8135625786.5549498,189107108572.01001,2018-01-22,2018-01-23,False,False
2018-01-23T00:00:00Z,2018-01-24T00:00:00Z,10917.290839888999,11335.215751995,10113.380400145001,10800.472615701001,9191153509.3492508,181273974069.98999,2018-01-23,2018-01-24,False,False
2018-01-24T00:00:00Z,2018-01-25T00:00:00Z,10821.591111563001,10821.591111563001,10821.591111563001,10821.591111563001,8473730459.7928801,182164267415.07001,2018-01-24,2018-01-25,True,False
2018-01-25T00:00:00Z,2018-01-26T00:00:00Z,11353.626854149999,11730.745604714,11027.005448014999,11219.436704426,8775510518.34515,192123000717.17499,2018-01-25,2018-01-26,False,False
2018-01-26T00:00:00Z,2018-01-27T00:00:00Z,11203.608582729999,11668.426452127,10406.809045045,11123.950152867001,7926703935.6333504,186594089305.96201,2018-01-26,2018-01-27,False,False
2018-01-27T00:00:00Z,2018-01-28T00:00:00Z,11112.817847687,11648.848042101001,10943.323711993,11446.468733025,7210080913.5111198,190779837251.987,2018-01-27,2018-01-28,False,False
2018-01-28T00:00:00Z,2018-01-29T00:00:00Z,11492.650190852,12113.076354227,11460.249891942,11865.231885092,6719212830.4299698,198082558702.67499,2018-01-28,2018-01-29,False,False
2018-01-29T00:00:00Z,2018-01-30T00:00:00Z,11778.744249792,11924.955295137001,11235.995908096,11348.083790888,4406818761.1176796,192714118670.85699,2018-01-29,2018-01-30,False,False
2018-01-30T00:00:00Z,2018-01-31T00:00:00Z,11365.345139521,11366.824017724,10003.928921889001,10084.495241594999,4488869928.00243,181011266089.90601,2018-01-30,2018-01-31,False,False
2018-01-31T00:00:00Z,2018-02-01T00:00:00Z,10104.971872028,10421.662696687001,9755.9685179900007,10236.675068930999,5056861149.3430004,169941072424.74899,2018-01-31,2018-02-01,False,False
2018-02-01T00:00:00Z,2018-02-02T00:00:00Z,10269.843886839,10332.946065138,8700.3325946019995,9171.2493687660008,4557095326.88657,162034796737.13199,2018-02-01,2018-02-02,False,False
2018-02-02T00:00:00Z,2018-02-03T00:00:00Z,9118.2312704870001,9127.685960842,7588.5463507459999,8768.3281149390004,5511338158.3565798,144265487015.06799,2018-02-02,2018-02-03,False,False
2018-02-03T00:00:00Z,2018-02-04T00:00:00Z,8763.5369684390007,9417.7909924710002,8173.7299468000001,9191.2708878810008,4856472806.4999104,151010871500.65701,2018-02-03,2018-02-04,False,False
2018-02-04T00:00:00Z,2018-02-05T00:00:00Z,9198.0679136580002,9351.5718842940005,7986.3578589019999,8256.5837984209993,3993493752.4682002,147141784507.89801,2018-02-04,2018-02-05,False,False
2018-02-05T00:00:00Z,2018-02-06T00:00:00Z,8215.5058123630006,8343.181452195,6665.1077061260003,6905.9595425509997,4795001556.7270603,129986071801.30901,2018-02-05,2018-02-06,False,False
2018-02-06T00:00:00Z,2018-02-07T00:00:00Z,6910.9973021859996,7888.1432129610002,5963.2391190469998,7768.9427548009999,5255682912.8747196,115936410722.158,2018-02-06,2018-02-07,False,False
2018-02-07T00:00:00Z,2018-02-08T00:00:00Z,7714.0731037599999,8503.3275767970008,7221.3304504070002,7587.9335543879997,5174580851.4871902,133718322412.774,2018-02-07,2018-02-08,False,False
2018-02-08T00:00:00Z,2018-02-09T00:00:00Z,7569.8673867540001,8587.3750569370004,7569.8673867540001,8256.1551511590005,4511057946.2046003,139923626486.08401,2018-02-08,2018-02-09,False,False
2018-02-09T00:00:00Z,2018-02-10T00:00:00Z,8266.2870003520002,8708.0012592130006,7850.1128661020002,8684.1067624490006,4374319140.2319899,139813375515.397,2018-02-09,2018-02-10,False,False
2018-02-10T00:00:00Z,2018-02-11T00:00:00Z,8697.342477143,9080.5130898749994,8282.2743558679995,8624.2385376120001,4794961601.20856,146923735750.311,2018-02-10,2018-02-11,False,False
2018-02-11T00:00:00Z,2018-02-12T00:00:00Z,8624.2581210349999,8624.2581210349999,7914.9215501010003,8099.3073656420001,3776449040.87182,138897573472.04599,2018-02-11,2018-02-12,False,False
2018-02-12T00:00:00Z,2018-02-13T00:00:00Z,8120.3519242960001,8968.5772722889997,8120.3519242960001,8863.2528063400005,3543127386.7016602,145800341725.177,2018-02-12,2018-02-13,False,False
2018-02-13T00:00:00Z,2018-02-14T00:00:00Z,8887.2283067589997,8906.1773271889997,8424.4124106620002,8577.5720637140003,3616243668.1623902,146264694620.37701,2018-02-13,2018-02-14,False,False
2018-02-14T00:00:00Z,2018-02-15T00:00:00Z,8564.7003084059997,9518.5400000000009,8564.7003084059997,9505.1499999999996,6626407147.1299496,153318027840.98901,2018-02-14,2018-02-15,False,False
2018-02-15T00:00:00Z,2018-02-16T00:00:00Z,9494.6299999999992,10183.839544352,9408.5065088270003,10117.074989492001,4739907420.8025599,165589174576.444,2018-02-15,2018-02-16,False,False
2018-02-16T00:00:00Z,2018-02-17T00:00:00Z,10091.750212088,10275.012369206001,9811.975773487,10245.308854663001,4465120674.4792404,170718163129.38501,2018-02-16,2018-02-17,False,False
2018-02-17T00:00:00Z,2018-02-18T00:00:00Z,10234.612793074,11123.134450644,10164.864839284,11095.608602103999,4558021813.7530804,180731004088.91901,2018-02-17,2018-02-18,False,False
2018-02-18T00:00:00Z,2018-02-19T00:00:00Z,11124.360485028001,11326.127511758999,10338.069950572,10576.175563516999,5158247526.9529104,182672172258.918,2018-02-18,2018-02-19,False,False
2018-02-19T00:00:00Z,2018-02-20T00:00:00Z,10562.644468981,11224.553488527001,10512.369514952001,11191.902658673,4101946824.8840098,184095687081.53,2018-02-19,2018-02-20,False,False
2018-02-20T00:00:00Z,2018-02-21T00:00:00Z,11197.759777513,11976.619483523,11197.759777513,11446.215061411,4769640709.9155397,196500409482.05399,2018-02-20,2018-02-21,False,False
2018-02-21T00:00:00Z,2018-02-22T00:00:00Z,11436.166476281,11436.166476281,10502.252235985001,10680.361706517,5508367041.8959303,185355964500.564,2018-02-21,2018-02-22,False,False
2018-02-22T00:00:00Z,2018-02-23T00:00:00Z,10691.350530395001,11034.671353367999,9913.9977067910004,9987.1718463249999,5331192808.4042597,175425443931.25601,2018-02-22,2018-02-23,False,False
2018-02-23T00:00:00Z,2018-02-24T00:00:00Z,9972.7233596400001,10493.769149903001,9732.2573184239991,10348.067628802,4784103251.9023304,170839836666.23099,2018-02-23,2018-02-24,False,False
2018-02-24T00:00:00Z,2018-02-25T00:00:00Z,10328.567370930999,10605.869417366001,9593.2271512940006,9843.2764272040004,3787518210.3029199,169467401242.95499,2018-02-24,2018-02-25,False,False
2018-02-25T00:00:00Z,2018-02-26T00:00:00Z,9844.5167897240008,9958.1308998730001,9413.0222904319999,9699.6474081369997,3265197229.4145298,163411665694.33401,2018-02-25,2018-02-26,False,False
2018-02-26T00:00:00Z,2018-02-27T00:00:00Z,9703.3219158859993,10481.370878649001,9513.1229408300005,10371.772676836001,3261955537.9735398,167531121149.478,2018-02-26,2018-02-27,False,False
2018-02-27T00:00:00Z,2018-02-28T00:00:00Z,10388.882339563999,10913.296357158,10256.804875528,10736.490533616001,3915484543.4130001,179335649688.14801,2018-02-27,2018-02-28,False,False
2018-02-28T00:00:00Z,2018-03-01T00:00:00Z,10727.535133875999,11085.824873453001,10402.007260873001,10412.024007874001,3642202553.5871301,179860191235.508,2018-02-28,2018-03-01,False,False
2018-03-01T00:00:00Z,2018-03-02T00:00:00Z,10423.581475732,10974.716730808999,10375.265795632,10929.765497461,3441035104.33882,179665284931.12201,2018-03-01,2018-03-02,False,False
2018-03-02T00:00:00Z,2018-03-03T00:00:00Z,10920.662074394,11157.479571807,10724.630823023001,11095.091955664,4030692043.9488602,186991777621.60199,2018-03-02,2018-03-03,False,False
2018-03-03T00:00:00Z,2018-03-04T00:00:00Z,11094.237419658,11531.368984274999,11094.237419658,11494.898944222001,3526443821.1412501,192299293713.93201,2018-03-03,2018-03-04,False,False
2018-03-04T00:00:00Z,2018-03-05T00:00:00Z,11497.564316573,11516.383565833999,11144.735675761,11516.383565833999,3861373865.8980498,190891708185.22699,2018-03-04,2018-03-05,False,False
2018-03-05T00:00:00Z,2018-03-06T00:00:00Z,11502.666673068001,11622.503172979001,11394.627184642,11527.568787431001,4219752283.90836,194875403407.36401,2018-03-05,2018-03-06,False,False
2018-03-06T00:00:00Z,2018-03-07T00:00:00Z,11520.402454973,11520.402454973,10637.819708432,10697.572294269999,4804420267.1064701,186711319238.13599,2018-03-06,2018-03-07,False,False
2018-03-07T00:00:00Z,2018-03-08T00:00:00Z,10721.475282301,10869.538707379999,9701.5633903439993,9968.2683163809997,5234978812.5901098,177918066329.573,2018-03-07,2018-03-08,False,False
2018-03-08T00:00:00Z,2018-03-09T00:00:00Z,9971.7582510609991,10139.850278964001,9338.2819748139991,9433.5929234129999,4793198292.9405403,165030983908.595,2018-03-08,2018-03-09,False,False
2018-03-09T00:00:00Z,2018-03-10T00:00:00Z,9411.7155408510007,9479.8249374940006,8497.3308216219993,9345.5216760519997,4328631178.0295696,151766844899.47601,2018-03-09,2018-03-10,False,False
2018-03-10T00:00:00Z,2018-03-11T00:00:00Z,9339.6268125219995,9525.4842697990007,8821.4560701619994,8894.8571202200001,4505811284.2020597,157349154451.724,2018-03-10,2018-03-11,False,False
2018-03-11T00:00:00Z,2018-03-12T00:00:00Z,8856.7188810490006,9704.3292337950006,8581.4581527940009,9570.3674482360002,4665413193.9918203,153523238058.01801,2018-03-11,2018-03-12,False,False
2018-03-12T00:00:00Z,2018-03-13T00:00:00Z,9557.8542326940005,9893.0836131899996,8803.8012098470008,9216.3787055890007,5058109366.7854795,161075947417.11801,2018-03-12,2018-03-13,False,False
2018-03-13T00:00:00Z,2018-03-14T00:00:00Z,9179.7769815079992,9481.7081915899998,8948.0521874090009,9208.4405020739996,5095834459.8423004,155752941708.58401,2018-03-13,2018-03-14,False,False
2018-03-14T00:00:00Z,2018-03-15T00:00:00Z,9206.9081107170005,9352.3315453729992,8036.2459109170004,8262.0328970289993,4034218467.2084398,149354974929.53299,2018-03-14,2018-03-15,False,False
2018-03-15T00:00:00Z,2018-03-16T00:00:00Z,8255.7254155369992,8417.9921036220003,7750.2254124970004,8291.9446657730005,5294581212.1224804,138332645701.89099,2018-03-15,2018-03-16,False,False
2018-03-16T00:00:00Z,2018-03-17T00:00:00Z,8302.5956891339993,8570.7137874470009,7982.8031139889999,8315.1391628410001,4153900849.2176399,141272921832.37,2018-03-16,2018-03-17,False,False
2018-03-17T00:00:00Z,2018-03-18T00:00:00Z,8294.1040923540004,8325.9240474069993,7795.1798799259996,7906.3839697430003,4224100753.4801898,137483922115.42801,2018-03-17,2018-03-18,False,False
2018-03-18T00:00:00Z,2018-03-19T00:00:00Z,7912.6589353250001,8232.4831520259995,7364.2238382060004,8092.4396416910004,4628590454.3018503,129663399258.248,2018-03-18,2018-03-19,False,False
2018-03-19T00:00:00Z,2018-03-20T00:00:00Z,8195.6163415369992,8662.3027350159991,8153.6758796329996,8588.6619857490005,5074015987.8788996,144055858647.117,2018-03-19,2018-03-20,False,False
2018-03-20T00:00:00Z,2018-03-21T00:00:00Z,8620.2873055609998,9045.5881976750006,8369.2797663269994,8892.7836541029992,4501108575.6521502,146451375941.21201,2018-03-20,2018-03-21,False,False
2018-03-21T00:00:00Z,2018-03-22T00:00:00Z,8907.399598381,9173.5413134760001,8862.6366937790008,8978.0189895410003,4432036552.3747597,153213993287.215,2018-03-21,2018-03-22,False,False
2018-03-22T00:00:00Z,2018-03-23T00:00:00Z,8970.6603582360003,9104.4039202849999,8570.9757581390004,8721.5699999999997,3735442600.6573601,148850664794.996,2018-03-22,2018-03-23,False,False
2018-03-23T00:00:00Z,2018-03-24T00:00:00Z,8728.4699999999993,8865.051157414,8342.7760725650005,8865.051157414,4026875184.2476001,145006569184.44901,2018-03-23,2018-03-24,False,False
2018-03-24T00:00:00Z,2018-03-25T00:00:00Z,8923.4047829270003,9002.7465685169991,8634.6540304989994,8661.0187530790008,3067943937.3540502,149796255286.36099,2018-03-24,2018-03-25,False,False
2018-03-25T00:00:00Z,2018-03-26T00:00:00Z,8554.4215649649996,8680.4288392369999,8425.5669508139999,8466.556129044,3029683211.9522099,146027822374.36099,2018-03-25,2018-03-26,False,False
2018-03-26T00:00:00Z,2018-03-27T00:00:00Z,8453.8068624839998,8522.6286897749997,7907.8854701350001,8187.3839244640003,2833668579.51054,140368288652.55701,2018-03-26,2018-03-27,False,False
2018-03-27T00:00:00Z,2018-03-28T00:00:00Z,8171.7017640940003,8210.9571890120005,7786.0809215859999,7828.2217315899998,3702257445.23248,135732326694.80901,2018-03-27,2018-03-28,False,False
2018-03-28T00:00:00Z,2018-03-29T00:00:00Z,7821.605869561,8097.6409568159997,7791.3030843699999,7954.8269533490002,3173707435.9878802,134738550293.39301,2018-03-28,2018-03-29,False,False
2018-03-29T00:00:00Z,2018-03-30T00:00:00Z,7947.6275573499997,7976.0708348779999,7010.8697107119997,7178.0586228129996,3386756377.23703,128256618601.82201,2018-03-29,2018-03-30,False,False
2018-03-30T00:00:00Z,2018-03-31T00:00:00Z,7154.0166174030001,7256.6536969039998,6665.1414031980003,6880.4531437750002,4781184232.5155096,117674103198.58701,2018-03-30,2018-03-31,False,False
2018-03-31T00:00:00Z,2018-04-01T00:00:00Z,6875.890211418,7188.2256402089997,6842.0802179800003,6955.124517538,4072365790.65693,119471347711.27499,2018-03-31,2018-04-01,False,False
2018-04-01T00:00:00Z,2018-04-02T00:00:00Z,6959.8906196349999,7054.4774796869997,6506.0220910859998,6830.6305773160002,3598865261.8664298,116292884529.765,2018-04-01,2018-04-02,False,False
2018-04-02T00:00:00Z,2018-04-03T00:00:00Z,6841.7257644159999,7116.9356845000002,6806.5300927939998,7061.6225258980003,3914063316.87707,118714544792.539,2018-04-02,2018-04-03,False,False
2018-04-03T00:00:00Z,2018-04-04T00:00:00Z,7066.3602648550004,7521.8050499190003,7053.6856697679996,7454.6917903929998,4155294223.9418001,125196524425.38499,2018-04-03,2018-04-04,False,False
2018-04-04T00:00:00Z,2018-04-05T00:00:00Z,7454.1944808070002,7454.1944808070002,6791.910366522,6840.9361098930003,4231706034.98842,120987270374.989,2018-04-04,2018-04-05,False,False
2018-04-05T00:00:00Z,2018-04-06T00:00:00Z,6844.0057854529996,6936.1554839769997,6651.1885936629997,6819.7266571059999,4403251763.5225697,115381166132.261,2018-04-05,2018-04-06,False,False
2018-04-06T00:00:00Z,2018-04-07T00:00:00Z,6796.8556635329996,6869.3601033710002,6601.4067340709998,6637.2966862350004,3711281114.3559198,113749617596.85001,2018-04-06,2018-04-07,False,False
2018-04-07T00:00:00Z,2018-04-08T00:00:00Z,6640.3094705189997,7037.9304913440001,6637.54156298,6894.1518590730002,3240556397.7189398,116709872180.672,2018-04-07,2018-04-08,False,False
2018-04-08T00:00:00Z,2018-04-09T00:00:00Z,6898.3450329540001,7076.7152934380001,6898.3450329540001,7000.9233546249998,3056918181.4475398,118826615776.689,2018-04-08,2018-04-09,False,False
2018-04-09T00:00:00Z,2018-04-10T00:00:00Z,7013.7153037609996,7155.4979037829999,6663.3085172600004,6772.8716090320004,3560325736.66433,117673759659.826,2018-04-09,2018-04-10,False,False
2018-04-10T00:00:00Z,2018-04-11T00:00:00Z,6782.5320829760003,6876.3180249059997,6710.130736696,6844.3015570739999,3585817439.0244098,115498144607.216,2018-04-10,2018-04-11,False,False
2018-04-11T00:00:00Z,2018-04-12T00:00:00Z,6845.5608322119997,6946.72149145,6832.638659323,6932.8432963409996,3484554527.3703098,116633027003.159,2018-04-11,2018-04-12,False,False
2018-04-12T00:00:00Z,2018-04-13T00:00:00Z,6933.9719661239997,7824.3578657210001,6788.5456343570004,7821.8225167840001,5569495530.0733404,123866648137.78,2018-04-12,2018-04-13,False,False
2018-04-13T00:00:00Z,2018-04-14T00:00:00Z,7821.3640487250004,8124.0518043210004,7698.959083191,7866.9316226640003,7108692314.5582304,135711160795.367,2018-04-13,2018-04-14,False,False
2018-04-14T00:00:00Z,2018-04-15T00:00:00Z,7862.97915655,8084.1812057529996,7806.7715539979999,7910.2437751019997,5221454291.8204298,135006677595.696,2018-04-14,2018-04-15,False,False
2018-04-15T00:00:00Z,2018-04-16T00:00:00Z,7931.4786153670002,8313.3826215040008,7927.4188503180003,8301.9875344859993,4064566540.1385899,139314075515.987,2018-04-15,2018-04-16,False,False
2018-04-16T00:00:00Z,2018-04-17T00:00:00Z,8306.2417100040002,8344.6185128249999,7899.3806073249998,8038.4711045880003,4364099389.4883099,137323175499.905,2018-04-16,2018-04-17,False,False
2018-04-17T00:00:00Z,2018-04-18T00:00:00Z,8042.5203824159998,8126.3527518410001,7856.1583416109997,7889.5036304739997,4617797211.7789202,136782286541.117,2018-04-17,2018-04-18,False,False
2018-04-18T00:00:00Z,2018-04-19T00:00:00Z,7898.1489066510003,8168.5911838080001,7888.2363313630003,8133.8627634880004,5174175282.7256899,137352270224.70799,2018-04-18,2018-04-19,False,False
2018-04-19T00:00:00Z,2018-04-20T00:00:00Z,8137.7215641189996,8284.8376360990005,8108.0102676890001,8280.6431099279998,5571921609.6622696,139697891452.241,2018-04-19,2018-04-20,False,False
2018-04-20T00:00:00Z,2018-04-21T00:00:00Z,8279.0718850159992,8872.53251671,8247.7201466580009,8813.0440814119993,5856252722.4906397,143325849306.409,2018-04-20,2018-04-21,False,False
2018-04-21T00:00:00Z,2018-04-22T00:00:00Z,8831.3241675280005,8961.9022013400008,8631.5054696770003,8884.3486039109994,6592572345.5961704,149672369138.11801,2018-04-21,2018-04-22,False,False
2018-04-22T00:00:00Z,2018-04-23T00:00:00Z,8890.882431127,8959.3549434529996,8766.3357418680007,8787.2102057920001,5388898212.0388603,151206617490.12201,2018-04-22,2018-04-23,False,False
2018-04-23T00:00:00Z,2018-04-24T00:00:00Z,8785.3077077039998,8966.2544223219993,8775.2382047179999,8924.0233563069996,5577263962.6821804,151137648092.48901,2018-04-23,2018-04-24,False,False
2018-04-24T00:00:00Z,2018-04-25T00:00:00Z,8927.4989527170001,9715.1100876460005,8924.7746770739996,9715.1100876460005,7015588899.8136396,158243944130.89801,2018-04-24,2018-04-25,False,False
2018-04-25T00:00:00Z,2018-04-26T00:00:00Z,9689.4290154720002,9745.0859595919992,8828.3619163389994,8846.7518948830002,9496007199.2582092,157076395722.315,2018-04-25,2018-04-26,False,False
2018-04-26T00:00:00Z,2018-04-27T00:00:00Z,8858.9588585839992,9274.5109170150008,8698.7955490019995,9268.5278368660001,7840135344.8006496,151190285700.754,2018-04-26,2018-04-27,False,False
2018-04-27T00:00:00Z,2018-04-28T00:00:00Z,9272.6885089099997,9364.2968277069995,8970.4495508540003,8974.0897905340007,6420471433.7556801,156938588046.23099,2018-04-27,2018-04-28,False,False
2018-04-28T00:00:00Z,2018-04-29T00:00:00Z,8945.682032015,9402.6618878650006,8905.4237885269995,9337.2813626370007,6044135769.5681496,157157916638.80801,2018-04-28,2018-04-29,False,False
2018-04-29T00:00:00Z,2018-04-30T00:00:00Z,9337.929478299,9519.1197285710005,9194.4905474789994,9413.4093046899998,6578695509.1461697,159435102032.22,2018-04-29,2018-04-30,False,False
2018-04-30T00:00:00Z,2018-05-01T00:00:00Z,9412.9331565619996,9463.9402598800007,9173.1479983959998,9240.3356794949996,6189381726.7451696,158509667847.13,2018-04-30,2018-05-01,False,False
2018-05-01T00:00:00Z,2018-05-02T00:00:00Z,9253.0838828739998,9253.0838828739998,8881.7791138749999,9096.8100218710006,6156448195.8984699,153208735785.09399,2018-05-01,2018-05-02,False,False
2018-05-02T00:00:00Z,2018-05-03T00:00:00Z,9084.6379284609993,9244.4778393899996,8996.7327690319999,9236.7043889569995,4980811639.29496,155625522100.664,2018-05-02,2018-05-03,False,False
2018-05-03T00:00:00Z,2018-05-04T00:00:00Z,9236.4106354989999,9807.4208236070008,9186.7361814929991,9769.2902926400002,6010894136.3784103,159730733869.01501,2018-05-03,2018-05-04,False,False
2018-05-04T00:00:00Z,2018-05-05T00:00:00Z,9758.9438526699996,9790.0062347799994,9597.4869124720008,9718.7242652709992,6816067136.5730495,163695392583.125,2018-05-04,2018-05-05,False,False
2018-05-05T00:00:00Z,2018-05-06T00:00:00Z,9714.0309024119997,9972.7500742739994,9708.0978506409992,9864.0606486960005,5831668636.0789299,167518425717.91901,2018-05-05,2018-05-06,False,False
2018-05-06T00:00:00Z,2018-05-07T00:00:00Z,9869.3134984860008,9960.4087229699999,9495.7564474459996,9666.8534890709998,5579263731.5402203,164319563566.668,2018-05-06,2018-05-07,False,False
2018-05-07T00:00:00Z,2018-05-08T00:00:00Z,9673.8237188969997,9679.3982834060007,9256.5245503879996,9372.8780041200007,5126629695.1103096,159171331027.52802,2018-05-07,2018-05-08,False,False
2018-05-08T00:00:00Z,2018-05-09T00:00:00Z,9380.7923420120005,9468.1996024239997,9136.3834791520003,9233.6879141310001,5187265753.7958403,158129844824.814,2018-05-08,2018-05-09,False,False
2018-05-09T00:00:00Z,2018-05-10T00:00:00Z,9232.3465582059998,9384.3809161930003,9074.4332766419993,9327.3740465770006,5229298823.6157103,157041351530.423,2018-05-09,2018-05-10,False,False
2018-05-10T00:00:00Z,2018-05-11T00:00:00Z,9314.4285614569999,9393.0680482040007,9037.3921119570005,9037.3921119570005,5032109490.2975903,158203200269.255,2018-05-10,2018-05-11,False,False
2018-05-11T00:00:00Z,2018-05-12T00:00:00Z,9040.7886645519993,9040.7886645519993,8394.7674629699995,8422.6638097550003,5789182783.7183304,148566676930.08099,2018-05-11,2018-05-12,False,False
2018-05-12T00:00:00Z,2018-05-13T00:00:00Z,8416.4072278410003,8640.19705144,8196.3157350740003,8488.2131294829996,5465653039.4973602,144028397248.745,2018-05-12,2018-05-13,False,False
2018-05-13T00:00:00Z,2018-05-14T00:00:00Z,8488.7075304070004,8753.4259657010007,8376.2191019300008,8699.8205029330002,4329079560.4036198,146413407329.29099,2018-05-13,2018-05-14,False,False
2018-05-14T00:00:00Z,2018-05-15T00:00:00Z,8696.8180461230004,8895.4628757219998,8347.1749773650008,8740.3127679230001,5019113653.8829098,146843548689.04599,2018-05-14,2018-05-15,False,False
2018-05-15T00:00:00Z,2018-05-16T00:00:00Z,8735.4000322039992,8832.7229021799994,8477.5131105660003,8515.7011343300001,5366406569.2864599,147377649848.073,2018-05-15,2018-05-16,False,False
2018-05-16T00:00:00Z,2018-05-17T00:00:00Z,8508.2519744990004,8508.6742259490002,8164.5049359799996,8343.9002257060001,5131375183.0987501,141362049290.155,2018-05-16,2018-05-17,False,False
2018-05-17T00:00:00Z,2018-05-18T00:00:00Z,8341.6157253260008,8408.3505015480005,8054.71466031,8088.9478991939995,4471142637.6547403,141534195261.12799,2018-05-17,2018-05-18,False,False
2018-05-18T00:00:00Z,2018-05-19T00:00:00Z,8093.3471799420004,8258.6318842019991,7968.0076878379996,8236.6818835930007,4472415561.7762899,138311169552.20001,2018-05-18,2018-05-19,False,False
2018-05-19T00:00:00Z,2018-05-20T00:00:00Z,8236.0224027799995,8338.416559235,8160.754424617,8225.3335185560009,3931791516.7232399,140814675664.79599,2018-05-19,2018-05-20,False,False
2018-05-20T00:00:00Z,2018-05-21T00:00:00Z,8232.4818068210006,8538.3883984309996,8177.7247298080001,8499.1229002260006,3622202463.3850198,142883459805.10001,2018-05-20,2018-05-21,False,False
2018-05-21T00:00:00Z,2018-05-22T00:00:00Z,8504.392245727,8536.8465064310003,8353.5678385390001,8399.1150421849998,3892425909.5130901,144399603233.06299,2018-05-21,2018-05-22,False,False
2018-05-22T00:00:00Z,2018-05-23T00:00:00Z,8398.9807413830003,8398.9807413830003,8016.1115919450003,8032.0937107580003,3751166478.6619,140965212363.83801,2018-05-22,2018-05-23,False,False
2018-05-23T00:00:00Z,2018-05-24T00:00:00Z,8021.5271154510001,8050.0031804649998,7525.4882479620001,7570.5381880389996,4347099237.8721399,133788780303.855,2018-05-23,2018-05-24,False,False
2018-05-24T00:00:00Z,2018-05-25T00:00:00Z,7558.3322480739998,7740.0930949550002,7340.4745863030003,7576.2787519439999,4962607292.1423101,128983159056.42101,2018-05-24,2018-05-25,False,False
2018-05-25T00:00:00Z,2018-05-26T00:00:00Z,7597.498837309,7649.0310634899997,7397.1907894200003,7488.6372205899997,4140362593.8052902,127945639029.034,2018-05-25,2018-05-26,False,False
2018-05-26T00:00:00Z,2018-05-27T00:00:00Z,7483.9231865150005,7574.7453964449996,7344.8297271949996,7349.7886519080002,3196176483.8865099,127948559647.401,2018-05-26,2018-05-27,False,False
2018-05-27T00:00:00Z,2018-05-28T00:00:00Z,7358.6821090510002,7380.2253212650003,7269.5438236270002,7363.9367601739996,3037874870.6619601,125071558308.789,2018-05-27,2018-05-28,False,False
2018-05-28T00:00:00Z,2018-05-29T00:00:00Z,7366.6477752299998,7442.1930140390004,7141.1154811759998,7149.2505972230001,3215107342.6457,124215494408.843,2018-05-28,2018-05-29,False,False
2018-05-29T00:00:00Z,2018-05-30T00:00:00Z,7148.3827873970004,7530.3652979409999,7108.097718043,7474.5620164740003,3815081591.77601,124630231434.778,2018-05-29,2018-05-30,False,False
2018-05-30T00:00:00Z,2018-05-31T00:00:00Z,7475.3809751270001,7572.0289237919997,7330.9415028000003,7411.6219170510003,3899968538.10464,127218701522.556,2018-05-30,2018-05-31,False,False
2018-05-31T00:00:00Z,2018-06-01T00:00:00Z,7410.9968831530005,7588.9416681769999,7361.2093087220001,7504.0385869760003,3635904694.0149298,128090140880.019,2018-05-31,2018-06-01,False,False
2018-06-01T00:00:00Z,2018-06-02T00:00:00Z,7503.9602752410001,7590.6238382259999,7411.8311282570003,7525.4737967749998,3534811211.3344598,127779434179.467,2018-06-01,2018-06-02,False,False
2018-06-02T00:00:00Z,2018-06-03T00:00:00Z,7520.8097814370003,7659.6924513490003,7481.2813448059997,7588.637727714,3506255999.62537,129517556531.76401,2018-06-02,2018-06-03,False,False
2018-06-03T00:00:00Z,2018-06-04T00:00:00Z,7586.6356589349998,7709.2548713460001,7567.4964228210001,7684.9317991790003,3988066391.9167299,131477090606.007,2018-06-03,2018-06-04,False,False
2018-06-04T00:00:00Z,2018-06-05T00:00:00Z,7687.6757517630003,7709.0437812580003,7473.4894144319996,7505.8905080550003,3930562178.7105098,129809953835.06,2018-06-04,2018-06-05,False,False
2018-06-05T00:00:00Z,2018-06-06T00:00:00Z,7504.61258223,7628.6607109509996,7407.3377535400004,7612.1151762400004,3615936275.2699299,127854338897.61,2018-06-05,2018-06-06,False,False
2018-06-06T00:00:00Z,2018-06-07T00:00:00Z,7611.859043556,7645.2429984079999,7501.7608932370003,7577.5934045069998,3324816448.4208298,129746655128.228,2018-06-06,2018-06-07,False,False
2018-06-07T00:00:00Z,2018-06-08T00:00:00Z,7576.087612329,7711.7071262130003,7576.087612329,7654.7891360269996,3371952934.7002501,131241247121.217,2018-06-07,2018-06-08,False,False
2018-06-08T00:00:00Z,2018-06-09T00:00:00Z,7659.86399996,7677.5974941100003,7564.9650868930003,7622.6370610009999,2974280008.5998602,130241534909.565,2018-06-08,2018-06-09,False,False
2018-06-09T00:00:00Z,2018-06-10T00:00:00Z,7624.2840001690001,7658.105197332,7559.667408968,7559.667408968,2724319399.40943,130144429836.024,2018-06-09,2018-06-10,False,False
2018-06-10T00:00:00Z,2018-06-11T00:00:00Z,7563.6009934760004,7563.6009934760004,6759.0461404950001,6797.0789042079996,3104326326.9976301,122562640554.785,2018-06-10,2018-06-11,False,False
2018-06-11T00:00:00Z,2018-06-12T00:00:00Z,6804.1064991069998,6851.118289256,6721.9545970589998,6847.9436708120002,3827038711.6023402,115730062694.32401,2018-06-11,2018-06-12,False,False
2018-06-12T00:00:00Z,2018-06-13T00:00:00Z,6845.9230643950004,6867.2870299759998,6535.5511589400003,6558.5148782980004,3102008136.8683,115883252761.093,2018-06-12,2018-06-13,False,False
2018-06-13T00:00:00Z,2018-06-14T00:00:00Z,6559.9434938559998,6599.5147358490003,6283.2318685230002,6308.3960280749998,3295765432.76754,110547750538.438,2018-06-13,2018-06-14,False,False
2018-06-14T00:00:00Z,2018-06-15T00:00:00Z,6307.5888504300001,6667.6735540400005,6293.2778447840001,6649.4383472250001,3663602706.4720402,111014489453.79601,2018-06-14,2018-06-15,False,False
2018-06-15T00:00:00Z,2018-06-16T00:00:00Z,6650.9267647810002,6652.5723922480001,6470.0531739690005,6473.7734905790003,3114118486.9411998,112236734784.51801,2018-06-15,2018-06-16,False,False
2018-06-16T00:00:00Z,2018-06-17T00:00:00Z,6469.4964134410002,6514.5508970640003,6395.0229906670002,6505.7553113350004,2350148804.58219,110323600936.40199,2018-06-16,2018-06-17,False,False
2018-06-17T00:00:00Z,2018-06-18T00:00:00Z,6500.4350038000002,6541.2348344049997,6459.3140006650001,6461.2130246879997,2039619863.6724401,111222374664.013,2018-06-17,2018-06-18,False,False
2018-06-18T00:00:00Z,2018-06-19T00:00:00Z,6460.2184050699998,6724.3015893399997,6400.0714294310001,6700.5960208489996,2259399591.5332999,111265161991.75301,2018-06-18,2018-06-19,False,False
2018-06-19T00:00:00Z,2018-06-20T00:00:00Z,6705.7533117530002,6754.4521932540001,6677.9576432670001,6722.6367526610002,2930821031.4087701,114742560036.16299,2018-06-19,2018-06-20,False,False
2018-06-20T00:00:00Z,2018-06-21T00:00:00Z,6720.9015731239997,6754.9423461759998,6577.8030761010004,6734.1378279840001,3087939613.0943298,114051666953.161,2018-06-20,2018-06-21,False,False
2018-06-21T00:00:00Z,2018-06-22T00:00:00Z,6734.1378279840001,6770.2070684310002,6695.8961638379997,6711.941657499,2901154211.88098,115067734172.998,2018-06-21,2018-06-22,False,False
2018-06-22T00:00:00Z,2018-06-23T00:00:00Z,6712.4394030780004,6715.0064088749996,6056.8619893590003,6071.7200890410004,3351734963.0013299,109318040094.606,2018-06-22,2018-06-23,False,False
2018-06-23T00:00:00Z,2018-06-24T00:00:00Z,6073.0542711420003,6244.3759491689998,6070.1065764369996,6156.3002639799997,4089480599.8167901,104886130046.063,2018-06-23,2018-06-24,False,False
2018-06-24T00:00:00Z,2018-06-25T00:00:00Z,6157.6641078989996,6211.2921251440002,5829.9015353790001,6149.117943358,3728670367.4808602,103104840640.457,2018-06-24,2018-06-25,False,False
2018-06-25T00:00:00Z,2018-06-26T00:00:00Z,6149.9632188289997,6289.1757338329999,6113.9911526870001,6238.0741189390001,4343151231.3203001,106019354755.629,2018-06-25,2018-06-26,False,False
2018-06-26T00:00:00Z,2018-06-27T00:00:00Z,6247.163489863,6255.4435127070001,6103.0307199079998,6103.0307199079998,3889799376.78338,106201817724.485,2018-06-26,2018-06-27,False,False
2018-06-27T00:00:00Z,2018-06-28T00:00:00Z,6108.081816244,6172.5272461369996,6049.8489450119996,6108.6941457940002,3736840201.2203798,104332774796.423,2018-06-27,2018-06-28,False,False
2018-06-28T00:00:00Z,2018-06-29T00:00:00Z,6118.418332491,6138.6554703359998,5896.0880252059997,5912.4354458580001,3121465243.0071902,104230356277.987,2018-06-28,2018-06-29,False,False
2018-06-29T00:00:00Z,2018-06-30T00:00:00Z,5910.7380037140001,6180.3421890529999,5847.3231404600001,6127.5609232810002,2839622172.2438402,101303448487.614,2018-06-29,2018-06-30,False,False
2018-06-30T00:00:00Z,2018-07-01T00:00:00Z,6133.7039768599998,6425.9174848359999,6130.9926629499996,6376.5648553170004,3771289831.8425999,109013793431.196,2018-06-30,2018-07-01,False,False
2018-07-01T00:00:00Z,2018-07-02T00:00:00Z,6385.4237520590004,6409.3654592180001,6310.846816102,6364.4018418449996,3508360442.87466,109006878047.625,2018-07-01,2018-07-02,False,False
2018-07-02T00:00:00Z,2018-07-03T00:00:00Z,6363.3783520159996,6638.313861013,6302.4399827730003,6595.9687171109999,3807596497.40693,110312978867.13,2018-07-02,2018-07-03,False,False
2018-07-03T00:00:00Z,2018-07-04T00:00:00Z,6595.9751911699996,6645.8355897929996,6483.5643110999999,6534.6449028429997,5004522312.6593304,112894405915.37199,2018-07-03,2018-07-04,False,False
2018-07-04T00:00:00Z,2018-07-05T00:00:00Z,6537.368501721,6686.34437471,6435.0202166119998,6603.0999089790002,4840988987.8003302,112438805144.069,2018-07-04,2018-07-05,False,False
2018-07-05T00:00:00Z,2018-07-06T00:00:00Z,6612.111581483,6636.3262634700004,6492.3406910350004,6532.4993544039999,4643821207.8070698,112764025003.03799,2018-07-05,2018-07-06,False,False
2018-07-06T00:00:00Z,2018-07-07T00:00:00Z,6528.310928764,6600.606900537,6461.8975529970003,6600.606900537,4811073504.4602203,112044984491.78,2018-07-06,2018-07-07,False,False
2018-07-07T00:00:00Z,2018-07-08T00:00:00Z,6594.7777093619998,6725.9318317389998,6528.9979765779999,6718.7010130509998,4981676689.5345898,112643239518.513,2018-07-07,2018-07-08,False,False
2018-07-08T00:00:00Z,2018-07-09T00:00:00Z,6715.3782801139996,6759.5122169939996,6687.6445798080003,6711.7567999339999,4983369408.6167097,115356288726.25101,2018-07-08,2018-07-09,False,False
2018-07-09T00:00:00Z,2018-07-10T00:00:00Z,6713.1435830170003,6746.3436551470004,6664.5131329810001,6669.9985102669998,4925375835.09764,114903648635.785,2018-07-09,2018-07-10,False,False
2018-07-10T00:00:00Z,2018-07-11T00:00:00Z,6670.315362761,6677.7435117679997,6316.1713278480001,6319.8356096070002,4677923064.3434,111216854320.205,2018-07-10,2018-07-11,False,False
2018-07-11T00:00:00Z,2018-07-12T00:00:00Z,6318.7412195139996,6390.0031779310002,6318.7412195139996,6367.6871852519998,3967828329.8168702,108981359942.40401,2018-07-11,2018-07-12,False,False
2018-07-12T00:00:00Z,2018-07-13T00:00:00Z,6369.8368501510004,6375.1492781859997,6129.6424429259996,6202.4421764799999,3447735128.4781699,106786605367.42799,2018-07-12,2018-07-13,False,False
2018-07-13T00:00:00Z,2018-07-14T00:00:00Z,6217.3198181440002,6294.9554552110003,6181.0473784579999,6215.7847178809998,3821904703.0469198,107041202810.183,2018-07-13,2018-07-14,False,False
2018-07-14T00:00:00Z,2018-07-15T00:00:00Z,6220.1742251320002,6264.8957591440003,6195.2796368299996,6250.0504069819999,3734323550.3311601,106911716788.276,2018-07-14,2018-07-15,False,False
2018-07-15T00:00:00Z,2018-07-16T00:00:00Z,6250.3247909129996,6381.0877980120003,6236.6370672519997,6346.5995507540001,3455989685.6982298,108301684788.815,2018-07-15,2018-07-16,False,False
2018-07-16T00:00:00Z,2018-07-17T00:00:00Z,6349.1130329790003,6705.4924436419997,6336.9335286989999,6705.4924436419997,4630543497.4493198,111553385913.80299,2018-07-16,2018-07-17,False,False
2018-07-17T00:00:00Z,2018-07-18T00:00:00Z,6698.8438986840001,7347.9546981809999,6666.1538060080002,7317.3300339979996,5419192992.6993303,117484648785.31799,2018-07-17,2018-07-18,False,False
2018-07-18T00:00:00Z,2018-07-19T00:00:00Z,7313.6027359130003,7506.5226818680003,7293.6960272010001,7353.8838511000004,6330311100.2500401,126702867277.644,2018-07-18,2018-07-19,False,False
2018-07-19T00:00:00Z,2018-07-20T00:00:00Z,7349.6264445819997,7480.4911110599996,7289.4066282920003,7443.6606457810003,5846088135.4532204,126552515026.71001,2018-07-19,2018-07-20,False,False
2018-07-20T00:00:00Z,2018-07-21T00:00:00Z,7444.5684098920001,7552.7642401539997,7305.6382745740002,7329.8433477609997,4966521399.75179,127340006735.71001,2018-07-20,2018-07-21,False,False
2018-07-21T00:00:00Z,2018-07-22T00:00:00Z,7330.3410573689998,7410.5124376499998,7264.9950359750001,7400.9864972360001,4512259647.4774704,125957083903.683,2018-07-21,2018-07-22,False,False
2018-07-22T00:00:00Z,2018-07-23T00:00:00Z,7398.4522103689997,7535.767369706,7381.6027130889997,7391.7475735010003,3665112371.9181399,127708552338.54601,2018-07-22,2018-07-23,False,False
2018-07-23T00:00:00Z,2018-07-24T00:00:00Z,7386.7102661039999,7753.766990612,7375.7942467659996,7712.9307319440004,4687601679.5963297,131428842715.59,2018-07-23,2018-07-24,False,False
2018-07-24T00:00:00Z,2018-07-25T00:00:00Z,7715.3941614019996,8349.1008187959997,7704.8614212189996,8338.9406204429997,5764717500.8643303,138130525893.73001,2018-07-24,2018-07-25,False,False
2018-07-25T00:00:00Z,2018-07-26T00:00:00Z,8343.3801189589994,8416.6209910149992,8070.1692599580001,8179.3638871840003,6176077122.4250603,141437450720.81,2018-07-25,2018-07-26,False,False
2018-07-26T00:00:00Z,2018-07-27T00:00:00Z,8165.5975487719998,8280.3831128830006,7874.7652319629997,7933.6739324119999,4940766514.8480196,140555305797.23999,2018-07-26,2018-07-27,False,False
2018-07-27T00:00:00Z,2018-07-28T00:00:00Z,7925.6613613299996,8261.1353351819998,7834.4907606899997,8158.4910939359997,4974252390.8079004,137721622178.59201,2018-07-27,2018-07-28,False,False
2018-07-28T00:00:00Z,2018-07-29T00:00:00Z,8172.8757607719999,8218.9096215959999,8094.7904550450003,8195.2813876159998,4271083963.4205799,140469479107.34399,2018-07-28,2018-07-29,False,False
2018-07-29T00:00:00Z,2018-07-30T00:00:00Z,8230.52203672,8273.0412099490004,8130.3559369719997,8211.6143348050009,3666674348.9657502,140931396441.142,2018-07-29,2018-07-30,False,False
2018-07-30T00:00:00Z,2018-07-31T00:00:00Z,8218.1477519849996,8237.1200870989996,7885.5945294929998,8181.1849137010004,4448141891.5062504,139853384177.086,2018-07-30,2018-07-31,False,False
2018-07-31T00:00:00Z,2018-08-01T00:00:00Z,8174.6417396160005,8174.6417396160005,7662.7921357409996,7752.1444918110001,5247534991.5982199,136223543687.617,2018-07-31,2018-08-01,False,False
2018-08-01T00:00:00Z,2018-08-02T00:00:00Z,7744.6313954329999,7747.4173751119997,7492.2166281959999,7596.7218027620002,4823441462.3937998,130208064859.32899,2018-08-01,2018-08-02,False,False
2018-08-02T00:00:00Z,2018-08-03T00:00:00Z,7600.5589939479996,7685.9233785930001,7508.5167486050004,7551.4931529599999,4163829164.0053401,130538683460.74699,2018-08-02,2018-08-03,False,False
2018-08-03T00:00:00Z,2018-08-04T00:00:00Z,7548.4577357400003,7548.4577357400003,7309.3087520170002,7422.4380433429997,4091971159.8431501,127285663216.901,2018-08-03,2018-08-04,False,False
2018-08-04T00:00:00Z,2018-08-05T00:00:00Z,7423.3693366130001,7491.7418002120003,6967.6968602919997,7017.8448943339999,3860203504.5134602,124874388282.47,2018-08-04,2018-08-05,False,False
2018-08-05T00:00:00Z,2018-08-06T00:00:00Z,7021.6185429779998,7076.470273596,6924.9064515440004,7041.9901043970003,3682909104.3676801,120528010089.832,2018-08-05,2018-08-06,False,False
2018-08-06T00:00:00Z,2018-08-07T00:00:00Z,7040.9449825290003,7144.0079791139997,6869.734954513,6935.7130918989997,3306255574.1445498,120402336022.85899,2018-08-06,2018-08-07,False,False
2018-08-07T00:00:00Z,2018-08-08T00:00:00Z,6945.21833169,7140.7087615560004,6722.2662207459998,6732.8266899520004,3700827846.1271801,120399763551.104,2018-08-07,2018-08-08,False,False
2018-08-08T00:00:00Z,2018-08-09T00:00:00Z,6736.3002642490001,6736.3002642490001,6205.3523437399999,6281.5173741059998,4609610922.2243404,111187622461.85899,2018-08-08,2018-08-09,False,False
2018-08-09T00:00:00Z,2018-08-10T00:00:00Z,6291.645097695,6629.9379738480002,6248.5864636890001,6563.7646044969997,4210397000.6718998,110258412337.924,2018-08-09,2018-08-10,False,False
2018-08-10T00:00:00Z,2018-08-11T00:00:00Z,6556.7990019099998,6587.1050701300001,6109.9740947680002,6183.8310559629999,4181392943.93188,110450434360.759,2018-08-10,2018-08-11,False,False
2018-08-11T00:00:00Z,2018-08-12T00:00:00Z,6178.8161532530003,6460.502985999,6100.8123386569996,6293.9159422470002,4185821570.7300301,106925855935.202,2018-08-11,2018-08-12,False,False
2018-08-12T00:00:00Z,2018-08-13T00:00:00Z,6269.572355626,6433.3725341700001,6227.3711348899997,6342.511734015,3631377731.0463901,108986681777.666,2018-08-12,2018-08-13,False,False
2018-08-13T00:00:00Z,2018-08-14T00:00:00Z,6342.4953807499996,6509.9614573110002,6209.0587629989996,6284.9281151599998,3625488362.3136702,109683741538.993,2018-08-13,2018-08-14,False,False
2018-08-14T00:00:00Z,2018-08-15T00:00:00Z,6287.0532207050001,6287.0532207050001,5952.3353797740001,6207.1175202009999,4314826467.9575901,104715326537.314,2018-08-14,2018-08-15,False,False
2018-08-15T00:00:00Z,2018-08-16T00:00:00Z,6217.8422490390003,6594.4423820350003,6217.8422490390003,6306.2982664359997,4271528735.3668399,109910003262.033,2018-08-15,2018-08-16,False,False
2018-08-16T00:00:00Z,2018-08-17T00:00:00Z,6302.0735674650005,6475.480838249,6263.5369710100003,6329.6973403439997,4159955398.3435202,109615804939.237,2018-08-16,2018-08-17,False,False
2018-08-17T00:00:00Z,2018-08-18T00:00:00Z,6339.3033460699999,6587.6279019929998,6331.7173339330002,6587.2344392790001,4220932607.4300799,111590079309.256,2018-08-17,2018-08-18,False,False
2018-08-18T00:00:00Z,2018-08-19T00:00:00Z,6597.2120732820003,6628.4292979900001,6345.7852613920004,6420.0168787599996,4098661004.4924502,111471615191.46899,2018-08-18,2018-08-19,False,False
2018-08-19T00:00:00Z,2018-08-20T00:00:00Z,6416.2373907020001,6543.6376139800004,6354.6536225560003,6509.31191253,3185408871.9864302,110575568197.28999,2018-08-19,2018-08-20,False,False
2018-08-20T00:00:00Z,2018-08-21T00:00:00Z,6504.0647190689997,6539.1849954600002,6277.4023894000002,6291.9711915010002,3226319434.9999099,111320719763.466,2018-08-20,2018-08-21,False,False
2018-08-21T00:00:00Z,2018-08-22T00:00:00Z,6284.246451559,6494.9491816660002,6282.0552676220004,6482.4809395299999,3352928439.44279,110497806843.18201,2018-08-21,2018-08-22,False,False
2018-08-22T00:00:00Z,2018-08-23T00:00:00Z,6481.3002157560004,6820.0814667479999,6319.8483496709996,6376.5307139440001,3605706790.0478501,113589812746.94901,2018-08-22,2018-08-23,False,False
2018-08-23T00:00:00Z,2018-08-24T00:00:00Z,6379.9801493240002,6545.6590348420004,6379.9801493240002,6528.524414941,3432974935.3048201,111083798682.763,2018-08-23,2018-08-24,False,False
2018-08-24T00:00:00Z,2018-08-25T00:00:00Z,6534.2303506119997,6721.3632823309999,6501.0669668660003,6709.5929611250003,3159935178.7101002,113122648892.093,2018-08-24,2018-08-25,False,False
2018-08-25T00:00:00Z,2018-08-26T00:00:00Z,6703.5045298770001,6787.2413491799998,6682.1410583369998,6745.1555729789998,3482620041.81071,115890204075.74001,2018-08-25,2018-08-26,False,False
2018-08-26T00:00:00Z,2018-08-27T00:00:00Z,6740.9665193310002,6763.7990670019999,6594.1519918080003,6705.1584226610003,2897692512.09547,115136755514.161,2018-08-26,2018-08-27,False,False
2018-08-27T00:00:00Z,2018-08-28T00:00:00Z,6708.1598690459996,6885.0579760950004,6671.2397351919999,6883.391276755,3208584744.2676201,115875282123.08,2018-08-27,2018-08-28,False,False
2018-08-28T00:00:00Z,2018-08-29T00:00:00Z,6892.1188197239999,7116.2374903540003,6870.993672867,7082.6373853369996,4088489331.5606499,120406267603.79601,2018-08-28,2018-08-29,False,False
2018-08-29T00:00:00Z,2018-08-30T00:00:00Z,7080.2558963410002,7118.6090596829999,6960.4603683160003,7036.6430935970002,4017126669.3559399,121596972339.095,2018-08-29,2018-08-30,False,False
2018-08-30T00:00:00Z,2018-08-31T00:00:00Z,7036.4315870410001,7058.8989767229996,6832.7391760050004,6973.8803116720001,3821615060.2858801,119735169322.61,2018-08-30,2018-08-31,False,False
2018-08-31T00:00:00Z,2018-09-01T00:00:00Z,6977.1848966950001,7056.4981520809997,6905.3391494400003,7018.2640498569999,3847879824.7936902,120305931834.48599,2018-08-31,2018-09-01,False,False
2018-09-01T00:00:00Z,2018-09-02T00:00:00Z,7011.745044966,7238.2634964859999,7011.745044966,7193.2487331490001,3736417380.5292101,122433880681.735,2018-09-01,2018-09-02,False,False
2018-09-02T00:00:00Z,2018-09-03T00:00:00Z,7189.7117982039999,7303.0057905350004,7126.7537597910004,7277.2395494729999,4026452649.61374,124689669675.939,2018-09-02,2018-09-03,False,False
2018-09-03T00:00:00Z,2018-09-04T00:00:00Z,7278.2536085809998,7324.29065154,7185.2603488650002,7268.8647428869999,3587720774.5187101,125176534045.19901,2018-09-03,2018-09-04,False,False
2018-09-04T00:00:00Z,2018-09-05T00:00:00Z,7267.9053319269997,7399.9628398140003,7246.7543556620003,7360.9892948799998,3585026575.4925699,126418425071.53999,2018-09-04,2018-09-05,False,False
2018-09-05T00:00:00Z,2018-09-06T00:00:00Z,7364.127452099,7391.5199134610002,6714.906124526,6714.906124526,4063479414.9589801,123206380150.7,2018-09-05,2018-09-06,False,False
2018-09-06T00:00:00Z,2018-09-07T00:00:00Z,6720.2467956629998,6720.2467956629998,6371.9027852380004,6519.675094919,5128823495.4749098,111338543930.765,2018-09-06,2018-09-07,False,False
2018-09-07T00:00:00Z,2018-09-08T00:00:00Z,6527.5288011980001,6551.3430721570003,6367.8145576639999,6436.8414351029996,3604584133.8763099,111668930820.85899,2018-09-07,2018-09-08,False,False
2018-09-08T00:00:00Z,2018-09-09T00:00:00Z,6432.0323844710001,6495.3475051369996,6164.4990019280003,6214.5154504069997,3029596737.9425001,110352219739.563,2018-09-08,2018-09-09,False,False
2018-09-09T00:00:00Z,2018-09-10T00:00:00Z,6213.2205559410004,6434.3727941249999,6186.8084640110001,6277.6822766289997,3170107868.18437,109035714370.452,2018-09-09,2018-09-10,False,False
2018-09-10T00:00:00Z,2018-09-11T00:00:00Z,6274.8079690060003,6364.0540739999997,6274.8079690060003,6330.6698433020001,2898910708.5530701,109069459979.02299,2018-09-10,2018-09-11,False,False
2018-09-11T00:00:00Z,2018-09-12T00:00:00Z,6328.6876359039998,6391.7759756940004,6232.7340674509996,6306.6940064150003,2960797320.0174799,109082762652.735,2018-09-11,2018-09-12,False,False
2018-09-12T00:00:00Z,2018-09-13T00:00:00Z,6311.3697296259998,6365.0508379120001,6243.0213502340002,6359.1496448139997,3072304772.7652798,108758126327.28799,2018-09-12,2018-09-13,False,False
2018-09-13T00:00:00Z,2018-09-14T00:00:00Z,6356.8845919559999,6530.9886047729997,6356.8845919559999,6501.1456170909996,3265539092.1933298,111509933620.722,2018-09-13,2018-09-14,False,False
2018-09-14T00:00:00Z,2018-09-15T00:00:00Z,6498.1827697629997,6585.306525078,6440.8064304830004,6509.2230856249998,3449529788.8717599,112457477608.039,2018-09-14,2018-09-15,False,False
2018-09-15T00:00:00Z,2018-09-16T00:00:00Z,6500.8485618719997,6566.8272408720004,6491.8573325850002,6537.2110732849997,2906742501.1619101,112731567389.711,2018-09-15,2018-09-16,False,False
2018-09-16T00:00:00Z,2018-09-17T00:00:00Z,6535.0073133249998,6535.0073133249998,6432.9529190510002,6512.152477693,2612709364.0235,112239914834.603,2018-09-16,2018-09-17,False,False
2018-09-17T00:00:00Z,2018-09-18T00:00:00Z,6512.2203426269998,6540.8520930280001,6241.7677425259999,6274.2290737129997,2835108018.9539499,110824849006.159,2018-09-17,2018-09-18,False,False
2018-09-18T00:00:00Z,2018-09-19T00:00:00Z,6275.4960644080002,6392.2649909359998,6256.1297691130003,6363.8584669040001,3249090128.6492701,109083774869.599,2018-09-18,2018-09-19,False,False
2018-09-19T00:00:00Z,2018-09-20T00:00:00Z,6358.7390546409997,6490.6343970099997,6178.6366540239997,6397.1273916649998,3147521552.2712302,109804752780.892,2018-09-19,2018-09-20,False,False
2018-09-20T00:00:00Z,2018-09-21T00:00:00Z,6399.795216298,6513.9459580499997,6366.8262941579997,6497.0191312119996,3420591797.8871598,110865716891.745,2018-09-20,2018-09-21,False,False
2018-09-21T00:00:00Z,2018-09-22T00:00:00Z,6493.1529314270001,6752.404966008,6493.1529314270001,6744.6969811290001,4903492828.54177,114817041723.946,2018-09-21,2018-09-22,False,False
2018-09-22T00:00:00Z,2018-09-23T00:00:00Z,6736.8543326609997,6801.8432266549999,6616.383582083,6707.238115315,4979240365.48629,115821882887.26199,2018-09-22,2018-09-23,False,False
2018-09-23T00:00:00Z,2018-09-24T00:00:00Z,6707.0567710320001,6772.4062082070004,6676.5680405180001,6709.8381270720001,3519712889.77457,116033559671.52299,2018-09-23,2018-09-24,False,False
2018-09-24T00:00:00Z,2018-09-25T00:00:00Z,6709.0933725490004,6725.1475756780001,6575.6463518609999,6586.794101812,3574785844.31567,114895992792.58701,2018-09-24,2018-09-25,False,False
2018-09-25T00:00:00Z,2018-09-26T00:00:00Z,6588.8746530990002,6588.8746530990002,6376.7484087570001,6438.6277590850004,3810213970.80093,111259583835.908,2018-09-25,2018-09-26,False,False
2018-09-26T00:00:00Z,2018-09-27T00:00:00Z,6445.3463297139997,6551.8414018499998,6402.4894288129999,6479.0839481419998,3710739995.6154399,111886146158.595,2018-09-26,2018-09-27,False,False
2018-09-27T00:00:00Z,2018-09-28T00:00:00Z,6472.9894765400004,6708.8903079230004,6456.8689366130002,6676.8511729749998,3534387056.3891802,112980748530.034,2018-09-27,2018-09-28,False,False
2018-09-28T00:00:00Z,2018-09-29T00:00:00Z,6680.3158611689996,6780.342952041,6572.8205894370003,6641.9555627130003,3950139502.7212701,115399223368.535,2018-09-28,2018-09-29,False,False
2018-09-29T00:00:00Z,2018-09-30T00:00:00Z,6639.1335140069996,6639.1335140069996,6499.1267805899997,6600.212125391,3667760047.36415,113523191862.36501,2018-09-29,2018-09-30,False,False
2018-09-30T00:00:00Z,2018-10-01T00:00:00Z,6594.9278304879999,6642.9323446139997,6555.1540579700004,6619.4808124880001,3156173083.62185,114125391350.854,2018-09-30,2018-10-01,False,False
2018-10-01T00:00:00Z,2018-10-02T00:00:00Z,6624.0233952870003,6653.0392493740001,6531.8965902110003,6596.018098435,3103181637.2962198,114217337030.75101,2018-10-01,2018-10-02,False,False
2018-10-02T00:00:00Z,2018-10-03T00:00:00Z,6596.4254303059997,6609.7897649280003,6521.24899482,6534.4151207590003,2973884240.6697202,113761573692.44501,2018-10-02,2018-10-03,False,False
2018-10-03T00:00:00Z,2018-10-04T00:00:00Z,6539.3655265360003,6540.7272127249998,6450.1637870730001,6505.2561557890003,3109636692.3643298,112295917050.58,2018-10-03,2018-10-04,False,False
2018-10-04T00:00:00Z,2018-10-05T00:00:00Z,6502.2819405600003,6613.3826452140001,6499.8196702409996,6574.0456318759998,2889072641.8632998,113831892687.909,2018-10-04,2018-10-05,False,False
2018-10-05T00:00:00Z,2018-10-06T00:00:00Z,6577.5904281209996,6646.6694036970002,6549.5213073639998,6626.5503232250003,2672396690.5100799,113949423390.633,2018-10-05,2018-10-06,False,False
2018-10-06T00:00:00Z,2018-10-07T00:00:00Z,6628.5296248880004,6629.7029604879999,6567.1227639210001,6590.9957258320001,2497460195.8819699,114207096562.632,2018-10-06,2018-10-07,False,False
2018-10-07T00:00:00Z,2018-10-08T00:00:00Z,6591.9617235940004,6629.5991597700004,6544.8725145500002,6595.6376419469998,2328395841.8460898,113885583317.285,2018-10-07,2018-10-08,False,False
2018-10-08T00:00:00Z,2018-10-09T00:00:00Z,6602.290457561,6681.3390498219997,6583.7925761730003,6657.2724777359999,2719149065.6876001,114740752408.718,2018-10-08,2018-10-09,False,False
2018-10-09T00:00:00Z,2018-10-10T00:00:00Z,6656.124595325,6663.2217106669996,6606.3268178279995,6646.6583674869999,2895217736.8095198,114956847791.661,2018-10-09,2018-10-10,False,False
2018-10-10T00:00:00Z,2018-10-11T00:00:00Z,6646.1825219700004,6646.1825219700004,6532.7906787060001,6599.4280206390004,2892787742.9338698,114081289349.48599,2018-10-10,2018-10-11,False,False
2018-10-11T00:00:00Z,2018-10-12T00:00:00Z,6597.0749729099998,6597.0749729099998,6223.7014693279998,6252.4370992169997,3856048836.49265,109219268262.15601,2018-10-11,2018-10-12,False,False
2018-10-12T00:00:00Z,2018-10-13T00:00:00Z,6245.1314574389999,6339.6348683719998,6218.5334713820002,6293.9048297219997,3568675354.66503,109121780973.28101,2018-10-12,2018-10-13,False,False
2018-10-13T00:00:00Z,2018-10-14T00:00:00Z,6291.1602281650003,6325.1591389570003,6286.9212193510002,6325.1591389570003,2707685988.2709899,109322150989.082,2018-10-13,2018-10-14,False,False
2018-10-14T00:00:00Z,2018-10-15T00:00:00Z,6322.6348777639996,6382.174804448,6312.4446073580002,6321.8112547000001,2473293529.38446,110079030610.19,2018-10-14,2018-10-15,False,False
2018-10-15T00:00:00Z,2018-10-16T00:00:00Z,6325.0705994230002,7241.0133869339998,6297.9677327939999,6576.759500825,4839273501.0443497,113806586909.686,2018-10-15,2018-10-16,False,False
2018-10-16T00:00:00Z,2018-10-17T00:00:00Z,6569.0038696319998,6656.3511964709996,6526.208311032,6552.0776846319995,4349704177.0039301,113805789345.71201,2018-10-16,2018-10-17,False,False
2018-10-17T00:00:00Z,2018-10-18T00:00:00Z,6556.3491439159998,6578.4742999999999,6491.2196413900001,6520.2564407850004,3451052342.0757198,113082408595.095,2018-10-17,2018-10-18,False,False
2018-10-18T00:00:00Z,2018-10-19T00:00:00Z,6520.9053750020003,6540.466031979,6461.5791513289996,6479.2956764869996,3281648435.6652198,112767667558.942,2018-10-18,2018-10-19,False,False
2018-10-19T00:00:00Z,2018-10-20T00:00:00Z,6480.1636379339998,6495.1358715739998,6450.3012513000003,6455.3957401320004,3173937549.0158501,112085147708.80099,2018-10-19,2018-10-20,False,False
2018-10-20T00:00:00Z,2018-10-21T00:00:00Z,6456.3604388160002,6472.9397157160001,6439.1664208479997,6461.9010106790001,2966669746.4632602,111908678079.513,2018-10-20,2018-10-21,False,False
2018-10-21T00:00:00Z,2018-10-22T00:00:00Z,6465.9405501789997,6505.7168114610004,6429.0638415249996,6475.8613319409997,2678968945.0462198,112505396344.035,2018-10-21,2018-10-22,False,False
2018-10-22T00:00:00Z,2018-10-23T00:00:00Z,6477.2193244919999,6494.2960058099998,6448.5672045020001,6466.2526776579998,2956097582.8882298,112173022104.47,2018-10-22,2018-10-23,False,False
2018-10-23T00:00:00Z,2018-10-24T00:00:00Z,6465.9433438180004,6474.39947166,6416.7340248709997,6423.905003506,3291200247.1767402,111667106304.41299,2018-10-23,2018-10-24,False,False
2018-10-24T00:00:00Z,2018-10-25T00:00:00Z,6423.5132941840002,6490.1907284959998,6413.6039498480004,6433.0654795299997,3363537342.92628,111858439014.009,2018-10-24,2018-10-25,False,False
2018-10-25T00:00:00Z,2018-10-26T00:00:00Z,6433.2322722819999,6440.6560137480001,6396.0529021940001,6420.3655727969999,3484524078.0412502,111364157267.427,2018-10-25,2018-10-26,False,False
2018-10-26T00:00:00Z,2018-10-27T00:00:00Z,6420.8632270910002,6426.947031918,6385.6277462870003,6416.4058718699998,3097524566.9411502,111174390775.368,2018-10-26,2018-10-27,False,False
2018-10-27T00:00:00Z,2018-10-28T00:00:00Z,6418.6207705690003,6430.3718690940004,6392.843436526,6416.1883047479996,2928172852.4560299,111234626435.81799,2018-10-27,2018-10-28,False,False
2018-10-28T00:00:00Z,2018-10-29T00:00:00Z,6416.5494084479997,6464.6929418259997,6381.1393024899999,6406.2211014049999,2906079102.3680201,111113637087.573,2018-10-28,2018-10-29,False,False
2018-10-29T00:00:00Z,2018-10-30T00:00:00Z,6406.2690605779999,6407.6494519420003,6242.814051634,6252.273570761,3093193492.4786,109910915067.96201,2018-10-29,2018-10-30,False,False
2018-10-30T00:00:00Z,2018-10-31T00:00:00Z,6255.0575677360002,6304.1350986629996,6255.0575677360002,6284.5853388420001,3434096462.4793301,109018165794.7,2018-10-30,2018-10-31,False,False
2018-10-31T00:00:00Z,2018-11-01T00:00:00Z,6283.6318289869996,6323.6431627450002,6238.6372898,6298.8375011119997,3286097615.9636002,109117486104.21201,2018-10-31,2018-11-01,False,False
2018-11-01T00:00:00Z,2018-11-02T00:00:00Z,6299.9039073699996,6396.2237199729998,6293.0453299410001,6368.3061360279999,3290643879.0046701,109970367011.172,2018-11-01,2018-11-02,False,False
2018-11-02T00:00:00Z,2018-11-03T00:00:00Z,6368.6215454949997,6443.4036567399999,6368.6215454949997,6407.7514787319997,3392903655.6221099,111154666111.373,2018-11-02,2018-11-03,False,False
2018-11-03T00:00:00Z,2018-11-04T00:00:00Z,6408.4201659230002,6408.5324314039999,6360.144862999,6387.9170302680004,3206344282.10781,110842176728.17599,2018-11-03,2018-11-04,False,False
2018-11-04T00:00:00Z,2018-11-05T00:00:00Z,6386.909849955,6483.2254486100001,6372.2975713420001,6456.2416312559999,3464581702.0845499,111361998363.627,2018-11-04,2018-11-05,False,False
2018-11-05T00:00:00Z,2018-11-06T00:00:00Z,6458.9284337629997,6460.0838418579997,6402.3302703749996,6413.9874384470004,3957885847.4198298,111606758466.388,2018-11-05,2018-11-06,False,False
2018-11-06T00:00:00Z,2018-11-07T00:00:00Z,6406.4848686269997,6444.6826448849997,6381.0138806109999,6428.2945848159998,4020828315.3744502,111233482912.24899,2018-11-06,2018-11-07,False,False
2018-11-07T00:00:00Z,2018-11-08T00:00:00Z,6437.6322406689997,6546.9178048980002,6432.3832040429998,6526.8201540500004,4327547729.6907597,113226908644.493,2018-11-07,2018-11-08,False,False
2018-11-08T00:00:00Z,2018-11-09T00:00:00Z,6526.8886239679996,6545.1232864809999,6463.9888218799997,6468.139285876,4001027787.2714601,112885576824.28101,2018-11-08,2018-11-09,False,False
2018-11-09T00:00:00Z,2018-11-10T00:00:00Z,6470.0062289650004,6479.868232414,6385.6390303389999,6397.9434229090002,3774750025.3886199,111602448916.618,2018-11-09,2018-11-10,False,False
2018-11-10T00:00:00Z,2018-11-11T00:00:00Z,6395.744478183,6423.7703106400004,6395.744478183,6399.5188043879998,3377807844.0309801,111334348306.37399,2018-11-10,2018-11-11,False,False
2018-11-11T00:00:00Z,2018-11-12T00:00:00Z,6400.0345966719997,6419.6298018059997,6364.8161546359997,6407.6765091730003,3237576630.3384199,111173308749.20799,2018-11-11,2018-11-12,False,False
2018-11-12T00:00:00Z,2018-11-13T00:00:00Z,6411.2781153019996,6431.8216418419997,6354.9749904170003,6364.3939221009996,3115460518.9122601,111111385265.24699,2018-11-12,2018-11-13,False,False
2018-11-13T00:00:00Z,2018-11-14T00:00:00Z,6371.7332300449998,6391.5590084819996,6337.9280832049999,6371.3674862199996,3142925617.5040998,110624815328.55,2018-11-13,2018-11-14,False,False
2018-11-14T00:00:00Z,2018-11-15T00:00:00Z,6361.400404991,6382.5563248159997,5560.8807197220003,5747.0766787849998,4014854969.2242098,106819684636.976,2018-11-14,2018-11-15,False,False
2018-11-15T00:00:00Z,2018-11-16T00:00:00Z,5781.0326573339999,5801.3955894339997,5376.4505708019997,5654.7232040179997,6458882428.6733704,97554149324.742203,2018-11-15,2018-11-16,False,False
2018-11-16T00:00:00Z,2018-11-17T00:00:00Z,5654.209987966,5674.9117458609999,5555.684495861,5627.4786968529997,4458433780.1592503,97816773175.816895,2018-11-16,2018-11-17,False,False
2018-11-17T00:00:00Z,2018-11-18T00:00:00Z,5634.7909423219999,5637.3691996859998,5582.2448084970001,5631.5404240039998,3341914742.7592902,97484707041.196503,2018-11-17,2018-11-18,False,False
2018-11-18T00:00:00Z,2018-11-19T00:00:00Z,5631.9434217130001,5676.5084787129999,5612.2265527939999,5647.4795773059996,2911353904.9949002,98099364143.867294,2018-11-18,2018-11-19,False,False
2018-11-19T00:00:00Z,2018-11-20T00:00:00Z,5651.2768236820002,5653.3068264269996,4858.7701976979997,4893.0204329429998,3984630708.5625601,92033798169.707108,2018-11-19,2018-11-20,False,False
2018-11-20T00:00:00Z,2018-11-21T00:00:00Z,4871.8371284360001,4970.2836733710001,4274.1744937149997,4470.8640681799998,6200899670.2738199,80505402156.337906,2018-11-20,2018-11-21,False,False
2018-11-21T00:00:00Z,2018-11-22T00:00:00Z,4502.4669979009996,4722.8889852740003,4355.9409839589998,4609.5126836540003,5864613008.8347397,78662243547.2715,2018-11-21,2018-11-22,False,False
2018-11-22T00:00:00Z,2018-11-23T00:00:00Z,4604.9378721129997,4640.4862286050002,4377.5457698310001,4377.5457698310001,3559480939.9959798,78878360571.465195,2018-11-22,2018-11-23,False,False
2018-11-23T00:00:00Z,2018-11-24T00:00:00Z,4345.661016088,4408.549466466,4219.9873837060004,4374.3232266579998,3403581481.24856,75242729629.901703,2018-11-23,2018-11-24,False,False
2018-11-24T00:00:00Z,2018-11-25T00:00:00Z,4369.2081865,4437.1242744299998,3822.1433695619999,3894.620254339,2981154608.61375,74836811587.4888,2018-11-24,2018-11-25,False,False
2018-11-25T00:00:00Z,2018-11-26T00:00:00Z,3886.4723472280002,4110.0400822629999,3596.0080605899998,4008.3294355610001,4489490623.4013596,66596064263.033699,2018-11-25,2018-11-26,False,False
2018-11-26T00:00:00Z,2018-11-27T00:00:00Z,3994.4188216739999,4091.5026391360002,3665.5654566550002,3801.729366908,4770358620.6051998,68102045614.308998,2018-11-26,2018-11-27,False,False
2018-11-27T00:00:00Z,2018-11-28T00:00:00Z,3800.6000093409998,3873.2658531299999,3679.7081169429998,3835.0165895119999,4439296219.4548302,65601561665.3853,2018-11-27,2018-11-28,False,False
2018-11-28T00:00:00Z,2018-11-29T00:00:00Z,3837.9585231370002,4377.6102259099998,3837.9585231370002,4256.4645561950001,4676357418.7392101,71253168046.378006,2018-11-28,2018-11-29,False,False
2018-11-29T00:00:00Z,2018-11-30T00:00:00Z,4255.2755053410001,4429.7302100429997,4152.0427468159996,4295.392322703,4938676329.6237497,74359450094.284393,2018-11-29,2018-11-30,False,False
2018-11-30T00:00:00Z,2018-12-01T00:00:00Z,4303.9872850330003,4331.5945544710003,3968.034994522,4030.0444936399999,4195701632.6614099,71944047205.557404,2018-11-30,2018-12-01,False,False
2018-12-01T00:00:00Z,2018-12-02T00:00:00Z,4036.2298747529999,4288.1181148610003,3977.6244557280002,4208.4697229399999,3729733003.6904101,71909725614.212997,2018-12-01,2018-12-02,False,False
2018-12-02T00:00:00Z,2018-12-03T00:00:00Z,4206.2157574559997,4291.695878947,4118.7850781990001,4143.9790484429996,3302972567.6051402,72782116451.0896,2018-12-02,2018-12-03,False,False
2018-12-03T00:00:00Z,2018-12-04T00:00:00Z,4150.8273102229996,4162.639731237,3868.4077846770001,3905.3904265410001,3248618117.9162102,69577166094.352798,2018-12-03,2018-12-04,False,False
2018-12-04T00:00:00Z,2018-12-05T00:00:00Z,3905.4897386930002,4080.0186549260002,3847.8512365030001,3959.9966463430001,3412849904.0564499,69101241735.627594,2018-12-04,2018-12-05,False,False
2018-12-05T00:00:00Z,2018-12-06T00:00:00Z,3965.3634989000002,3973.9385201710002,3777.5045976790002,3778.6441004580001,3223065038.32372,67477483664.167099,2018-12-05,2018-12-06,False,False
2018-12-06T00:00:00Z,2018-12-07T00:00:00Z,3772.8825449159999,3880.130150169,3530.4205810970002,3530.4205810970002,3526083512.3488998,65487218497.8899,2018-12-06,2018-12-07,False,False
2018-12-07T00:00:00Z,2018-12-08T00:00:00Z,3524.9038431250001,3524.9038431250001,3279.3268795680001,3424.127676352,4339092125.7321796,59430360548.004997,2018-12-07,2018-12-08,False,False
2018-12-08T00:00:00Z,2018-12-09T00:00:00Z,3429.7416180380001,3498.5034100950002,3328.1897534089999,3465.344048723,4006131235.8818698,59637373126.631401,2018-12-08,2018-12-09,False,False
2018-12-09T00:00:00Z,2018-12-10T00:00:00Z,3457.4195261300001,3669.370224454,3438.4860150899999,3586.5722608420001,3223762331.4300399,61354932798.975998,2018-12-09,2018-12-10,False,False
2018-12-10T00:00:00Z,2018-12-11T00:00:00Z,3583.5004151019998,3620.702269676,3425.4490920329999,3464.8358706690001,3018304106.43608,61279573411.943497,2018-12-10,2018-12-11,False,False
2018-12-11T00:00:00Z,2018-12-12T00:00:00Z,3462.6868862350002,3475.4545806669998,3364.1349358080001,3394.2187031799999,2910200651.8191199,59516580426.221001,2018-12-11,2018-12-12,False,False
2018-12-12T00:00:00Z,2018-12-13T00:00:00Z,3397.148741644,3515.635434451,3380.722528793,3471.9153868630001,2888792462.63626,60044678954.422501,2018-12-12,2018-12-13,False,False
2018-12-13T00:00:00Z,2018-12-14T00:00:00Z,3475.3953331719999,3480.8176795569998,3302.788527099,3314.3517662300001,2600813123.0364099,59484285858.172096,2018-12-13,2018-12-14,False,False
2018-12-14T00:00:00Z,2018-12-15T00:00:00Z,3315.712262686,3334.2672581249999,3199.3445407620002,3236.7009101530002,2873115299.4884901,57247895833.707001,2018-12-14,2018-12-15,False,False
2018-12-15T00:00:00Z,2018-12-16T00:00:00Z,3239.8100723809998,3269.7101297260001,3188.5426168919998,3244.865925479,2573365294.3964901,56328163571.489403,2018-12-15,2018-12-16,False,False
2018-12-16T00:00:00Z,2018-12-17T00:00:00Z,3242.7116572599998,3304.7520771029999,3237.4961120930002,3259.0402419510001,2303080492.21908,57063453547.326302,2018-12-16,2018-12-17,False,False
2018-12-17T00:00:00Z,2018-12-18T00:00:00Z,3260.535478026,3576.1307610160002,3256.2866662920001,3520.007340181,2706691385.82901,58833859910.873199,2018-12-17,2018-12-18,False,False
2018-12-18T00:00:00Z,2018-12-19T00:00:00Z,3519.644005652,3671.0917383679998,3458.1569011890001,3671.0413414740001,4009405530.5858498,61404376691.684502,2018-12-18,2018-12-19,False,False
2018-12-19T00:00:00Z,2018-12-20T00:00:00Z,3672.8285637459999,3910.052394847,3656.7992741050002,3719.2961662180001,4910794538.8425303,65607240816.856499,2018-12-19,2018-12-20,False,False
2018-12-20T00:00:00Z,2018-12-21T00:00:00Z,3716.9512896360002,4149.9821122439998,3701.4978180210001,4103.2585815279999,5608484489.4326296,68730841610.715805,2018-12-20,2018-12-21,False,False
2018-12-21T00:00:00Z,2018-12-22T00:00:00Z,4104.6300825999997,4179.4610090810002,3823.730152349,3872.4951817159999,5892067716.1702805,69795862039.4366,2018-12-21,2018-12-22,False,False
2018-12-22T00:00:00Z,2018-12-23T00:00:00Z,3869.3209122530002,3986.9881017130001,3836.1664720869999,3985.9478645590002,4205980838.2902699,67798607042.520599,2018-12-22,2018-12-23,False,False
2018-12-23T00:00:00Z,2018-12-24T00:00:00Z,3992.5906892339999,4061.599528447,3956.0354835180001,3980.1475190000001,4105611460.59793,69886595331.815704,2018-12-23,2018-12-24,False,False
2018-12-24T00:00:00Z,2018-12-25T00:00:00Z,3974.488113207,4218.506382222,3974.488113207,4049.134021718,5069262378.53547,72028764601.344604,2018-12-24,2018-12-25,False,False
2018-12-25T00:00:00Z,2018-12-26T00:00:00Z,4052.3514274240001,4053.8010006009999,3741.5325562510002,3789.4366383309998,4723284026.0017595,66450424382.570602,2018-12-25,2018-12-26,False,False
2018-12-26T00:00:00Z,2018-12-27T00:00:00Z,3801.9906236769998,3872.5087993060001,3751.5820296500001,3833.4553043790002,4006659135.5484099,66495840080.662697,2018-12-26,2018-12-27,False,False
2018-12-27T00:00:00Z,2018-12-28T00:00:00Z,3837.1030676509999,3850.9849871810002,3633.3718310139998,3651.1653456879999,3705806154.8215899,65664911394.470596,2018-12-27,2018-12-28,False,False
2018-12-28T00:00:00Z,2018-12-29T00:00:00Z,3642.8165416040001,3931.006116306,3637.9964929769999,3902.7342632479999,4067221987.256,65297366115.2817,2018-12-28,2018-12-29,False,False
2018-12-29T00:00:00Z,2018-12-30T00:00:00Z,3909.5763620789999,3951.3260133959998,3832.0989614690002,3832.0989614690002,4424442568.5455198,68132982916.016602,2018-12-29,2018-12-30,False,False
2018-12-30T00:00:00Z,2018-12-31T00:00:00Z,3800.9061857299998,3885.9445956240002,3783.461120121,3863.1659837940001,3919248135.3530502,66970589827.829201,2018-12-30,2018-12-31,False,False
2018-12-31T00:00:00Z,2019-01-01T00:00:00Z,3863.9668264349998,3865.3094398799999,3727.1031668810001,3746.1239525370002,3648742018.4496198,66406699583.702599,2018-12-31,2019-01-01,False,False
2019-01-01T00:00:00Z,2019-01-02T00:00:00Z,3747.2890819620002,3857.6613499700002,3720.5282702479999,3851.1816140390001,3433814142.0557499,65616965836.404999,2019-01-01,2019-01-02,False,False
2019-01-02T00:00:00Z,2019-01-03T00:00:00Z,3852.5246255950001,3944.4827607249999,3825.3028321390002,3938.6259607950001,3910033511.3270102,67529969728.509201,2019-01-02,2019-01-03,False,False
2019-01-03T00:00:00Z,2019-01-04T00:00:00Z,3935.3814791079999,3935.3814791079999,3828.5123077839999,3843.996640326,4077088832.5989799,67747665989.985298,2019-01-03,2019-01-04,False,False
2019-01-04T00:00:00Z,2019-01-05T00:00:00Z,3847.0839534820002,3888.2250887800001,3795.299371612,3877.8166317519999,3521627989.1605501,67090187664.277,2019-01-04,2019-01-05,False,False
2019-01-05T00:00:00Z,2019-01-06T00:00:00Z,3876.7439010039998,3928.9250002499998,3850.4429039450001,3866.0045636149998,4197364686.94561,67869837648.9422,2019-01-05,2019-01-06,False,False
2019-01-06T00:00:00Z,2019-01-07T00:00:00Z,3868.7399551869999,4104.0808385689998,3846.9819556430002,4085.907581678,4003384608.6634002,68616058385.373497,2019-01-06,2019-01-07,False,False
2019-01-07T00:00:00Z,2019-01-08T00:00:00Z,4082.0956363720002,4103.6968343489998,4027.3933409659999,4036.9584483540002,4366201231.86234,70825217849.1931,2019-01-07,2019-01-08,False,False
2019-01-08T00:00:00Z,2019-01-09T00:00:00Z,4040.4268687519998,4109.5136601840004,4004.6488041490002,4030.9893055440002,3846753571.3049302,70588339585.541901,2019-01-08,2019-01-09,False,False
2019-01-09T00:00:00Z,2019-01-10T00:00:00Z,4031.2201586219999,4066.410720206,4016.8591989229999,4032.5753905289998,3988908524.10322,70659766858.828995,2019-01-09,2019-01-10,False,False
2019-01-10T00:00:00Z,2019-01-11T00:00:00Z,4032.372040573,4063.3022396410001,3656.965007582,3673.2157073180001,4556093682.7673197,67065341440.751602,2019-01-10,2019-01-11,False,False
2019-01-11T00:00:00Z,2019-01-12T00:00:00Z,3671.2105471790001,3713.2855670130002,3641.2941054480002,3678.6916835789998,4763746665.39046,64390139752.109802,2019-01-11,2019-01-12,False,False
2019-01-12T00:00:00Z,2019-01-13T00:00:00Z,3690.4292343229999,3697.354503693,3656.9901099009999,3668.2499196799999,3649925423.3818698,64266228548.462097,2019-01-12,2019-01-13,False,False
2019-01-13T00:00:00Z,2019-01-14T00:00:00Z,3668.5771602079999,3675.7678765239998,3545.768209284,3553.2271430569999,3457204812.5100999,63452656416.812302,2019-01-13,2019-01-14,False,False
2019-01-14T00:00:00Z,2019-01-15T00:00:00Z,3555.5504561060002,3728.4175624330001,3552.316662444,3705.9426057860001,4486462095.7340803,63313095328.585503,2019-01-14,2019-01-15,False,False
2019-01-15T00:00:00Z,2019-01-16T00:00:00Z,3704.3596039190002,3721.2507274449999,3618.6886472450001,3640.2074389730001,5156096242.1434898,64404876007.829002,2019-01-15,2019-01-16,False,False
2019-01-16T00:00:00Z,2019-01-17T00:00:00Z,3636.6214757319999,3710.602669414,3630.8084104989998,3658.2467297479998,4660577413.3565598,63940378392.532501,2019-01-16,2019-01-17,False,False
2019-01-17T00:00:00Z,2019-01-18T00:00:00Z,3654.0615642550001,3687.6167404610001,3624.5489869530002,3684.2530149290001,4616526889.3606596,63831849028.125298,2019-01-17,2019-01-18,False,False
2019-01-18T00:00:00Z,2019-01-19T00:00:00Z,3682.4367309650002,3686.2957840479999,3632.7976843759998,3653.1853761389998,4651045589.0090904,63998003594.701401,2019-01-18,2019-01-19,False,False
2019-01-19T00:00:00Z,2019-01-20T00:00:00Z,3652.3537311810001,3766.8018667319998,3650.9582510159998,3735.9537874859998,3689835108.38521,64957741160.175598,2019-01-19,2019-01-20,False,False
2019-01-20T00:00:00Z,2019-01-21T00:00:00Z,3732.3145787140002,3746.098908126,3560.54361857,3583.5074357009998,3873034470.9671502,63901100447.949303,2019-01-20,2019-01-21,False,False
2019-01-21T00:00:00Z,2019-01-22T00:00:00Z,3580.3948489079999,3649.7546159960002,3527.1961753199998,3547.1199971289998,3563557075.1487098,62527159654.4608,2019-01-21,2019-01-22,False,False
2019-01-22T00:00:00Z,2019-01-23T00:00:00Z,3547.7757403430001,3628.5704926110002,3476.8121196289999,3608.3839616069999,4101549978.6307902,62499016812.190903,2019-01-22,2019-01-23,False,False
2019-01-23T00:00:00Z,2019-01-24T00:00:00Z,3606.5877498559998,3630.1961021450002,3574.5115630209998,3592.9014308740002,4711866363.0613403,63051066850.4907,2019-01-23,2019-01-24,False,False
2019-01-24T00:00:00Z,2019-01-25T00:00:00Z,3592.8566324160001,3627.3457468780002,3568.758624822,3601.8739105579998,3378214501.6806502,62846922846.265999,2019-01-24,2019-01-25,False,False
2019-01-25T00:00:00Z,2019-01-26T00:00:00Z,3601.9274515500001,3612.206202075,3563.2293194009999,3590.9827064709998,3296210348.6131301,62792848071.6642,2019-01-25,2019-01-26,False,False
2019-01-26T00:00:00Z,2019-01-27T00:00:00Z,3591.2583085229999,3649.3212852440001,3584.5538112889999,3595.1475237609998,3233121779.1282001,63083643788.829498,2019-01-26,2019-01-27,False,False
2019-01-27T00:00:00Z,2019-01-28T00:00:00Z,3595.4634728679998,3605.2848648409999,3547.9304116329999,3575.6953467899998,3232926763.92487,62714618465.375298,2019-01-27,2019-01-28,False,False
2019-01-28T00:00:00Z,2019-01-29T00:00:00Z,3574.356431872,3574.356431872,3427.0615095590001,3462.0590671740001,3861302295.1184001,60865149518.373199,2019-01-28,2019-01-29,False,False
2019-01-29T00:00:00Z,2019-01-30T00:00:00Z,3459.942105227,3467.8382917089998,3392.538497169,3438.8063933909998,3953321270.7058101,60116952599.128998,2019-01-29,2019-01-30,False,False
2019-01-30T00:00:00Z,2019-01-31T00:00:00Z,3437.33206711,3480.918095904,3418.8572822199999,3470.8282603829998,3858199435.00033,60533018565.997398,2019-01-30,2019-01-31,False,False
2019-01-31T00:00:00Z,2019-02-01T00:00:00Z,3468.5673050680002,3489.9210131059999,3431.5557778000002,3447.8127686460002,3724578165.9071498,60479604544.472504,2019-01-31,2019-02-01,False,False
2019-02-01T00:00:00Z,2019-02-02T00:00:00Z,3444.9219067260001,3480.373583519,3411.8351402759999,3474.4006144059999,3256397943.5341301,60405667949.509598,2019-02-01,2019-02-02,False,False
2019-02-02T00:00:00Z,2019-02-03T00:00:00Z,3471.274685499,3502.0728228940002,3445.4529665109999,3502.0728228940002,2966701131.3176198,60670499449.076698,2019-02-02,2019-02-03,False,False
2019-02-03T00:00:00Z,2019-02-04T00:00:00Z,3498.0204253850002,3499.4615316979998,3432.5828509379999,3451.480647199,2976985222.0833001,60692509793.2407,2019-02-03,2019-02-04,False,False
2019-02-04T00:00:00Z,2019-02-05T00:00:00Z,3453.0086496539998,3508.056356733,3434.0332801019999,3453.0321837500001,3197948101.9971099,60519994915.786903,2019-02-04,2019-02-05,False,False
2019-02-05T00:00:00Z,2019-02-06T00:00:00Z,3452.8624033780002,3471.5347490959998,3419.7474007440001,3463.4428220710001,3263936607.0654502,60530561134.863197,2019-02-05,2019-02-06,False,False
2019-02-06T00:00:00Z,2019-02-07T00:00:00Z,3461.9343727340001,3466.818451914,3391.9654676310001,3405.55894369,3276428016.9405298,59794070481.236702,2019-02-06,2019-02-07,False,False
2019-02-07T00:00:00Z,2019-02-08T00:00:00Z,3406.912628136,3424.1790198110002,3366.8049285070001,3382.9474136839999,3172882606.3196502,59547115262.924698,2019-02-07,2019-02-08,False,False
2019-02-08T00:00:00Z,2019-02-09T00:00:00Z,3384.3689895550001,3703.0103712059999,3374.5178496990002,3632.6210635440002,3699125550.31707,60854294840.911201,2019-02-08,2019-02-09,False,False
2019-02-09T00:00:00Z,2019-02-10T00:00:00Z,3634.1795103610002,3651.2332567809999,3615.1810213019999,3648.6223984849998,4816337561.8302402,63679817042.8032,2019-02-09,2019-02-10,False,False
2019-02-10T00:00:00Z,2019-02-11T00:00:00Z,3648.638905669,3664.2672508370001,3608.204418369,3663.532766717,3568337039.2575002,63662199518.5783,2019-02-10,2019-02-11,False,False
2019-02-11T00:00:00Z,2019-02-12T00:00:00Z,3666.3467511670001,3666.3467511670001,3606.9683370439998,3615.969569845,3825671005.97577,63473419493.538902,2019-02-11,2019-02-12,False,False
2019-02-12T00:00:00Z,2019-02-13T00:00:00Z,3616.5695533530002,3627.2394848690001,3581.12020691,3608.1455685999999,3762188025.86059,63134249875.767601,2019-02-12,2019-02-13,False,False
2019-02-13T00:00:00Z,2019-02-14T00:00:00Z,3605.3595389689999,3632.6890113859999,3578.404056205,3590.1467208519998,4162249066.3733101,63129983387.400703,2019-02-13,2019-02-14,False,False
2019-02-14T00:00:00Z,2019-02-15T00:00:00Z,3589.1908706660001,3611.0704203810001,3569.8979126630002,3577.371359712,3892246586.4380102,62896435206.273499,2019-02-14,2019-02-15,False,False
2019-02-15T00:00:00Z,2019-02-16T00:00:00Z,3576.1320300570001,3626.9185485580001,3568.1062891360002,3596.8207215319999,3212862423.5684299,62983534859.766502,2019-02-15,2019-02-16,False,False
2019-02-16T00:00:00Z,2019-02-17T00:00:00Z,3596.030689614,3660.5174822630001,3590.4670247049999,3599.1382224990002,3356391568.1538701,63260834288.452003,2019-02-16,2019-02-17,False,False
2019-02-17T00:00:00Z,2019-02-18T00:00:00Z,3598.1480404889999,3637.7748957469998,3577.4509798570002,3630.2690190100002,3355410897.1950798,63155392541.643097,2019-02-17,2019-02-18,False,False
2019-02-18T00:00:00Z,2019-02-19T00:00:00Z,3628.7851083549999,3891.0332333830002,3622.6295039349998,3858.9493611970001,5319393065.7733297,65846716576.810799,2019-02-18,2019-02-19,False,False
2019-02-19T00:00:00Z,2019-02-20T00:00:00Z,3859.0203592739999,3958.5379559869998,3851.7258955299999,3893.270396548,7132811992.4702301,68403436336.787498,2019-02-19,2019-02-20,False,False
2019-02-20T00:00:00Z,2019-02-21T00:00:00Z,3894.1147071579999,3951.6817072389999,3873.8815049599998,3918.3895855179999,6006841479.7658596,68550255058.849998,2019-02-20,2019-02-21,False,False
2019-02-21T00:00:00Z,2019-02-22T00:00:00Z,3918.1837280750001,3956.247604617,3881.8289773350002,3894.5407364829998,5511697633.9757204,68510501929.284698,2019-02-21,2019-02-22,False,False
2019-02-22T00:00:00Z,2019-02-23T00:00:00Z,3897.190164349,3972.3177098020001,3820.8202788089998,3970.5902941989998,5345237781.0814695,68785578126.511902,2019-02-22,2019-02-23,False,False
2019-02-23T00:00:00Z,2019-02-24T00:00:00Z,3968.3206379540002,4143.2118682869996,3938.9351686479999,4123.6687885869997,5993819033.5733299,70198023839.858902,2019-02-23,2019-02-24,False,False
2019-02-24T00:00:00Z,2019-02-25T00:00:00Z,4123.5048725160004,4172.0832342719996,3784.637178687,3807.5066636279998,7968911492.1989803,70438655319.024597,2019-02-24,2019-02-25,False,False
2019-02-25T00:00:00Z,2019-02-26T00:00:00Z,3808.473252069,3892.4548705880002,3804.104099487,3868.1616441609999,8314405155.4514999,67512079932.793602,2019-02-25,2019-02-26,False,False
2019-02-26T00:00:00Z,2019-02-27T00:00:00Z,3866.3834574759999,3870.3146948009999,3820.2171541510002,3842.9927065369998,6678465742.9375401,67504500386.101402,2019-02-26,2019-02-27,False,False
2019-02-27T00:00:00Z,2019-02-28T00:00:00Z,3844.3681228370001,3867.8401235619999,3785.188773808,3841.6156562830001,5619005740.6421404,67492550623.159698,2019-02-27,2019-02-28,False,False
2019-02-28T00:00:00Z,2019-03-01T00:00:00Z,3839.0132372050002,3886.9196182249998,3817.0580244289999,3845.2583127990001,6383018981.5914898,67524517741.809998,2019-02-28,2019-03-01,False,False
2019-03-01T00:00:00Z,2019-03-02T00:00:00Z,3844.9213661839999,3861.178589309,3825.9911238929999,3834.2902900690001,5864825753.6145601,67547876583.481499,2019-03-01,2019-03-02,False,False
2019-03-02T00:00:00Z,2019-03-03T00:00:00Z,3832.5221654840002,3862.2215842609999,3809.4537043969999,3848.6558653470001,5447071839.0338697,67451985856.274002,2019-03-02,2019-03-03,False,False
2019-03-03T00:00:00Z,2019-03-04T00:00:00Z,3845.483709779,3898.0939968580001,3827.0766157630001,3881.0762221680002,5447909337.8151197,67674260303.552803,2019-03-03,2019-03-04,False,False
2019-03-04T00:00:00Z,2019-03-05T00:00:00Z,3879.9647300910001,3919.1460619499999,3733.9174816079999,3755.244533692,6433983663.1746702,66481344992.783096,2019-03-04,2019-03-05,False,False
2019-03-05T00:00:00Z,2019-03-06T00:00:00Z,3767.7557787290002,3875.9598951799999,3738.4364741210002,3855.0028053000001,7223804195.4997101,66871679334.915001,2019-03-05,2019-03-06,False,False
2019-03-06T00:00:00Z,2019-03-07T00:00:00Z,3857.6281176319999,3883.8323317640002,3839.9187203279998,3873.6680957449998,7747260333.0870104,67853817217.582901,2019-03-06,2019-03-07,False,False
2019-03-07T00:00:00Z,2019-03-08T00:00:00Z,3873.8170219789999,3911.3213197549999,3864.7572479949999,3888.2489043259998,7068518206.6735601,68389529261.423897,2019-03-07,2019-03-08,False,False
2019-03-08T00:00:00Z,2019-03-09T00:00:00Z,3888.6349319989999,3915.2245220579998,3854.308002276,3872.1411563689999,7471167903.6713305,68455823438.703003,2019-03-08,2019-03-09,False,False
2019-03-09T00:00:00Z,2019-03-10T00:00:00Z,3872.9140247129999,3941.8208087960002,3866.9318048790001,3931.8952833080002,7940967853.1301203,68632942256.7836,2019-03-09,2019-03-10,False,False
2019-03-10T00:00:00Z,2019-03-11T00:00:00Z,3932.1902745420002,3932.1902745420002,3882.9088976940002,3902.8064627099998,7402567148.6955004,68630276306.687798,2019-03-10,2019-03-11,False,False
2019-03-11T00:00:00Z,2019-03-12T00:00:00Z,3900.462788114,3912.1096861380001,3855.221924508,3879.1033121280002,7052643189.6300802,68260444444.227203,2019-03-11,2019-03-12,False,False
2019-03-12T00:00:00Z,2019-03-13T00:00:00Z,3882.3478799620002,3925.1068020450002,3845.3076537840002,3901.1139151420002,7663407757.04564,68498276266.691299,2019-03-12,2019-03-13,False,False
2019-03-13T00:00:00Z,2019-03-14T00:00:00Z,3903.837482165,3914.3684839379998,3879.6442004589999,3895.6198633919998,7384926003.1582203,68559756176.484901,2019-03-13,2019-03-14,False,False
2019-03-14T00:00:00Z,2019-03-15T00:00:00Z,3896.6718002960001,3924.1745541139999,3883.2178363029998,3900.3766870909999,7576546206.1045198,68594118247.279999,2019-03-14,2019-03-15,False,False
2019-03-15T00:00:00Z,2019-03-16T00:00:00Z,3897.1430804860001,3947.5112012509999,3892.0422611519998,3928.0413288519999,8017629319.9489803,68905538081.648193,2019-03-15,2019-03-16,False,False
2019-03-16T00:00:00Z,2019-03-17T00:00:00Z,3939.1457567980001,4051.9577112679999,3939.1457567980001,4024.2292853389999,7722720660.0644302,70565455877.484207,2019-03-16,2019-03-17,False,False
2019-03-17T00:00:00Z,2019-03-18T00:00:00Z,4022.9693981710002,4036.7192257679999,3982.2239059019998,4007.1669198579998,6292934445.1826401,70469401195.526398,2019-03-17,2019-03-18,False,False
2019-03-18T00:00:00Z,2019-03-19T00:00:00Z,4008.2849837970002,4046.6070406929998,3975.3561988820002,4020.4709615510001,6488791545.7076502,70577660287.762894,2019-03-18,2019-03-19,False,False
2019-03-19T00:00:00Z,2019-03-20T00:00:00Z,4016.7753802020002,4048.7479690599998,4005.3808601710002,4039.7871139959998,6570358755.8355503,70848433871.196899,2019-03-19,2019-03-20,False,False
2019-03-20T00:00:00Z,2019-03-21T00:00:00Z,4036.4947840489999,4078.5117180870002,4012.0409459430002,4075.3198767660001,6972695205.7723904,71028307327.020996,2019-03-20,2019-03-21,False,False
2019-03-21T00:00:00Z,2019-03-22T00:00:00Z,4079.1898023519998,4093.7847244439999,4004.7656436490001,4024.2832015150002,7547057321.6416502,71371015461.598404,2019-03-21,2019-03-22,False,False
2019-03-22T00:00:00Z,2019-03-23T00:00:00Z,4021.931406788,4031.3642781939998,4013.3487765750001,4017.939706485,7201655912.3853197,70821862182.176804,2019-03-22,2019-03-23,False,False
2019-03-23T00:00:00Z,2019-03-24T00:00:00Z,4019.754260699,4043.7910330260002,4013.495429475,4034.5937018720001,6780074591.6401997,70907079960.581406,2019-03-23,2019-03-24,False,False
2019-03-24T00:00:00Z,2019-03-25T00:00:00Z,4033.5552460620002,4080.429132322,4012.282392053,4024.480055518,6725878926.0848303,70952645246.257202,2019-03-24,2019-03-25,False,False
2019-03-25T00:00:00Z,2019-03-26T00:00:00Z,4023.3288146220002,4038.8327750009998,3944.469301742,3969.7017173549998,6944311054.3875303,70620139354.686401,2019-03-25,2019-03-26,False,False
2019-03-26T00:00:00Z,2019-03-27T00:00:00Z,3968.2792569829999,3987.1701018690001,3954.0539093980001,3980.620043073,7619066425.3060999,69963093213.8396,2019-03-26,2019-03-27,False,False
2019-03-27T00:00:00Z,2019-03-28T00:00:00Z,3982.6146785719998,4070.654525251,3979.2189216000002,4069.6891971979999,8742943136.4992905,71135693819.510895,2019-03-27,2019-03-28,False,False
2019-03-28T00:00:00Z,2019-03-29T00:00:00Z,4062.825098198,4082.4839114219999,4034.8406808069999,4061.0030623970001,8505501000.3779898,71537752042.509705,2019-03-28,2019-03-29,False,False
2019-03-29T00:00:00Z,2019-03-30T00:00:00Z,4061.6015874519999,4143.0608688049997,4049.3268451590002,4128.954215703,8374378124.4155903,72241666333.910095,2019-03-29,2019-03-30,False,False
2019-03-30T00:00:00Z,2019-03-31T00:00:00Z,4130.0100640239998,4185.9869504130002,4111.4967479440002,4164.6213196689996,8325065858.5698099,73064228988.923492,2019-03-30,2019-03-31,False,False
2019-03-31T00:00:00Z,2019-04-01T00:00:00Z,4166.3258003009996,4210.9541377599999,4154.5482827980004,4202.588398158,7198090848.7074003,73555425132.994705,2019-03-31,2019-04-01,False,False
2019-04-01T00:00:00Z,2019-04-02T00:00:00Z,4199.6174396759998,4229.1299506579999,4184.9832655520004,4202.1251497140001,7908248777.8240204,74111589590.540802,2019-04-01,2019-04-02,False,False
2019-04-02T00:00:00Z,2019-04-03T00:00:00Z,4200.8786486019999,4915.319703997,4199.3533046940001,4888.0601448059997,13775711440.365601,82056687694.549896,2019-04-02,2019-04-03,False,False
2019-04-03T00:00:00Z,2019-04-04T00:00:00Z,4887.7594981029997,5277.1832642170002,4887.7594981029997,4981.3808985140004,19127508756.5299,88391800710.005005,2019-04-03,2019-04-04,False,False
2019-04-04T00:00:00Z,2019-04-05T00:00:00Z,4971.0608901770001,5055.9647352809998,4847.1592330670001,4924.0824343739996,18855926362.823898,87702694241.515701,2019-04-04,2019-04-05,False,False
2019-04-05T00:00:00Z,2019-04-06T00:00:00Z,4926.4030809420001,5043.5203071100004,4922.0616057460002,5029.8104260059999,14519514536.4667,87820060637.185593,2019-04-05,2019-04-06,False,False
2019-04-06T00:00:00Z,2019-04-07T00:00:00Z,5030.6337563429997,5209.7898277160002,4986.6485725570001,5066.7400362429998,12362742813.212799,89025260544.167099,2019-04-06,2019-04-07,False,False
2019-04-07T00:00:00Z,2019-04-08T00:00:00Z,5066.3629654489996,5244.1658473799998,5066.3629654489996,5212.3099230240005,13686230210.0049,90801148616.960495,2019-04-07,2019-04-08,False,False
2019-04-08T00:00:00Z,2019-04-09T00:00:00Z,5213.6501209879998,5330.0550981349998,5129.1115252019999,5303.9854285270003,14625045141.831499,92790837421.458099,2019-04-08,2019-04-09,False,False
2019-04-09T00:00:00Z,2019-04-10T00:00:00Z,5300.6121119629997,5300.6121119629997,5190.414107865,5235.702335987,13296916759.1387,92503923214.355698,2019-04-09,2019-04-10,False,False
2019-04-10T00:00:00Z,2019-04-11T00:00:00Z,5230.0895937579999,5438.0768063850001,5222.7999009839996,5334.1654624299999,11882218008.812401,93420224932.210403,2019-04-10,2019-04-11,False,False
2019-04-11T00:00:00Z,2019-04-12T00:00:00Z,5339.7545545200001,5360.7921825020003,5033.2651920790004,5055.483612262,13805935888.294399,90910170843.016602,2019-04-11,2019-04-12,False,False
2019-04-12T00:00:00Z,2019-04-13T00:00:00Z,5051.4961771429998,5139.1847271979996,4980.7064466390002,5090.0269130699999,13280752283.110001,89654032271.943405,2019-04-12,2019-04-13,False,False
2019-04-13T00:00:00Z,2019-04-14T00:00:00Z,5089.8041122889999,5168.6324191330004,5081.4134154269996,5132.6744952689996,11589436401.653601,90555419467.785599,2019-04-13,2019-04-14,False,False
2019-04-14T00:00:00Z,2019-04-15T00:00:00Z,5130.8727581330004,5198.6070026910002,5089.2973323019996,5187.5624076269996,9988617584.4733295,90502450269.785904,2019-04-14,2019-04-15,False,False
2019-04-15T00:00:00Z,2019-04-16T00:00:00Z,5190.1349747329996,5232.13107218,5068.3594132529997,5114.8001759939998,11043323425.062201,91403037276.361206,2019-04-15,2019-04-16,False,False
2019-04-16T00:00:00Z,2019-04-17T00:00:00Z,5110.3647429450002,5285.26935529,5083.1226260880003,5280.6214779060001,11228915692.4744,91019291252.332306,2019-04-16,2019-04-17,False,False
2019-04-17T00:00:00Z,2019-04-18T00:00:00Z,5274.4096190760001,5309.7670534580002,5247.4118961220001,5271.1096954880004,11718122917.4247,92998442173.024796,2019-04-17,2019-04-18,False,False
2019-04-18T00:00:00Z,2019-04-19T00:00:00Z,5271.3521762700002,5330.7475497320002,5268.3818761880002,5309.2569962839998,11063569340.208799,93467190505.502304,2019-04-18,2019-04-19,False,False
2019-04-19T00:00:00Z,2019-04-20T00:00:00Z,5308.3347190820004,5349.1852330820002,5253.5196389809998,5317.962149987,10722417914.922001,93456046168.858902,2019-04-19,2019-04-20,False,False
2019-04-20T00:00:00Z,2019-04-21T00:00:00Z,5318.9853213389997,5372.5594834149997,5314.9950623280001,5363.756655489,12081570828.0653,94407709107.695099,2019-04-20,2019-04-21,False,False
2019-04-21T00:00:00Z,2019-04-22T00:00:00Z,5365.4398610429998,5381.7254746709996,5296.6307954020003,5349.866310892,12438521689.2241,94276486623.075302,2019-04-21,2019-04-22,False,False
2019-04-22T00:00:00Z,2019-04-23T00:00:00Z,5347.8702618360003,5438.0561515720001,5319.5839552509997,5417.5094372889998,12928762753.316999,94605807380.386002,2019-04-22,2019-04-23,False,False
2019-04-23T00:00:00Z,2019-04-24T00:00:00Z,5421.2734422120002,5636.994562371,5410.5624082699997,5591.9335626900001,14955243755.4688,98301997365.509201,2019-04-23,2019-04-24,False,False
2019-04-24T00:00:00Z,2019-04-25T00:00:00Z,5585.4621317179999,5660.8550108879999,5456.8082483959997,5484.2701382739997,15812762052.1329,97833538670.218903,2019-04-24,2019-04-25,False,False
2019-04-25T00:00:00Z,2019-04-26T00:00:00Z,5489.6582134700002,5535.8153589860003,5241.3662924560003,5241.3662924560003,14540868075.349501,96673539421.036804,2019-04-25,2019-04-26,False,False
2019-04-26T00:00:00Z,2019-04-27T00:00:00Z,5247.2311579240004,5339.6681465949996,5154.3987772139999,5264.2726979609997,15303879600.9788,92930968586.586899,2019-04-26,2019-04-27,False,False
2019-04-27T00:00:00Z,2019-04-28T00:00:00Z,5272.0482842700003,5306.4501676680002,5233.5593291940004,5274.5141962979997,12999036803.344801,93095675824.351105,2019-04-27,2019-04-28,False,False
2019-04-28T00:00:00Z,2019-04-29T00:00:00Z,5277.4796535830001,5322.3084894419999,5241.0792109269996,5293.9382555029997,11224137756.930401,93558725514.172806,2019-04-28,2019-04-29,False,False
2019-04-29T00:00:00Z,2019-04-30T00:00:00Z,5296.5469363040002,5332.0872936819997,5216.4879156549996,5258.6774110879996,11817924324.4683,93271178252.9189,2019-04-29,2019-04-30,False,False
2019-04-30T00:00:00Z,2019-05-01T00:00:00Z,5258.5961175729999,5366.9076198989997,5153.6520144100004,5305.9844821309998,12966428693.3869,93251443221.538605,2019-04-30,2019-05-01,False,False
2019-05-01T00:00:00Z,2019-05-02T00:00:00Z,5306.2445040590001,5400.4629529610002,5298.1480594040004,5388.8189329229999,12587501074.5109,94665895843.439606,2019-05-01,2019-05-02,False,False
2019-05-02T00:00:00Z,2019-05-03T00:00:00Z,5390.8869220750003,5516.5187463319999,5223.5510189420002,5485.7826051230004,12039530252.520201,96371996506.187607,2019-05-02,2019-05-03,False,False
2019-05-03T00:00:00Z,2019-05-04T00:00:00Z,5483.869227356,5831.5651004350002,5475.4738322880003,5734.7320736649999,14648002409.742599,100481839119.71001,2019-05-03,2019-05-04,False,False
2019-05-04T00:00:00Z,2019-05-05T00:00:00Z,5731.1700825159996,5855.3227709570001,5625.4715055910001,5820.358392055,15504428301.965799,101753074650.013,2019-05-04,2019-05-05,False,False
2019-05-05T00:00:00Z,2019-05-06T00:00:00Z,5819.0098814570001,5822.5762214879996,5714.3662641540004,5779.3330688340002,14352891358.0149,102127694637.924,2019-05-05,2019-05-06,False,False
2019-05-06T00:00:00Z,2019-05-07T00:00:00Z,5772.5814889539997,5782.4495972630002,5653.1803750540003,5742.7625395120003,13146879015.179001,101114541293.674,2019-05-06,2019-05-07,False,False
2019-05-07T00:00:00Z,2019-05-08T00:00:00Z,5740.5280837250002,5992.9896504110002,5739.2820966740001,5855.2042841849998,11666659860.5592,104603047921.534,2019-05-07,2019-05-08,False,False
2019-05-08T00:00:00Z,2019-05-09T00:00:00Z,5835.9575173209996,5973.9354958650001,5798.8674128760003,5973.9354958650001,10256612131.840799,104312284389.96201,2019-05-08,2019-05-09,False,False
2019-05-09T00:00:00Z,2019-05-10T00:00:00Z,5973.0997930550002,6196.6731710189997,5973.0997930550002,6187.6608211619996,10212135035.3363,107700187588.772,2019-05-09,2019-05-10,False,False
2019-05-10T00:00:00Z,2019-05-11T00:00:00Z,6184.9212537189997,6429.7167124289999,6174.133217691,6386.6914895330001,12050097748.868099,111855473445.28799,2019-05-10,2019-05-11,False,False
2019-05-11T00:00:00Z,2019-05-12T00:00:00Z,6393.0025855849999,7342.5987611769997,6391.2801699459997,7235.8776364040004,21851165450.129799,120331366139.724,2019-05-11,2019-05-12,False,False
2019-05-12T00:00:00Z,2019-05-13T00:00:00Z,7201.642617775,7510.8471607339998,6844.1260654799999,6992.0358836559999,27817884903.013699,126665956942.931,2019-05-12,2019-05-13,False,False
2019-05-13T00:00:00Z,2019-05-14T00:00:00Z,7010.5516653579998,8054.538413923,6941.7611530960003,7813.1931164449998,23280120723.9953,130736126549.27699,2019-05-13,2019-05-14,False,False
2019-05-14T00:00:00Z,2019-05-15T00:00:00Z,7797.7392335000004,8260.6958886890006,7711.2979342979997,8028.236494406,26411583702.337502,141283832937.33499,2019-05-14,2019-05-15,False,False
2019-05-15T00:00:00Z,2019-05-16T00:00:00Z,8002.6615238710001,8181.2473790679996,7867.3729706539998,8181.2473790679996,24854975386.9883,142098738222.12299,2019-05-15,2019-05-16,False,False
2019-05-16T00:00:00Z,2019-05-17T00:00:00Z,8145.5556207270001,8318.8025512830009,7795.8048408349996,7918.8759049370001,26901315141.973701,141797888356.19,2019-05-16,2019-05-17,False,False
2019-05-17T00:00:00Z,2019-05-18T00:00:00Z,7923.0513389199996,7961.0832691100004,7083.2649926800004,7382.3377894679998,24863829847.226299,129826835593.679,2019-05-17,2019-05-18,False,False
2019-05-18T00:00:00Z,2019-05-19T00:00:00Z,7393.5797734890002,7511.650425797,7295.3803032879996,7332.6099112210004,20358130230.1339,130597276787.702,2019-05-18,2019-05-19,False,False
2019-05-19T00:00:00Z,2019-05-20T00:00:00Z,7328.4189625979998,8237.7236635089994,7328.4189625979998,8186.6627324040001,18965835929.185398,140199101489.54099,2019-05-19,2019-05-20,False,False
2019-05-20T00:00:00Z,2019-05-21T00:00:00Z,8172.974801761,8172.974801761,7715.4210683809997,8004.4599539520004,19473852816.947201,140450860101.56601,2019-05-20,2019-05-21,False,False
2019-05-21T00:00:00Z,2019-05-22T00:00:00Z,8004.5767240340001,8090.5228394539999,7864.9227244980002,7984.3141331260003,18657102217.178501,141099127973.806,2019-05-21,2019-05-22,False,False
2019-05-22T00:00:00Z,2019-05-23T00:00:00Z,7965.9429750480003,8010.7721182229998,7731.1590443750001,7744.8618868289996,17943842530.6805,140394573940.01801,2019-05-22,2019-05-23,False,False
2019-05-23T00:00:00Z,2019-05-24T00:00:00Z,7730.8287028349996,7987.2692665479999,7579.5081920060002,7919.7295543580003,18641365509.493198,137436595893.12601,2019-05-23,2019-05-24,False,False
2019-05-24T00:00:00Z,2019-05-25T00:00:00Z,7922.3012266109999,8134.6701807830004,7858.2123108670003,8021.4778764940002,17941265219.883099,141677828468.267,2019-05-24,2019-05-25,False,False
2019-05-25T00:00:00Z,2019-05-26T00:00:00Z,8023.4176665920004,8137.4062508070001,7991.3419442009999,8104.7320464499999,18344447274.7089,142946415244.668,2019-05-25,2019-05-26,False,False
2019-05-26T00:00:00Z,2019-05-27T00:00:00Z,8101.1218783690001,8762.0082006169996,7971.6585383109996,8736.6285639479993,16480490604.981199,144622180906.13901,2019-05-26,2019-05-27,False,False
2019-05-27T00:00:00Z,2019-05-28T00:00:00Z,8751.5731769100003,8969.1515045939996,8652.9253436029994,8857.0965555189996,24518403981.5853,156095071352.97,2019-05-27,2019-05-28,False,False
2019-05-28T00:00:00Z,2019-05-29T00:00:00Z,8836.7626482409996,8849.5467251089995,8647.4604991390006,8721.6157416000005,22507477393.1936,155050849963.26001,2019-05-28,2019-05-29,False,False
2019-05-29T00:00:00Z,2019-05-30T00:00:00Z,8719.9617362000008,8766.0599749770008,8549.5554005270005,8672.9853727600002,20269010722.989799,153748374656.36301,2019-05-29,2019-05-30,False,False
2019-05-30T00:00:00Z,2019-05-31T00:00:00Z,8669.2691468859994,8991.4541825699998,8306.1219495910009,8380.8684003800008,21699755031.930199,153674388531.284,2019-05-30,2019-05-31,False,False
2019-05-31T00:00:00Z,2019-06-01T00:00:00Z,8333.864737938,8613.0585557459999,8217.0125178430008,8606.278615403,24501009081.270901,149276268936.707,2019-05-31,2019-06-01,False,False
2019-06-01T00:00:00Z,2019-06-02T00:00:00Z,8599.0534862580007,8634.3843121709997,8522.9772321300006,8596.1098242249991,20501225809.9044,152203061804.66699,2019-06-01,2019-06-02,False,False
2019-06-02T00:00:00Z,2019-06-03T00:00:00Z,8598.78500222,8806.1817167539994,8586.8301248709995,8781.2313728940007,18710649783.6548,154255226095.66,2019-06-02,2019-06-03,False,False
2019-06-03T00:00:00Z,2019-06-04T00:00:00Z,8771.2963127519997,8771.2963127519997,8362.9550805449999,8362.9550805449999,18154175843.159901,153083105420.32101,2019-06-03,2019-06-04,False,False
2019-06-04T00:00:00Z,2019-06-05T00:00:00Z,8341.4346660539995,8341.4346660539995,7651.9722474749997,7760.0110577900005,20969240896.531799,141547784633.67599,2019-06-04,2019-06-05,False,False
2019-06-05T00:00:00Z,2019-06-06T00:00:00Z,7768.5177478610003,7919.5742413850003,7714.4612456679997,7860.5061709849997,19825003009.661301,139046935244.215,2019-06-05,2019-06-06,False,False
2019-06-06T00:00:00Z,2019-06-07T00:00:00Z,7863.5123019379998,7913.658342535,7623.1769000109998,7846.2732242350003,16990627606.718201,138536087018.11099,2019-06-06,2019-06-07,False,False
2019-06-07T00:00:00Z,2019-06-08T00:00:00Z,7840.5780805149998,8116.8900963300002,7801.5962037179997,8070.9009783560005,17246216211.189499,141378130721.448,2019-06-07,2019-06-08,False,False
2019-06-08T00:00:00Z,2019-06-09T00:00:00Z,8060.7362718639997,8096.7368214560001,7883.5686121589997,7974.6839771969999,15038837205.7372,141833433831.62,2019-06-08,2019-06-09,False,False
2019-06-09T00:00:00Z,2019-06-10T00:00:00Z,7979.7208989049996,8001.1825885620001,7713.0725338860002,7750.8087282670003,14008185776.071699,140054303146.45999,2019-06-09,2019-06-10,False,False
2019-06-10T00:00:00Z,2019-06-11T00:00:00Z,7752.2202728960001,8050.146086236,7635.9145538189996,8000.5700191369997,15727304861.6092,139500284027.49799,2019-06-10,2019-06-11,False,False
2019-06-11T00:00:00Z,2019-06-12T00:00:00Z,8014.8979468369998,8025.3192923400002,7817.8960817309999,7962.7563297369998,15541222888.974199,140949520901.68701,2019-06-11,2019-06-12,False,False
2019-06-12T00:00:00Z,2019-06-13T00:00:00Z,7969.9853015930003,8191.8950371479996,7900.5877291180004,8159.5903685229996,15774624962.912901,143100445236.173,2019-06-12,2019-06-13,False,False
2019-06-13T00:00:00Z,2019-06-14T00:00:00Z,8174.4005842249999,8368.7443856909995,8135.0763690519998,8286.9131738159995,15422325292.9447,145894345153.28601,2019-06-13,2019-06-14,False,False
2019-06-14T00:00:00Z,2019-06-15T00:00:00Z,8291.1989622189994,8734.6246000789997,8253.9634958410006,8696.9708427379992,16288944559.697701,149333479722.073,2019-06-14,2019-06-15,False,False
2019-06-15T00:00:00Z,2019-06-16T00:00:00Z,8708.232513039,8880.2328431700007,8651.7858682770002,8859.5970536290006,16984569782.558701,155416054330.53101,2019-06-15,2019-06-16,False,False
2019-06-16T00:00:00Z,2019-06-17T00:00:00Z,8861.6922653549991,9391.9653272310006,8839.5792162609996,9025.7236418310004,18436066643.880199,161844700234.68301,2019-06-16,2019-06-17,False,False
2019-06-17T00:00:00Z,2019-06-18T00:00:00Z,9026.5225719940008,9403.6955558789996,9026.5225719940008,9328.0822357090001,18094529601.113899,164175861821.78799,2019-06-17,2019-06-18,False,False
2019-06-18T00:00:00Z,2019-06-19T00:00:00Z,9341.199474731,9353.3205672599997,9042.9900033279991,9125.0907641689992,18912820365.162601,163376166883.90399,2019-06-18,2019-06-19,False,False
2019-06-19T00:00:00Z,2019-06-20T00:00:00Z,9129.6510023949995,9328.237785968,9111.4047482210008,9311.8832117210004,17298750490.888599,163497631681.065,2019-06-19,2019-06-20,False,False
2019-06-20T00:00:00Z,2019-06-21T00:00:00Z,9310.1568995430007,9634.4633383879991,9299.4364330249991,9589.3905552209999,16672354916.323601,167255381780.431,2019-06-20,2019-06-21,False,False
2019-06-21T00:00:00Z,2019-06-22T00:00:00Z,9590.2082253000008,10162.203698126999,9590.2082253000008,10162.203698126999,20625984836.083,174952029444.06,2019-06-21,2019-06-22,False,False
2019-06-22T00:00:00Z,2019-06-23T00:00:00Z,10227.362383055,11154.878298083,10128.357139209,10719.807804423001,28282491558.070202,190622440830.353,2019-06-22,2019-06-23,False,False
2019-06-23T00:00:00Z,2019-06-24T00:00:00Z,10717.06273697,11204.170999299,10585.083730998,10880.051309618,25456978245.087601,191698592970.224,2019-06-23,2019-06-24,False,False
2019-06-24T00:00:00Z,2019-06-25T00:00:00Z,10899.114587489001,11072.753380556,10679.372837767,11013.963603927999,21896313108.864399,193484767882.867,2019-06-24,2019-06-25,False,False
2019-06-25T00:00:00Z,2019-06-26T00:00:00Z,11013.875187461999,11810.127825701,11013.875187461999,11810.127825701,22324164886.011299,201653245702.98999,2019-06-25,2019-06-26,False,False
2019-06-26T00:00:00Z,2019-06-27T00:00:00Z,11794.470008238,13967.862276815,11772.134193991,13112.782536123001,34129035518.4254,226915550517.83401,2019-06-26,2019-06-27,False,False
2019-06-27T00:00:00Z,2019-06-28T00:00:00Z,13141.896751849999,13444.811410696,10574.654321284999,11237.076652763,44905142219.082703,213407565688.181,2019-06-27,2019-06-28,False,False
2019-06-28T00:00:00Z,2019-06-29T00:00:00Z,11297.158058703,12529.344002305999,11019.356262506,12482.409959828999,41124037815.805702,210083846667.022,2019-06-28,2019-06-29,False,False
2019-06-29T00:00:00Z,2019-06-30T00:00:00Z,12492.976245357,12492.976245357,11653.208816827,12097.567788410999,30639783682.660198,213784311075.04001,2019-06-29,2019-06-30,False,False
2019-06-30T00:00:00Z,2019-07-01T00:00:00Z,12106.219065155999,12309.501284794,10912.255934044,10912.255934044,25096318919.276299,207161133844.263,2019-06-30,2019-07-01,False,False
2019-07-01T00:00:00Z,2019-07-02T00:00:00Z,10908.296655923001,11294.555996308,10097.196022324,10638.003271271,26320633200.002499,191842566811.84299,2019-07-01,2019-07-02,False,False
2019-07-02T00:00:00Z,2019-07-03T00:00:00Z,10635.865996549999,10910.542694381,9778.4040610060001,10818.18811951,28317668491.8904,184261578884.90799,2019-07-02,2019-07-03,False,False
2019-07-03T00:00:00Z,2019-07-04T00:00:00Z,10839.724966902,11943.629838735,10839.724966902,11943.629838735,28538254833.7971,201536332812.327,2019-07-03,2019-07-04,False,False
2019-07-04T00:00:00Z,2019-07-05T00:00:00Z,11953.648746702,11992.496247476,11178.998975390001,11221.255556579999,26219102229.701801,208883657113.70401,2019-07-04,2019-07-05,False,False
2019-07-05T00:00:00Z,2019-07-06T00:00:00Z,11216.015051262,11388.098208424,10872.022472643001,10980.083327779001,23396188922.959301,198662801324.29199,2019-07-05,2019-07-06,False,False
2019-07-06T00:00:00Z,2019-07-07T00:00:00Z,10997.057218163,11630.409594487001,10997.057218163,11266.401344947,21458791317.534302,202811565629.565,2019-07-06,2019-07-07,False,False
2019-07-07T00:00:00Z,2019-07-08T00:00:00Z,11279.686940232001,11550.671929601,11174.758166612,11441.622695657999,18626823366.133499,201538268812.98599,2019-07-07,2019-07-08,False,False
2019-07-08T00:00:00Z,2019-07-09T00:00:00Z,11450.359933415,12297.060156092,11358.017300254,12248.874131725001,19668175501.841599,209256337370.564,2019-07-08,2019-07-09,False,False
2019-07-09T00:00:00Z,2019-07-10T00:00:00Z,12243.719554924999,12763.929091832,12186.139359643999,12545.445221221,25893451652.754101,222356134150.819,2019-07-09,2019-07-10,False,False
2019-07-10T00:00:00Z,2019-07-11T00:00:00Z,12557.93153086,13101.374226014999,11718.181749560999,12147.697759750999,28216117506.435902,225243638649.383,2019-07-10,2019-07-11,False,False
2019-07-11T00:00:00Z,2019-07-12T00:00:00Z,12124.389791281001,12124.389791281001,11143.890313030999,11376.679394568,31764845898.085701,206612976421.50299,2019-07-11,2019-07-12,False,False
2019-07-12T00:00:00Z,2019-07-13T00:00:00Z,11385.977039629001,11850.916746254999,11187.860644737,11776.082435848,26435460614.572102,206420409982.24301,2019-07-12,2019-07-13,False,False
2019-07-13T00:00:00Z,2019-07-14T00:00:00Z,11776.781109920999,11805.291467888001,10946.06900241,11397.161429518001,20445438956.573101,204093366917.97,2019-07-13,2019-07-14,False,False
2019-07-14T00:00:00Z,2019-07-15T00:00:00Z,11394.840697713,11458.269526704,10288.853124064,10288.853124064,21875939390.0392,194795554759.58801,2019-07-14,2019-07-15,False,False
2019-07-15T00:00:00Z,2019-07-16T00:00:00Z,10227.417501092001,11029.553923539001,10041.932583832,10885.588450998999,25212827648.406898,186038099203.48401,2019-07-15,2019-07-16,False,False
2019-07-16T00:00:00Z,2019-07-17T00:00:00Z,10857.079408258,10996.635592680999,9448.3654031120004,9499.5586694459998,22885732736.462299,184954640677.582,2019-07-16,2019-07-17,False,False
2019-07-17T00:00:00Z,2019-07-18T00:00:00Z,9450.3560401110008,9922.4359058099999,9134.2589105070001,9643.7147355500001,27039875821.842899,170647752713.082,2019-07-17,2019-07-18,False,False
2019-07-18T00:00:00Z,2019-07-19T00:00:00Z,9677.3230244530005,10701.623245608,9364.2765583389992,10629.023332162,25669828327.118401,178832953360.383,2019-07-18,2019-07-19,False,False
2019-07-19T00:00:00Z,2019-07-20T00:00:00Z,10631.693386860001,10696.434230342,10225.694043316,10511.695476388,24758188144.599098,186452733435.31699,2019-07-19,2019-07-20,False,False
2019-07-20T00:00:00Z,2019-07-21T00:00:00Z,10516.580157263999,11025.857309485,10437.695106867999,10764.700850568999,20201960906.578201,189930583907.99701,2019-07-20,2019-07-21,False,False
2019-07-21T00:00:00Z,2019-07-22T00:00:00Z,10746.433378123,10808.75818775,10362.648158675,10596.355696901001,18416083690.0965,188557822332.72601,2019-07-21,2019-07-22,False,False
2019-07-22T00:00:00Z,2019-07-23T00:00:00Z,10592.217242999999,10654.549992187,10175.295314143001,10338.588414379999,16471991873.282101,186522493577.24899,2019-07-22,2019-07-23,False,False
2019-07-23T00:00:00Z,2019-07-24T00:00:00Z,10346.190304607,10346.190304607,9878.8155302199993,9916.3812136409997,17300369515.3353,180079201843.409,2019-07-23,2019-07-24,False,False
2019-07-24T00:00:00Z,2019-07-25T00:00:00Z,9878.5222907429998,9919.1072240270005,9600.3227759420006,9807.4142310179996,17530908626.100899,173406096911.51801,2019-07-24,2019-07-25,False,False
2019-07-25T00:00:00Z,2019-07-26T00:00:00Z,9782.5938125890007,10149.16495882,9767.1299196569998,9904.6961840870008,17073063493.3174,178755532314.11099,2019-07-25,2019-07-26,False,False
2019-07-26T00:00:00Z,2019-07-27T00:00:00Z,9902.6725594849995,9902.6725594849995,9712.5556717510008,9845.9874219770008,14591296766.522301,174577181022.341,2019-07-26,2019-07-27,False,False
2019-07-27T00:00:00Z,2019-07-28T00:00:00Z,9841.2763853979995,10143.104188821,9422.8075982669998,9464.9977288900009,15513188410.0163,173788537617.29501,2019-07-27,2019-07-28,False,False
2019-07-28T00:00:00Z,2019-07-29T00:00:00Z,9493.9903064739992,9588.2986256479999,9262.9527184540002,9545.094701172,13710929707.424299,169844801165.48001,2019-07-28,2019-07-29,False,False
2019-07-29T00:00:00Z,2019-07-30T00:00:00Z,9550.4029693360008,9681.3890665830004,9484.5190807939998,9533.580410388,14869050391.8067,170777155925.78601,2019-07-29,2019-07-30,False,False
2019-07-30T00:00:00Z,2019-07-31T00:00:00Z,9530.1529248989991,9691.9609632760003,9439.2412176750004,9581.2116777560004,13292546258.1656,170513743849.436,2019-07-30,2019-07-31,False,False
2019-07-31T00:00:00Z,2019-08-01T00:00:00Z,9587.8728697730003,10080.086121152,9578.6509284450003,10080.086121152,14733945730.089399,175834797519.98599,2019-07-31,2019-08-01,False,False
2019-08-01T00:00:00Z,2019-08-02T00:00:00Z,10084.110571105,10413.404931384001,9918.1845500109994,10365.984725445,15574445805.080799,179912921044.57001,2019-08-01,2019-08-02,False,False
2019-08-02T00:00:00Z,2019-08-03T00:00:00Z,10369.531247597,10639.945262932,10334.616880697,10523.946375083,16564062363.3295,186767953330.853,2019-08-02,2019-08-03,False,False
2019-08-03T00:00:00Z,2019-08-04T00:00:00Z,10518.066542715,10884.267576921,10498.519094738,10806.817073980999,16337356059.8822,192292599839.88101,2019-08-03,2019-08-04,False,False
2019-08-04T00:00:00Z,2019-08-05T00:00:00Z,10813.824974360001,10986.00769305,10606.246749694001,10948.187619902999,14938219499.702101,192735973142.64499,2019-08-04,2019-08-05,False,False
2019-08-05T00:00:00Z,2019-08-06T00:00:00Z,10930.662455659,11859.169270877999,10930.662455659,11782.652143548999,23155275141.939301,207292891050.94501,2019-08-05,2019-08-06,False,False
2019-08-06T00:00:00Z,2019-08-07T00:00:00Z,11761.234810127,12193.908318243,11277.734510390999,11497.062684201001,23990902866.159801,209735605734.82901,2019-08-06,2019-08-07,False,False
2019-08-07T00:00:00Z,2019-08-08T00:00:00Z,11482.916490666999,12066.947311806,11420.597179320999,11976.654827569,22446298528.389198,209269506133.84799,2019-08-07,2019-08-08,False,False
2019-08-08T00:00:00Z,2019-08-09T00:00:00Z,11956.413469853,12019.255358111999,11578.318745384,12019.255358111999,22377247560.3652,211136073366.83301,2019-08-08,2019-08-09,False,False
2019-08-09T00:00:00Z,2019-08-10T00:00:00Z,11996.200097433,12009.137000253,11700.385827153001,11857.844469936001,19543454030.080799,211383118413.608,2019-08-09,2019-08-10,False,False
2019-08-10T00:00:00Z,2019-08-11T00:00:00Z,11857.758763219001,11925.963231215001,11295.234140884,11342.468601716,18152460610.384899,207357375669.923,2019-08-10,2019-08-11,False,False
2019-08-11T00:00:00Z,2019-08-12T00:00:00Z,11328.601603036001,11555.775899235001,11217.137141763,11555.775899235001,16761977263.132601,203827765926.79001,2019-08-11,2019-08-12,False,False
2019-08-12T00:00:00Z,2019-08-13T00:00:00Z,11570.902065918999,11570.902065918999,11334.786964253,11398.762190123,14849455069.2665,203969965665.366,2019-08-12,2019-08-13,False,False
2019-08-13T00:00:00Z,2019-08-14T00:00:00Z,11405.017740566,11439.047665036,10839.200782979,10920.980312582,14728525095.5509,199884839392.53799,2019-08-13,2019-08-14,False,False
2019-08-14T00:00:00Z,2019-08-15T00:00:00Z,10901.105749904,10901.105749904,10008.252864913,10010.249937914999,20326697833.940601,187639098880.04901,2019-08-14,2019-08-15,False,False
2019-08-15T00:00:00Z,2019-08-16T00:00:00Z,10053.512703226999,10430.674821805,9615.2638866699999,10296.600266166,24657040358.120098,179480190849.18701,2019-08-15,2019-08-16,False,False
2019-08-16T00:00:00Z,2019-08-17T00:00:00Z,10300.390060704,10501.672200434001,9811.9058500789997,10344.507989693,22782309789.560902,182935795751.694,2019-08-16,2019-08-17,False,False
2019-08-17T00:00:00Z,2019-08-18T00:00:00Z,10342.093377563,10450.078170007,10076.206821184,10220.070168212,17156270391.705999,184241890705.49399,2019-08-17,2019-08-18,False,False
2019-08-18T00:00:00Z,2019-08-19T00:00:00Z,10227.398309843,10474.365680379,10117.358356191,10331.467108077,14018174108.292101,184164214026.733,2019-08-18,2019-08-19,False,False
2019-08-19T00:00:00Z,2019-08-20T00:00:00Z,10330.503755367999,10890.253796002,10291.536183267001,10890.253796002,15091312056.4368,189622166832.677,2019-08-19,2019-08-20,False,False
2019-08-20T00:00:00Z,2019-08-21T00:00:00Z,10894.113749808999,10916.488030507,10594.412772424999,10751.857323258,15784606737.0516,192225868734.98901,2019-08-20,2019-08-21,False,False
2019-08-21T00:00:00Z,2019-08-22T00:00:00Z,10748.78989426,10780.265168196,9975.0013339439993,10136.964618751001,17688173022.493301,182894420393.32999,2019-08-21,2019-08-22,False,False
2019-08-22T00:00:00Z,2019-08-23T00:00:00Z,10147.419290931,10220.768871332,9832.5634922699992,10123.994480367999,18756324937.273602,179938291297.75601,2019-08-22,2019-08-23,False,False
2019-08-23T00:00:00Z,2019-08-24T00:00:00Z,10115.150897678999,10424.055968006,10069.597527933,10385.507551618,14653621441.902,183367873248.48999,2019-08-23,2019-08-24,False,False
2019-08-24T00:00:00Z,2019-08-25T00:00:00Z,10386.458808456,10407.503090549,9968.7180896270002,10142.839395055,14449223409.742399,181795346782.32001,2019-08-24,2019-08-25,False,False
2019-08-25T00:00:00Z,2019-08-26T00:00:00Z,10139.413036233,10298.296110662999,10003.483494941,10118.399575203999,13517731620.799101,180917502361.745,2019-08-25,2019-08-26,False,False
2019-08-26T00:00:00Z,2019-08-27T00:00:00Z,10150.617721237,10556.072515751999,10150.617721237,10374.876617245,17164867544.502399,185281273462.905,2019-08-26,2019-08-27,False,False
2019-08-27T00:00:00Z,2019-08-28T00:00:00Z,10380.720316626999,10380.720316626999,10090.229211493999,10219.413373246,15703309765.2679,182666211658.72699,2019-08-27,2019-08-28,False,False
2019-08-28T00:00:00Z,2019-08-29T00:00:00Z,10206.418979657999,10270.522244932999,9691.8771264499992,9759.7915284129995,15221292001.6985,180347288043.66699,2019-08-28,2019-08-29,False,False
2019-08-29T00:00:00Z,2019-08-30T00:00:00Z,9755.8392195809993,9755.8392195809993,9388.6121592519994,9493.7553892079995,20617835157.977901,170781616904.16901,2019-08-29,2019-08-30,False,False
2019-08-30T00:00:00Z,2019-08-31T00:00:00Z,9499.8788024610003,9640.9469252670006,9409.3999936870005,9582.255357778,16140852543.130301,170986758435.61499,2019-08-30,2019-08-31,False,False
2019-08-31T00:00:00Z,2019-09-01T00:00:00Z,9588.0475634560007,9657.9006323409994,9501.6059784640001,9609.7876473680008,14425731109.6357,171856003557.763,2019-08-31,2019-09-01,False,False
2019-09-01T00:00:00Z,2019-09-02T00:00:00Z,9607.1814760790003,9759.4353290229992,9566.2183937200007,9716.7219096890003,11427639953.947599,172254201107.547,2019-09-01,2019-09-02,False,False
2019-09-02T00:00:00Z,2019-09-03T00:00:00Z,9719.5553885200006,10399.885655126,9716.0735429069991,10329.859051572999,14047005764.7048,177459251390.57101,2019-09-02,2019-09-03,False,False
2019-09-03T00:00:00Z,2019-09-04T00:00:00Z,10328.873207893001,10727.327767090999,10279.704140115,10603.095462993,20169687097.327702,187860020689.785,2019-09-03,2019-09-04,False,False
2019-09-04T00:00:00Z,2019-09-05T00:00:00Z,10586.04148713,10766.860351048001,10405.045697121999,10578.320209568999,19392131163.9123,188799911262.203,2019-09-04,2019-09-05,False,False
2019-09-05T00:00:00Z,2019-09-06T00:00:00Z,10570.598941628999,10624.402473010001,10503.866101465001,10574.499542005,17860080129.882198,189126102007.85501,2019-09-05,2019-09-06,False,False
2019-09-06T00:00:00Z,2019-09-07T00:00:00Z,10571.991889067,10887.874248648999,10259.589238372,10339.455631575,17760403181.527401,190657927928.42999,2019-09-06,2019-09-07,False,False
2019-09-07T00:00:00Z,2019-09-08T00:00:00Z,10317.832833801,10530.94637342,10315.228697326,10477.09483846,18960923057.328499,186536515428.104,2019-09-07,2019-09-08,False,False
2019-09-08T00:00:00Z,2019-09-09T00:00:00Z,10470.341080022001,10572.520355028,10326.636083949999,10410.187644035001,15786963429.0219,187264486279.91199,2019-09-08,2019-09-09,False,False
2019-09-09T00:00:00Z,2019-09-10T00:00:00Z,10408.890179821999,10442.761181903999,10135.676890092,10322.057607889001,16277428930.513901,184736473130.57401,2019-09-09,2019-09-10,False,False
2019-09-10T00:00:00Z,2019-09-11T00:00:00Z,10315.926502808999,10382.489398557,10012.012964927,10132.544804558,16619929905.6416,183526062902.311,2019-09-10,2019-09-11,False,False
2019-09-11T00:00:00Z,2019-09-12T00:00:00Z,10124.284797734001,10204.342522114999,9973.0873264729998,10159.720473324,16657146339.073601,180807127018.60901,2019-09-11,2019-09-12,False,False
2019-09-12T00:00:00Z,2019-09-13T00:00:00Z,10162.818177255,10430.549285806999,10068.621408327999,10387.514841214999,16347803275.784401,183274307880.492,2019-09-12,2019-09-13,False,False
2019-09-13T00:00:00Z,2019-09-14T00:00:00Z,10406.999055877999,10423.774252106999,10193.334896139,10346.599194957,15002494697.632601,184853928592.91901,2019-09-13,2019-09-14,False,False
2019-09-14T00:00:00Z,2019-09-15T00:00:00Z,10344.918397309,10420.200051218,10273.609581183,10353.549798216,13898257971.742399,185336310325.785,2019-09-14,2019-09-15,False,False
2019-09-15T00:00:00Z,2019-09-16T00:00:00Z,10349.132693445999,10368.311044913,10283.331817049,10313.443525982,13739377464.0749,185049550071.332,2019-09-15,2019-09-16,False,False
2019-09-16T00:00:00Z,2019-09-17T00:00:00Z,10314.929924681001,10362.122494313,10147.911922248,10268.657984963,13123396167.392401,184132942454.58499,2019-09-16,2019-09-17,False,False
2019-09-17T00:00:00Z,2019-09-18T00:00:00Z,10273.277521964001,10273.277521964001,10171.825138418,10208.165817936,15064900672.3454,183477067266.37701,2019-09-17,2019-09-18,False,False
2019-09-18T00:00:00Z,2019-09-19T00:00:00Z,10210.080590801001,10252.141471773,10149.693436472,10164.101904869,16142256175.518999,183021470786.67401,2019-09-18,2019-09-19,False,False
2019-09-19T00:00:00Z,2019-09-20T00:00:00Z,10161.163975248999,10261.575491477,9781.9846620579992,10241.608795394999,18012950601.273998,179251045171.082,2019-09-19,2019-09-20,False,False
2019-09-20T00:00:00Z,2019-09-21T00:00:00Z,10238.554568886,10255.158567383,10112.378809418,10179.862230840999,17567944594.2747,182649391449.534,2019-09-20,2019-09-21,False,False
2019-09-21T00:00:00Z,2019-09-22T00:00:00Z,10176.715113783001,10180.776817567999,9977.0845102010007,10006.065330833,14315188552.2264,180515815428.181,2019-09-21,2019-09-22,False,False
2019-09-22T00:00:00Z,2019-09-23T00:00:00Z,10002.150611392,10070.520315857,9876.6512823209996,10050.187541129,13655833632.905899,179297328412.16,2019-09-22,2019-09-23,False,False
2019-09-23T00:00:00Z,2019-09-24T00:00:00Z,10038.947939225,10047.495876714,9696.204079567,9719.3970186089991,13850095066.1625,177708689832.33301,2019-09-23,2019-09-24,False,False
2019-09-24T00:00:00Z,2019-09-25T00:00:00Z,9721.5101036939996,9792.6495200230002,8137.4607677619997,8588.4249058570003,18185819269.4842,169858875745.694,2019-09-24,2019-09-25,False,False
2019-09-25T00:00:00Z,2019-09-26T00:00:00Z,8553.728950314,8743.9165337119994,8270.46193408,8439.8461898980004,27962840287.7616,151777625351.392,2019-09-25,2019-09-26,False,False
2019-09-26T00:00:00Z,2019-09-27T00:00:00Z,8438.8456744760006,8457.8141327049998,7871.6658739860004,8077.9363544420003,19967083143.620701,148466846532.16599,2019-09-26,2019-09-27,False,False
2019-09-27T00:00:00Z,2019-09-28T00:00:00Z,8075.401100047,8239.7849660129996,7909.3448111110001,8183.5698723590003,19787032948.3619,144616429658.707,2019-09-27,2019-09-28,False,False
2019-09-28T00:00:00Z,2019-09-29T00:00:00Z,8184.5744725630002,8227.6327732089994,8048.8338101239997,8208.5959876800007,15915683880.649,146537479460.40701,2019-09-28,2019-09-29,False,False
2019-09-29T00:00:00Z,2019-09-30T00:00:00Z,8209.1608223389994,8222.0062804820009,7955.6843358530004,8068.668738286,14168854496.290001,145053939725.729,2019-09-29,2019-09-30,False,False
2019-09-30T00:00:00Z,2019-10-01T00:00:00Z,8062.3033483609997,8282.9968506290006,7773.497353879,8269.0286815840009,15981733906.8552,144998556632.11401,2019-09-30,2019-10-01,False,False
2019-10-01T00:00:00Z,2019-10-02T00:00:00Z,8286.7917056959996,8477.4995262440007,8200.9392019290008,8294.7435966480007,16884676152.496901,149952721693.96301,2019-10-01,2019-10-02,False,False
2019-10-02T00:00:00Z,2019-10-03T00:00:00Z,8299.6476761920003,8361.9192331449995,8179.0627922129997,8361.9192331449995,14388816764.907301,148269155705.595,2019-10-02,2019-10-03,False,False
2019-10-03T00:00:00Z,2019-10-04T00:00:00Z,8355.8244549530009,8379.401244318,8105.8244583899996,8232.1299976650007,13113453370.5005,148050691437.58499,2019-10-03,2019-10-04,False,False
2019-10-04T00:00:00Z,2019-10-05T00:00:00Z,8229.1437226369999,8229.1437226369999,8075.794879395,8155.655358897,13744039776.376801,146442180613.26599,2019-10-04,2019-10-05,False,False
2019-10-05T00:00:00Z,2019-10-06T00:00:00Z,8151.3904969200003,8163.9285690830002,8044.3800242429998,8130.1343931889996,12177117326.532301,145672913454.52301,2019-10-05,2019-10-06,False,False
2019-10-06T00:00:00Z,2019-10-07T00:00:00Z,8132.0424623489998,8146.1473515389998,7850.254887733,7876.4552176309999,12147006810.972601,143559149325.03299,2019-10-06,2019-10-07,False,False
2019-10-07T00:00:00Z,2019-10-08T00:00:00Z,7884.2024573879999,8276.5936742390004,7819.2522183999999,8196.1519598979994,15412261525.8577,144496045823.47,2019-10-07,2019-10-08,False,False
2019-10-08T00:00:00Z,2019-10-09T00:00:00Z,8193.8976632350004,8311.8810167690008,8134.9943241439996,8189.7968651259998,17158691137.6346,147511839557.13599,2019-10-08,2019-10-09,False,False
2019-10-09T00:00:00Z,2019-10-10T00:00:00Z,8182.5965840420004,8627.9592321939999,8128.8897290049999,8572.8372762090003,16434316986.5907,149756097129.095,2019-10-09,2019-10-10,False,False
2019-10-10T00:00:00Z,2019-10-11T00:00:00Z,8566.6565004040003,8626.4358579460004,8451.9198327810009,8556.9502384749994,19365691564.436199,153568741720.832,2019-10-10,2019-10-11,False,False
2019-10-11T00:00:00Z,2019-10-12T00:00:00Z,8559.8360017590003,8712.4089232570004,8272.0240505220008,8272.0240505220008,18640375940.364399,151000783029.10501,2019-10-11,2019-10-12,False,False
2019-10-12T00:00:00Z,2019-10-13T00:00:00Z,8274.6540848240002,8386.9814753110004,8274.6540848240002,8314.9215372479994,15846192934.8514,149863643179.823,2019-10-12,2019-10-13,False,False
2019-10-13T00:00:00Z,2019-10-14T00:00:00Z,8310.1454111790008,8435.4478110750006,8246.2443586980007,8294.5997272639997,12414944133.785299,150182067879.80801,2019-10-13,2019-10-14,False,False
2019-10-14T00:00:00Z,2019-10-15T00:00:00Z,8289.0738146879994,8363.6311399139995,8237.6582408329996,8347.2015064490006,13897961307.390499,149458242718.38,2019-10-14,2019-10-15,False,False
2019-10-15T00:00:00Z,2019-10-16T00:00:00Z,8348.3155756960005,8386.8565107569993,8144.3177214699999,8174.7815584370001,14132500731.962099,148809311397.95001,2019-10-15,2019-10-16,False,False
2019-10-16T00:00:00Z,2019-10-17T00:00:00Z,8174.1799794219996,8182.888776279,7951.4521737559999,8008.8092791010004,14890138553.3482,145295635926.09601,2019-10-16,2019-10-17,False,False
2019-10-17T00:00:00Z,2019-10-18T00:00:00Z,8003.417785957,8112.7216536019996,7948.8201534649997,8075.1782414520003,14962001430.6667,144617101625.62701,2019-10-17,2019-10-18,False,False
2019-10-18T00:00:00Z,2019-10-19T00:00:00Z,8073.2004748230001,8108.7298078570002,7880.4181278579999,7955.4647706830001,14689333202.205999,143395673984.11499,2019-10-18,2019-10-19,False,False
2019-10-19T00:00:00Z,2019-10-20T00:00:00Z,7952.3100001570001,8026.4277815519999,7916.2117446230004,7950.1243078509997,13469121763.5424,143246733531.51501,2019-10-19,2019-10-20,False,False
2019-10-20T00:00:00Z,2019-10-21T00:00:00Z,7954.6161266179997,8254.2754082579995,7900.4386140160004,8202.0054726510007,13689730159.754801,144207387123.85001,2019-10-20,2019-10-21,False,False
2019-10-21T00:00:00Z,2019-10-22T00:00:00Z,8211.3414002539994,8269.4375800079997,8162.8130492580003,8212.7716651080009,15370372085.0888,147891674540.88599,2019-10-21,2019-10-22,False,False
2019-10-22T00:00:00Z,2019-10-23T00:00:00Z,8215.0312269090009,8278.6002590049993,8027.9203762429997,8040.0062286969996,15044562472.9659,147576460561.599,2019-10-22,2019-10-23,False,False
2019-10-23T00:00:00Z,2019-10-24T00:00:00Z,8036.4879267590004,8052.2643304860003,7398.5774122760004,7469.5210628459999,17812755885.624401,139696207963.85999,2019-10-23,2019-10-24,False,False
2019-10-24T00:00:00Z,2019-10-25T00:00:00Z,7480.7068856590004,7500.3714531260002,7377.740725355,7440.0379152539999,18981331415.9986,134167064520.07201,2019-10-24,2019-10-25,False,False
2019-10-25T00:00:00Z,2019-10-26T00:00:00Z,7432.6931382980001,8678.8822799270001,7421.3653922650001,8651.1344495730009,18738952733.516701,141682839386.37601,2019-10-25,2019-10-26,False,False
2019-10-26T00:00:00Z,2019-10-27T00:00:00Z,8652.6080088300005,10112.45209391,8651.2826238849993,9235.9295314190003,46466597084.979698,167434679606.54999,2019-10-26,2019-10-27,False,False
2019-10-27T00:00:00Z,2019-10-28T00:00:00Z,9235.0052282430006,9722.6608579959993,9096.9362351740001,9544.0944114960002,33550698245.0201,169004009822.77802,2019-10-27,2019-10-28,False,False
2019-10-28T00:00:00Z,2019-10-29T00:00:00Z,9535.718920751,9820.9041660919993,9234.2674385570008,9234.2674385570008,35593127802.801697,170468526441.83401,2019-10-28,2019-10-29,False,False
2019-10-29T00:00:00Z,2019-10-30T00:00:00Z,9232.7696313260003,9503.1548207739997,9195.9250037380007,9411.8853179100006,28823080713.179798,168918993992.457,2019-10-29,2019-10-30,False,False
2019-10-30T00:00:00Z,2019-10-31T00:00:00Z,9408.9554432620007,9408.9554432620007,9041.0911753220007,9162.3917451359994,27636488312.401199,165649839748.27499,2019-10-30,2019-10-31,False,False
2019-10-31T00:00:00Z,2019-11-01T00:00:00Z,9155.1559237729998,9326.3238036500006,8977.5053245550007,9154.9236484720004,24122194386.384701,165061996890.87799,2019-10-31,2019-11-01,False,False
2019-11-01T00:00:00Z,2019-11-02T00:00:00Z,9147.0353702810007,9259.6449204540004,9061.5642150519998,9225.7539422779992,23423542842.945301,164829235357.73499,2019-11-01,2019-11-02,False,False
2019-11-02T00:00:00Z,2019-11-03T00:00:00Z,9229.5218176050003,9337.9179169679992,9206.6941251429998,9290.2570186829998,21641092219.163399,166975037686.20499,2019-11-02,2019-11-03,False,False
2019-11-03T00:00:00Z,2019-11-04T00:00:00Z,9289.8928883400004,9353.7158629980004,9106.3123506709999,9205.7432010339999,19491017665.942001,166092359614.14899,2019-11-03,2019-11-04,False,False
2019-11-04T00:00:00Z,2019-11-05T00:00:00Z,9201.2713727549999,9465.4478366050007,9140.7760851870007,9389.9055411850004,20013705970.259701,166672654763.979,2019-11-04,2019-11-05,False,False
2019-11-05T00:00:00Z,2019-11-06T00:00:00Z,9383.9246551720007,9427.6104145919999,9199.0302465749992,9311.2837969680004,25633993748.180099,168167192831.901,2019-11-05,2019-11-06,False,False
2019-11-06T00:00:00Z,2019-11-07T00:00:00Z,9305.7556508559992,9407.765235285,9264.3700023469992,9329.5208070930003,22773683290.748001,168097301254.53,2019-11-06,2019-11-07,False,False
2019-11-07T00:00:00Z,2019-11-08T00:00:00Z,9320.8585265639995,9351.5076823859999,9154.5175224630002,9219.0119874779994,21386732950.8479,166691634545.23901,2019-11-07,2019-11-08,False,False
2019-11-08T00:00:00Z,2019-11-09T00:00:00Z,9217.4908644660009,9252.3597760859993,8741.3584715880006,8791.6409463470009,22392277631.808498,162396022673.142,2019-11-08,2019-11-09,False,False
2019-11-09T00:00:00Z,2019-11-10T00:00:00Z,8790.3794509719992,8878.6608489089995,8761.1054751819993,8818.4322640299997,20903331341.9492,159149038181.05801,2019-11-09,2019-11-10,False,False
2019-11-10T00:00:00Z,2019-11-11T00:00:00Z,8814.2188540959996,9084.8366872160004,8769.0406507139996,9043.0044486009992,18865154158.8606,160406101474.51901,2019-11-10,2019-11-11,False,False
2019-11-11T00:00:00Z,2019-11-12T00:00:00Z,9037.8123865060006,9064.5168572059993,8657.6777089949992,8732.1541228099995,21474225431.4786,159019024064.95599,2019-11-11,2019-11-12,False,False
2019-11-12T00:00:00Z,2019-11-13T00:00:00Z,8737.6140643159997,8823.8376032010001,8630.7038425259998,8801.6037791340004,18549053910.671398,157865178471.27899,2019-11-12,2019-11-13,False,False
2019-11-13T00:00:00Z,2019-11-14T00:00:00Z,8807.5093115349991,8807.5093115349991,8727.5307438679993,8785.8016227780008,18311776804.6674,158126160785.76099,2019-11-13,2019-11-14,False,False
2019-11-14T00:00:00Z,2019-11-15T00:00:00Z,8783.6869529190008,8794.5272830249996,8620.686437847,8662.4224314969997,18018026600.8587,156750711852.25699,2019-11-14,2019-11-15,False,False
2019-11-15T00:00:00Z,2019-11-16T00:00:00Z,8659.2941776690004,8726.8085625540007,8450.8778636999996,8474.5390017850004,19571089078.109699,154556646136.22699,2019-11-15,2019-11-16,False,False
2019-11-16T00:00:00Z,2019-11-17T00:00:00Z,8477.0494720269999,8524.7980608899998,8457.8258185600007,8497.4110447820003,18266153675.236198,153143668049.17999,2019-11-16,2019-11-17,False,False
2019-11-17T00:00:00Z,2019-11-18T00:00:00Z,8498.5547364810009,8591.8740887910008,8420.0237377899994,8503.0494346600008,16068981643.996901,153814774012.021,2019-11-17,2019-11-18,False,False
2019-11-18T00:00:00Z,2019-11-19T00:00:00Z,8504.1592018770007,8504.1592018770007,8177.4591288040001,8211.7896930099996,18122849023.9146,151684343586.89499,2019-11-18,2019-11-19,False,False
2019-11-19T00:00:00Z,2019-11-20T00:00:00Z,8204.1641869239993,8216.6629314519996,8043.4537517999997,8134.7695802050002,21641717591.419899,146930469081.08499,2019-11-19,2019-11-20,False,False
2019-11-20T00:00:00Z,2019-11-21T00:00:00Z,8138.2906619149999,8179.7564060559998,8066.8448467159997,8097.1874924269996,18743906405.937401,146512546563.53601,2019-11-20,2019-11-21,False,False
2019-11-21T00:00:00Z,2019-11-22T00:00:00Z,8101.952120246,8126.0087234809998,7574.8782475669996,7631.0168033970003,19580512635.164501,142188695965.80099,2019-11-21,2019-11-22,False,False
2019-11-22T00:00:00Z,2019-11-23T00:00:00Z,7632.873769926,7688.688081972,6915.8179835609999,7290.351827984,28409580486.224998,132784410256.649,2019-11-22,2019-11-23,False,False
2019-11-23T00:00:00Z,2019-11-24T00:00:00Z,7278.8172507279996,7332.2790348179997,7108.0651589890003,7316.7975146489998,28070277489.588402,130709921812.55,2019-11-23,2019-11-24,False,False
2019-11-24T00:00:00Z,2019-11-25T00:00:00Z,7310.1626929260001,7325.9837040470002,6932.3131572809998,6932.3131572809998,19688077432.647301,129213195685.80499,2019-11-24,2019-11-25,False,False
2019-11-25T00:00:00Z,2019-11-26T00:00:00Z,6931.499193615,7345.9129302720003,6583.225112442,7133.9464578710003,28072860618.344501,125898643705.48801,2019-11-25,2019-11-26,False,False
2019-11-26T00:00:00Z,2019-11-27T00:00:00Z,7126.9539139469998,7312.5075158789996,7058.8328816880003,7169.2647378359998,25274129965.206501,129101219688.321,2019-11-26,2019-11-27,False,False
2019-11-27T00:00:00Z,2019-11-28T00:00:00Z,7161.2965980990002,7628.1322377879997,6885.2359817070001,7502.0331564349999,21528088248.6297,130983843289.50101,2019-11-27,2019-11-28,False,False
2019-11-28T00:00:00Z,2019-11-29T00:00:00Z,7514.018760727,7616.1786108619999,7405.1722442959999,7442.7953577320004,23196231678.8535,135794345148.036,2019-11-28,2019-11-29,False,False
2019-11-29T00:00:00Z,2019-11-30T00:00:00Z,7434.1731944189996,7797.0083507720001,7431.6082688289998,7740.4155494469996,19637751265.7202,137457353874.405,2019-11-29,2019-11-30,False,False
2019-11-30T00:00:00Z,2019-12-01T00:00:00Z,7743.6503381849998,7776.9921709399996,7481.7325840169997,7548.6134830410001,18558072916.985802,138308250481.77301,2019-11-30,2019-12-01,False,False
2019-12-01T00:00:00Z,2019-12-02T00:00:00Z,7551.7098612190002,7551.7098612190002,7276.6323685039997,7417.1841618870003,19448581691.419399,133056595876.39301,2019-12-01,2019-12-02,False,False
2019-12-02T00:00:00Z,2019-12-03T00:00:00Z,7405.6589380920004,7419.1040075250003,7209.4432818879995,7315.1086569270001,17497508154.749599,132230802956.25,2019-12-02,2019-12-03,False,False
2019-12-03T00:00:00Z,2019-12-04T00:00:00Z,7307.9885918959999,7384.1277109980001,7267.8592193060003,7300.2083105499996,14980928828.2756,132345425156.114,2019-12-03,2019-12-04,False,False
2019-12-04T00:00:00Z,2019-12-05T00:00:00Z,7297.0726040760001,7551.4950243740004,7118.3900817960002,7216.4561628600004,17283223591.605099,131561545030.69901,2019-12-04,2019-12-05,False,False
2019-12-05T00:00:00Z,2019-12-06T00:00:00Z,7200.1397800610002,7456.1453887480002,7188.0510359359996,7386.5100629099998,21771942872.7173,132493558622.806,2019-12-05,2019-12-06,False,False
2019-12-06T00:00:00Z,2019-12-07T00:00:00Z,7388.417903908,7532.6109873900004,7328.7112894829997,7532.6109873900004,18201556007.120499,133823034544.677,2019-12-06,2019-12-07,False,False
2019-12-07T00:00:00Z,2019-12-08T00:00:00Z,7529.8915677650002,7571.7451519939996,7488.4029651600003,7496.1259577689998,17516422533.457001,136066629888.60699,2019-12-07,2019-12-08,False,False
2019-12-08T00:00:00Z,2019-12-09T00:00:00Z,7495.4980703379997,7544.0785995570004,7395.9355692239997,7516.6766681729996,14839255939.762899,135363276601.94299,2019-12-08,2019-12-09,False,False
2019-12-09T00:00:00Z,2019-12-10T00:00:00Z,7511.2763628390003,7580.0731064129996,7315.434945215,7350.4181183689998,15758507373.4147,134906963787.743,2019-12-09,2019-12-10,False,False
2019-12-10T00:00:00Z,2019-12-11T00:00:00Z,7348.3739081499998,7388.3869631489997,7191.1549710560002,7233.8145250480002,18266169084.281601,132119967777.532,2019-12-10,2019-12-11,False,False
2019-12-11T00:00:00Z,2019-12-12T00:00:00Z,7227.6315566180001,7265.9685232620004,7161.6747850969996,7199.7161553639999,16414726727.459101,130503782867.683,2019-12-11,2019-12-12,False,False
2019-12-12T00:00:00Z,2019-12-13T00:00:00Z,7204.5107763320002,7251.3197028120003,7122.4275231920001,7202.4607929599997,16462585927.7882,129835093792.767,2019-12-12,2019-12-13,False,False
2019-12-13T00:00:00Z,2019-12-14T00:00:00Z,7197.0530426699997,7289.9158978160003,7195.2395472349999,7255.1268768789996,14598717509.365601,130833591312.265,2019-12-13,2019-12-14,False,False
2019-12-14T00:00:00Z,2019-12-15T00:00:00Z,7257.6698694659999,7268.6790399350002,7035.5985020979997,7078.9552188170001,14111391071.9382,129695505705.063,2019-12-14,2019-12-15,False,False
2019-12-15T00:00:00Z,2019-12-16T00:00:00Z,7072.3837845520002,7155.3374332539997,7026.94612641,7120.9224175469999,14644394191.144501,128334682120.02699,2019-12-15,2019-12-16,False,False
2019-12-16T00:00:00Z,2019-12-17T00:00:00Z,7118.479133455,7138.6052860640002,6859.1980780309996,6902.8883876179998,14930223069.116899,127437036253.575,2019-12-16,2019-12-17,False,False
2019-12-17T00:00:00Z,2019-12-18T00:00:00Z,6898.5775908819996,6925.0125674410001,6589.1193054639998,6624.1292576750002,17871010703.791698,123005828883.67,2019-12-17,2019-12-18,False,False
2019-12-18T00:00:00Z,2019-12-19T00:00:00Z,6621.8718897910003,7310.394958242,6455.5248257559997,7275.7548836010001,23544326241.797401,122466220929.894,2019-12-18,2019-12-19,False,False
2019-12-19T00:00:00Z,2019-12-20T00:00:00Z,7270.8452543519998,7335.8238324189997,7059.4491302779998,7150.3760984379996,27989461214.8181,129290264197.963,2019-12-19,2019-12-20,False,False
2019-12-20T00:00:00Z,2019-12-21T00:00:00Z,7149.8848171130003,7210.1406644279996,7098.2400140769996,7185.1552438569997,19090224845.263802,129412607079.287,2019-12-20,2019-12-21,False,False
2019-12-21T00:00:00Z,2019-12-22T00:00:00Z,7189.1863257960003,7189.1863257960003,7130.7871256259996,7138.8888838510002,17216556747.5835,129336453236.623,2019-12-21,2019-12-22,False,False
2019-12-22T00:00:00Z,2019-12-23T00:00:00Z,7140.3202618100004,7482.9614558390003,7130.7350764769999,7482.9614558390003,15859553796.773199,130626273875.825,2019-12-22,2019-12-23,False,False
2019-12-23T00:00:00Z,2019-12-24T00:00:00Z,7492.4502980500001,7664.1093749439997,7292.6521633809998,7329.6093336920003,23553693248.2519,135673099050.168,2019-12-23,2019-12-24,False,False
2019-12-24T00:00:00Z,2019-12-25T00:00:00Z,7327.7902522069999,7408.1184702159999,7180.3719328309999,7240.6203328299998,21901304372.389099,132100720581.496,2019-12-24,2019-12-25,False,False
2019-12-25T00:00:00Z,2019-12-26T00:00:00Z,7259.1158638079996,7263.2355881390004,7146.0597728399998,7205.3806879000003,18541417893.7211,130606690709.13901,2019-12-25,2019-12-26,False,False
2019-12-26T00:00:00Z,2019-12-27T00:00:00Z,7206.5131032270001,7407.9909079400004,7170.4822510399999,7211.3411937130004,17261944405.213799,130802546117.08299,2019-12-26,2019-12-27,False,False
2019-12-27T00:00:00Z,2019-12-28T00:00:00Z,7209.3011041939999,7260.3410542929996,7111.3984971640002,7246.4224246330004,20987495731.4944,130391767632.67101,2019-12-27,2019-12-28,False,False
2019-12-28T00:00:00Z,2019-12-29T00:00:00Z,7248.5121292240001,7347.520016294,7242.853379997,7312.04457,19186434309.472801,132122167343.91701,2019-12-28,2019-12-29,False,False
2019-12-29T00:00:00Z,2019-12-30T00:00:00Z,7312.0067864680004,7487.8990941210004,7257.3965581439998,7386.3760603399996,18316582002.147301,132889260155.541,2019-12-29,2019-12-30,False,False
2019-12-30T00:00:00Z,2019-12-31T00:00:00Z,7388.3931191259999,7397.633412698,7234.1819306289999,7245.9889226739997,20205730608.951401,132319295030.026,2019-12-30,2019-12-31,False,False
2019-12-31T00:00:00Z,2020-01-01T00:00:00Z,7245.2006845579999,7300.3927280059997,7155.9582211830002,7202.6242507340003,19231685730.931301,130635621311.14799,2019-12-31,2020-01-01,False,False
2020-01-01T00:00:00Z,2020-01-02T00:00:00Z,7196.6146477499997,7252.0342279010001,7182.140635881,7213.9184622169996,17174701192.721901,130562734340.651,2020-01-01,2020-01-02,False,False
2020-01-02T00:00:00Z,2020-01-03T00:00:00Z,7214.7052830270004,7222.8562605950001,6953.6608477959999,6968.2748963370004,16978615552.320299,128456540022.85201,2020-01-02,2020-01-03,False,False
2020-01-03T00:00:00Z,2020-01-04T00:00:00Z,6967.5110730599999,7384.8873325240002,6891.5321754460001,7317.1840743379998,23323885155.7071,130662850185.82401,2020-01-03,2020-01-04,False,False
2020-01-04T00:00:00Z,2020-01-05T00:00:00Z,7324.0981449909996,7373.7943974,7290.6386221430002,7358.4919640469998,22091911757.373001,132598810198.44701,2020-01-04,2020-01-05,False,False
2020-01-05T00:00:00Z,2020-01-06T00:00:00Z,7356.7591297119998,7475.1552256389996,7341.4566857399996,7352.3627450920003,18782091517.372398,134419222812.489,2020-01-05,2020-01-06,False,False
2020-01-06T00:00:00Z,2020-01-07T00:00:00Z,7361.7126002369996,7764.2179501600003,7357.5854834559996,7764.2179501600003,20385990287.9244,136278512926.95399,2020-01-06,2020-01-07,False,False
2020-01-07T00:00:00Z,2020-01-08T00:00:00Z,7751.3892835269999,8173.2688945640002,7751.3892835269999,8155.216395206,26898528961.363899,143243994478.952,2020-01-07,2020-01-08,False,False
2020-01-08T00:00:00Z,2020-01-09T00:00:00Z,8152.7508943009998,8431.8062893820006,7889.1754455869996,8055.7598272579999,32572235030.895,148885145141.64401,2020-01-08,2020-01-09,False,False
2020-01-09T00:00:00Z,2020-01-10T00:00:00Z,8047.8108516780003,8047.8108516780003,7781.2106339459997,7829.0632398580001,27423415908.253899,142893103636.12,2020-01-09,2020-01-10,False,False
2020-01-10T00:00:00Z,2020-01-11T00:00:00Z,7821.6335497589998,8160.4135671699996,7699.7601998709997,8160.4135671699996,25445878088.332401,142683057758.685,2020-01-10,2020-01-11,False,False
2020-01-11T00:00:00Z,2020-01-12T00:00:00Z,8173.0137901910002,8249.1301066710002,8024.1568615759998,8024.7915585709998,29273068672.251598,146762212989.91101,2020-01-11,2020-01-12,False,False
2020-01-12T00:00:00Z,2020-01-13T00:00:00Z,8031.8492948410003,8168.9560228090004,7979.1092162719997,8164.5906077680002,23264705657.570999,146765777200.64899,2020-01-12,2020-01-13,False,False
2020-01-13T00:00:00Z,2020-01-14T00:00:00Z,8174.7543978869999,8176.9917530550001,8065.080319568,8116.9695100170002,20209676488.402699,146622670428.85999,2020-01-13,2020-01-14,False,False
2020-01-14T00:00:00Z,2020-01-15T00:00:00Z,8106.5219503259996,8844.2806450759999,8106.5219503259996,8838.5648617989991,30880804631.851002,154877884753.05499,2020-01-14,2020-01-15,False,False
2020-01-15T00:00:00Z,2020-01-16T00:00:00Z,8818.5373310190007,8875.8532712859997,8409.1836922220009,8807.6324339080002,41907940746.9011,158048673749.591,2020-01-15,2020-01-16,False,False
2020-01-16T00:00:00Z,2020-01-17T00:00:00Z,8814.5311989420006,8840.1218402060003,8606.3126327289992,8722.0370884919994,30633889567.3946,157032648632.23401,2020-01-16,2020-01-17,False,False
2020-01-17T00:00:00Z,2020-01-18T00:00:00Z,8725.2488604530008,8985.1267640059996,8675.4564033229999,8921.648280804,29962458959.557701,160221315058.647,2020-01-17,2020-01-18,False,False
2020-01-18T00:00:00Z,2020-01-19T00:00:00Z,8914.2384560200007,8970.0221624850001,8821.6688092299992,8929.5448568569991,29485862975.674,160919593886.15701,2020-01-18,2020-01-19,False,False
2020-01-19T00:00:00Z,2020-01-20T00:00:00Z,8925.6095792279993,9170.7181707189993,8587.8019802430008,8697.3422250479998,29631647239.100498,160142088750.69901,2020-01-19,2020-01-20,False,False
2020-01-20T00:00:00Z,2020-01-21T00:00:00Z,8706.1220363440007,8739.5968998349999,8540.6703562410003,8639.1962202390005,25527853490.9436,156572520528.87201,2020-01-20,2020-01-21,False,False
2020-01-21T00:00:00Z,2020-01-22T00:00:00Z,8638.6237467810006,8760.4124708130003,8531.7096216490008,8747.3818504190003,21133613685.660099,156593605926.94299,2020-01-21,2020-01-22,False,False
2020-01-22T00:00:00Z,2020-01-23T00:00:00Z,8734.1728835470003,8785.1694797639993,8628.2277004660009,8672.8010786060004,21487927493.790199,157068117572.19601,2020-01-22,2020-01-23,False,False
2020-01-23T00:00:00Z,2020-01-24T00:00:00Z,8678.1008479569991,8679.2033179450009,8314.340390935,8391.6079565809996,21694293542.314602,153092286772.88101,2020-01-23,2020-01-24,False,False
2020-01-24T00:00:00Z,2020-01-25T00:00:00Z,8410.0448443990008,8512.0046628769996,8243.9257639850002,8440.2870259720003,21819201521.969299,151937986769.83499,2020-01-24,2020-01-25,False,False
2020-01-25T00:00:00Z,2020-01-26T00:00:00Z,8428.5231681589994,8443.5116284129999,8284.9168960829993,8366.208771054,18942559761.601398,150859836245.17001,2020-01-25,2020-01-26,False,False
2020-01-26T00:00:00Z,2020-01-27T00:00:00Z,8350.9124341419993,8602.2197697779993,8317.5749286739992,8591.0028756979991,17062357023.9116,152809555627.03101,2020-01-26,2020-01-27,False,False
2020-01-27T00:00:00Z,2020-01-28T00:00:00Z,8603.4459915499992,8949.8820361069993,8595.6999821650006,8895.6036279510008,21864918499.8769,157922912199.79599,2020-01-27,2020-01-28,False,False
2020-01-28T00:00:00Z,2020-01-29T00:00:00Z,8896.1677785119991,9334.8363933010005,8896.1677785119991,9334.8363933010005,28386922234.095699,163462892496.78101,2020-01-28,2020-01-29,False,False
2020-01-29T00:00:00Z,2020-01-30T00:00:00Z,9361.3413686620006,9399.9708735690001,9264.5811148829998,9304.9180637659992,31677015378.887699,168807381942.651,2020-01-29,2020-01-30,False,False
2020-01-30T00:00:00Z,2020-01-31T00:00:00Z,9295.2955737129996,9554.5680110220001,9226.9340348559999,9503.2679999730008,27862509999.088402,169567098661.10101,2020-01-30,2020-01-31,False,False
2020-01-31T00:00:00Z,2020-02-01T00:00:00Z,9498.8234632879994,9512.2897121719998,9236.4755292900008,9336.1328847139994,29879074256.122898,169249094727.01501,2020-01-31,2020-02-01,False,False
2020-02-01T00:00:00Z,2020-02-02T00:00:00Z,9345.8629718789998,9448.9001190750005,9307.5668409789996,9386.1056516190001,24669132631.411499,169636957803.41,2020-02-01,2020-02-02,False,False
2020-02-02T00:00:00Z,2020-02-03T00:00:00Z,9382.8860025249996,9451.0752493649998,9222.5054345949993,9339.5748891610001,25513782426.063202,169576924680.379,2020-02-02,2020-02-03,False,False
2020-02-03T00:00:00Z,2020-02-04T00:00:00Z,9332.3903352020006,9545.3428845679991,9253.044317893,9302.3626584100002,28287364412.594501,168966244374.17801,2020-02-03,2020-02-04,False,False
2020-02-04T00:00:00Z,2020-02-05T00:00:00Z,9299.27391584,9337.1729430760006,9116.7539638809994,9187.0700162510002,25453389344.3825,166714544845.35999,2020-02-04,2020-02-05,False,False
2020-02-05T00:00:00Z,2020-02-06T00:00:00Z,9175.3774396150002,9684.3288036360009,9163.0416229420007,9602.3097430739999,27369542844.873501,170352603411.87399,2020-02-05,2020-02-06,False,False
2020-02-06T00:00:00Z,2020-02-07T00:00:00Z,9605.8794019460001,9835.4726534439997,9541.8006369089999,9754.0784116699997,33460093620.226898,175262977322.93201,2020-02-06,2020-02-07,False,False
2020-02-07T00:00:00Z,2020-02-08T00:00:00Z,9760.2777614839997,9871.278061428,9747.3226796130002,9820.2955415590004,31575968441.416302,177054349781.89801,2020-02-07,2020-02-08,False,False
2020-02-08T00:00:00Z,2020-02-09T00:00:00Z,9878.1023260959992,9911.3348599300007,9678.5289055150006,9899.9119442079991,27781716512.858799,177359345663.78101,2020-02-08,2020-02-09,False,False
2020-02-09T00:00:00Z,2020-02-10T00:00:00Z,9890.5102987110004,10136.292375953,9882.1120544429996,10128.750275517999,30830691930.953098,181866640936.16599,2020-02-09,2020-02-10,False,False
2020-02-10T00:00:00Z,2020-02-11T00:00:00Z,10128.723888224,10154.399803318,9787.3160914330001,9869.4369116350008,32809761670.321301,179314120889.55701,2020-02-10,2020-02-11,False,False
2020-02-11T00:00:00Z,2020-02-12T00:00:00Z,9859.7066770590009,10283.609362085999,9729.947875627,10229.700902488001,32344589624.228199,179739260248.31601,2020-02-11,2020-02-12,False,False
2020-02-12T00:00:00Z,2020-02-13T00:00:00Z,10220.508924457999,10396.605743004,10220.508924457999,10327.554589216999,37536325030.772598,186429089122.67899,2020-02-12,2020-02-13,False,False
2020-02-13T00:00:00Z,2020-02-14T00:00:00Z,10313.911197328,10458.550677107,10104.987970681999,10225.415261826,40279999808.963997,185753452118.884,2020-02-13,2020-02-14,False,False
2020-02-14T00:00:00Z,2020-02-15T00:00:00Z,10229.150079749001,10360.532078348,10110.834261583001,10327.512334976,38621696717.551697,185324696688.48999,2020-02-14,2020-02-15,False,False
2020-02-15T00:00:00Z,2020-02-16T00:00:00Z,10328.115008416,10366.437841436,9862.3099913080005,9903.0778969120001,35159749254.721298,183357305740.18799,2020-02-15,2020-02-16,False,False
2020-02-16T00:00:00Z,2020-02-17T00:00:00Z,9908.0842218390007,10032.343092003999,9687.0061030239995,9969.2356804520005,36525467233.546501,179092557524.823,2020-02-16,2020-02-17,False,False
2020-02-17T00:00:00Z,2020-02-18T00:00:00Z,9939.7579848860005,9940.3948151530003,9481.8505767980005,9711.9960279419993,39598298473.511398,175667186732.823,2020-02-17,2020-02-18,False,False
2020-02-18T00:00:00Z,2020-02-19T00:00:00Z,9700.8420046079991,10209.58606591,9620.4991245059991,10144.896496497,38169582164.269699,177769828118.05801,2020-02-18,2020-02-19,False,False
2020-02-19T00:00:00Z,2020-02-20T00:00:00Z,10152.939757067999,10214.653170617999,9603.3408612700005,9621.7668059429998,37096619902.531303,182314328777.603,2020-02-19,2020-02-20,False,False
2020-02-20T00:00:00Z,2020-02-21T00:00:00Z,9612.4563482600006,9656.5168774770009,9483.9636219179993,9612.3926324299991,38453745129.309898,173334512100.28799,2020-02-20,2020-02-21,False,False
2020-02-21T00:00:00Z,2020-02-22T00:00:00Z,9600.4914368329992,9746.9331936340004,9576.3642420739998,9683.4532059110006,33072200100.224899,175008291937.879,2020-02-21,2020-02-22,False,False
2020-02-22T00:00:00Z,2020-02-23T00:00:00Z,9683.6638027829995,9700.6794325259998,9582.9772494419994,9667.5216231529994,29322369849.737099,174531980209.108,2020-02-22,2020-02-23,False,False
2020-02-23T00:00:00Z,2020-02-24T00:00:00Z,9663.250800451,9951.1267337680001,9663.250800451,9923.6593196119993,29496972972.892399,178038565852.03101,2020-02-23,2020-02-24,False,False
2020-02-24T00:00:00Z,2020-02-25T00:00:00Z,9953.1401090159998,9972.5135072609992,9518.2870425950005,9664.3702319549993,33711384526.733299,175909878700.66199,2020-02-24,2020-02-25,False,False
2020-02-25T00:00:00Z,2020-02-26T00:00:00Z,9662.3603867210004,9905.8521916379996,9315.4761237799994,9358.3886203839993,34745765383.736099,171785263057.604,2020-02-25,2020-02-26,False,False
2020-02-26T00:00:00Z,2020-02-27T00:00:00Z,9327.1657803229991,9368.4579566079992,8692.9015906149998,8829.5435929449995,35462874215.6745,163787589106.10999,2020-02-26,2020-02-27,False,False
2020-02-27T00:00:00Z,2020-02-28T00:00:00Z,8695.3741079350002,8975.4393883039993,8565.9530343049992,8775.5950155440005,37863755310.130501,159196540576.94199,2020-02-27,2020-02-28,False,False
2020-02-28T00:00:00Z,2020-02-29T00:00:00Z,8812.5470561530001,8892.7514755529992,8477.5097106230005,8731.6107713050005,31653812954.634499,157412038002.729,2020-02-28,2020-02-29,False,False
2020-02-29T00:00:00Z,2020-03-01T00:00:00Z,8750.1446055199995,8783.1275939850002,8569.4677847179992,8569.4677847179992,28569338388.8186,156921090953.10901,2020-02-29,2020-03-01,False,False
2020-03-01T00:00:00Z,2020-03-02T00:00:00Z,8550.5419519589996,8710.2741823809993,8426.7077181160003,8557.5043575840009,25805457967.584,154882913461.60501,2020-03-01,2020-03-02,False,False
2020-03-02T00:00:00Z,2020-03-03T00:00:00Z,8549.3407012509997,8956.1247372229991,8518.2222662660006,8900.0685502619999,29111523358.530499,158184330288.86401,2020-03-02,2020-03-03,False,False
2020-03-03T00:00:00Z,2020-03-04T00:00:00Z,8907.4080568299996,8907.4080568299996,8679.9393348680005,8772.4760368019997,31679555793.0989,159017072002.81,2020-03-03,2020-03-04,False,False
2020-03-04T00:00:00Z,2020-03-05T00:00:00Z,8762.3624081920007,8839.4790714459996,8554.1003351660001,8749.500221929,29780398865.1092,158496183520.31799,2020-03-04,2020-03-05,False,False
2020-03-05T00:00:00Z,2020-03-06T00:00:00Z,8756.3064516510003,9136.6609623349996,8756.3064516510003,9051.139212389,28798098411.369099,162918336040.155,2020-03-05,2020-03-06,False,False
2020-03-06T00:00:00Z,2020-03-07T00:00:00Z,9062.4788179770003,9150.6747435430007,9007.3851224369992,9129.2666277070002,33574313953.088699,164282940136.17599,2020-03-06,2020-03-07,False,False
2020-03-07T00:00:00Z,2020-03-08T00:00:00Z,9133.4850341029996,9167.9199471569991,8869.5003263679992,8898.9420777560008,34911099914.6138,163526318728.349,2020-03-07,2020-03-08,False,False
2020-03-08T00:00:00Z,2020-03-09T00:00:00Z,8898.9582365469996,8898.9582365469996,8042.7360844630002,8042.7360844630002,33505674162.182301,155088458047.73999,2020-03-08,2020-03-09,False,False
2020-03-09T00:00:00Z,2020-03-10T00:00:00Z,8045.0812825430003,8132.6478628109999,7664.8828255239996,7915.6721146339996,37959208549.619202,142578528186.793,2020-03-09,2020-03-10,False,False
2020-03-10T00:00:00Z,2020-03-11T00:00:00Z,7933.949977278,8139.0269409769999,7794.1941698270002,7900.8213259670001,34726963415.4189,143809421789.07599,2020-03-10,2020-03-11,False,False
2020-03-11T00:00:00Z,2020-03-12T00:00:00Z,7897.1412653139996,7963.6704171560004,7627.475829,7931.3475429629998,32035157695.883499,141970620520.24701,2020-03-11,2020-03-12,False,False
2020-03-12T00:00:00Z,2020-03-13T00:00:00Z,7932.1123119089998,7953.4366350330001,4684.8243463890003,4724.392684378,38263176500.418404,121163326657.35201,2020-03-12,2020-03-13,False,False
2020-03-13T00:00:00Z,2020-03-14T00:00:00Z,4799.6963833179998,5891.8900686540001,4003.591031768,5518.6472805069998,60723203714.918198,95005002272.699905,2020-03-13,2020-03-14,False,False
2020-03-14T00:00:00Z,2020-03-15T00:00:00Z,5585.0384314570001,5611.9919739400002,5120.7843873840002,5212.9792978859996,41904880597.153603,97722102309.667206,2020-03-14,2020-03-15,False,False
2020-03-15T00:00:00Z,2020-03-16T00:00:00Z,5200.9681995029996,5832.9139228160002,5168.3978559119996,5381.7452469190002,26391424072.390499,96195556705.221497,2020-03-15,2020-03-16,False,False
2020-03-16T00:00:00Z,2020-03-17T00:00:00Z,5374.0391383229999,5374.0391383229999,4528.2995695580003,5022.5781062420001,33030427611.9375,90499353955.158798,2020-03-16,2020-03-17,False,False
2020-03-17T00:00:00Z,2020-03-18T00:00:00Z,5008.4403591820001,5446.8090023530003,4968.7353637420001,5362.3204069249996,36376336243.889702,95525363026.666794,2020-03-17,2020-03-18,False,False
2020-03-18T00:00:00Z,2020-03-19T00:00:00Z,5322.8674744910004,5396.9694024099999,5047.7568989949996,5365.5815342989999,30708432421.459999,95631779590.908203,2020-03-18,2020-03-19,False,False
2020-03-19T00:00:00Z,2020-03-20T00:00:00Z,5363.797911144,6373.3729188819998,5280.2508200370003,6160.0047184610003,46227050479.477402,104548696265.179,2020-03-19,2020-03-20,False,False
2020-03-20T00:00:00Z,2020-03-21T00:00:00Z,6163.6520158169997,6845.3239106199999,5816.3724124370001,6192.3099752280004,82173623931.315506,115935645852.827,2020-03-20,2020-03-21,False,False
2020-03-21T00:00:00Z,2020-03-22T00:00:00Z,6211.4674727069996,6428.249245557,5921.2842964399997,6149.7983511700004,74321910267.062103,112728501963.355,2020-03-21,2020-03-22,False,False
2020-03-22T00:00:00Z,2020-03-23T00:00:00Z,6162.3510790070004,6385.9239357859997,5796.4883130500002,5843.1587862550005,49039501835.036598,112187860495.32401,2020-03-22,2020-03-23,False,False
2020-03-23T00:00:00Z,2020-03-24T00:00:00Z,5836.556172955,6500.7028067760002,5769.0900300330004,6467.4590382870001,48057935733.183403,111429326543.48,2020-03-23,2020-03-24,False,False
2020-03-24T00:00:00Z,2020-03-25T00:00:00Z,6465.0572355120003,6776.0511504120004,6390.8000151690003,6736.044984352,41093254549.531502,121097566539.85699,2020-03-24,2020-03-25,False,False
2020-03-25T00:00:00Z,2020-03-26T00:00:00Z,6740.8875040720004,6909.4279377040002,6509.1373568170002,6681.3365944529996,37094888214.326202,121546867684.85201,2020-03-25,2020-03-26,False,False
2020-03-26T00:00:00Z,2020-03-27T00:00:00Z,6679.3997467190002,6750.8006092129999,6563.6791853570003,6736.2917791350001,29627849180.959599,121738455841.642,2020-03-26,2020-03-27,False,False
2020-03-27T00:00:00Z,2020-03-28T00:00:00Z,6736.9477986310003,6820.9422037089998,6377.7495636269996,6377.7495636269996,28806208012.9422,122203325296.58299,2020-03-27,2020-03-28,False,False
2020-03-28T00:00:00Z,2020-03-29T00:00:00Z,6378.6563919359996,6378.6563919359996,6073.0350978679999,6239.8388318959996,27085157179.3097,113826923632.403,2020-03-28,2020-03-29,False,False
2020-03-29T00:00:00Z,2020-03-30T00:00:00Z,6241.9568902049996,6241.9568902049996,5908.1061316539999,5917.2970732379999,23647684302.3083,111751694356.79601,2020-03-29,2020-03-30,False,False
2020-03-30T00:00:00Z,2020-03-31T00:00:00Z,5900.0065850310002,6546.928546829,5877.9288548289996,6424.0784472389996,27021350124.5098,114501719213.396,2020-03-30,2020-03-31,False,False
2020-03-31T00:00:00Z,2020-04-01T00:00:00Z,6397.7161774810002,6496.8339101940001,6358.7580009579997,6431.2624128710004,27431559375.459599,117897004412.541,2020-03-31,2020-04-01,False,False
2020-04-01T00:00:00Z,2020-04-02T00:00:00Z,6419.060999071,6601.951969107,6176.8817574559998,6598.2870147590002,25637412066.5938,115302473165.505,2020-04-01,2020-04-02,False,False
2020-04-02T00:00:00Z,2020-04-03T00:00:00Z,6591.46674841,7112.0181530729997,6572.9888658580003,6807.4651423080004,35949707671.355698,122725401428.30701,2020-04-02,2020-04-03,False,False
2020-04-03T00:00:00Z,2020-04-04T00:00:00Z,6797.838573991,7009.4255898519996,6630.4400021880001,6733.7477348029997,37167518958.508003,124606219965.22099,2020-04-03,2020-04-04,False,False
2020-04-04T00:00:00Z,2020-04-05T00:00:00Z,6733.6674807689997,6867.941777985,6693.1779654170005,6847.7300548439998,27880150848.346199,123733079484.608,2020-04-04,2020-04-05,False,False
2020-04-05T00:00:00Z,2020-04-06T00:00:00Z,6847.4459500109997,6874.52863927,6710.0162062429999,6789.7321647230001,25269670113.0051,124308425037.95799,2020-04-05,2020-04-06,False,False
2020-04-06T00:00:00Z,2020-04-07T00:00:00Z,6789.7321570020003,7291.0037045720001,6789.7321387649999,7279.1617922570003,31594108802.994999,129472682893.77499,2020-04-06,2020-04-07,False,False
2020-04-07T00:00:00Z,2020-04-08T00:00:00Z,7317.0276193190002,7428.3061898300002,7122.7438537019998,7198.7701915090001,39144962205.876198,133817605169.776,2020-04-07,2020-04-08,False,False
2020-04-08T00:00:00Z,2020-04-09T00:00:00Z,7197.669188418,7376.1505887989997,7171.1141643600004,7352.3287710679997,32753738688.8288,133529754680.455,2020-04-08,2020-04-09,False,False
2020-04-09T00:00:00Z,2020-04-10T00:00:00Z,7350.8470126499997,7355.6807254639998,7166.8879111750002,7293.584360283,28609068744.733501,133591007345.98,2020-04-09,2020-04-10,False,False
2020-04-10T00:00:00Z,2020-04-11T00:00:00Z,7287.8289289369995,7291.2567659010001,6773.42590225,6859.8337374000002,32004749572.4123,127757875237.51801,2020-04-10,2020-04-11,False,False
2020-04-11T00:00:00Z,2020-04-12T00:00:00Z,6870.159673057,6930.5894477960001,6773.981140848,6869.5865519319996,30015475132.190498,125695053282.84599,2020-04-11,2020-04-12,False,False
2020-04-12T00:00:00Z,2020-04-13T00:00:00Z,6873.7385241080001,7151.7999631479997,6797.6135348620001,6977.2306358819997,25365748775.631901,127014900702.17599,2020-04-12,2020-04-13,False,False
2020-04-13T00:00:00Z,2020-04-14T00:00:00Z,6925.8284755679997,6925.8284755679997,6651.1409583599998,6837.4225398859999,31953029026.479698,123588123155.131,2020-04-13,2020-04-14,False,False
2020-04-14T00:00:00Z,2020-04-15T00:00:00Z,6841.8082446660001,6956.2114979159996,6778.2519613619997,6856.1790938650001,28504195497.139999,125895041724.99899,2020-04-14,2020-04-15,False,False
2020-04-15T00:00:00Z,2020-04-16T00:00:00Z,6860.0260112779997,6915.8251905469997,6629.9188180110004,6637.7918155429998,26821228375.741001,124596359705.636,2020-04-15,2020-04-16,False,False
2020-04-16T00:00:00Z,2020-04-17T00:00:00Z,6632.6338675500001,7136.02127105,6531.4400443390005,7088.7994918260001,33497785088.697498,126464114155.67101,2020-04-16,2020-04-17,False,False
2020-04-17T00:00:00Z,2020-04-18T00:00:00Z,7095.7239929349998,7127.5210957030004,7028.6210589640004,7034.54035767,30376034250.3927,129518207870.724,2020-04-17,2020-04-18,False,False
2020-04-18T00:00:00Z,2020-04-19T00:00:00Z,7038.544102498,7258.3925907209996,7038.544102498,7233.1574231160002,24783424486.7817,130947107630.63901,2020-04-18,2020-04-19,False,False
2020-04-19T00:00:00Z,2020-04-20T00:00:00Z,7238.8139999819996,7238.8139999819996,7084.171815922,7133.1486794049997,25713381019.621799,131299883668.293,2020-04-19,2020-04-20,False,False
2020-04-20T00:00:00Z,2020-04-21T00:00:00Z,7130.8028455920003,7193.4715057969997,6802.7286363550002,6856.7859533500005,26956989050.526402,129289405823.92101,2020-04-20,2020-04-21,False,False
2020-04-21T00:00:00Z,2020-04-22T00:00:00Z,6850.0145874440004,6909.3944764649996,6793.9222550980003,6851.0053622730002,29393938160.496101,125825015434.617,2020-04-21,2020-04-22,False,False
2020-04-22T00:00:00Z,2020-04-23T00:00:00Z,6848.6329545799999,7127.9344592890002,6828.2322241840002,7106.5511770310004,24916975279.046501,128120648874.19,2020-04-22,2020-04-23,False,False
2020-04-23T00:00:00Z,2020-04-24T00:00:00Z,7114.279112919,7612.4690327219996,7043.7288658919997,7464.8911267610001,30103580671.250198,133567670515.67,2020-04-23,2020-04-24,False,False
2020-04-24T00:00:00Z,2020-04-25T00:00:00Z,7470.5077610389999,7584.5864171339999,7430.2175018469998,7497.353392645,31706852571.210098,137798083489.12,2020-04-24,2020-04-25,False,False
2020-04-25T00:00:00Z,2020-04-26T00:00:00Z,7499.5999618919996,7600.6537056360003,7452.9711852339997,7535.2638966659997,25858610305.7034,138203387711.78,2020-04-25,2020-04-26,False,False
2020-04-26T00:00:00Z,2020-04-27T00:00:00Z,7536.1219522949996,7667.0062453800001,7529.5392167580003,7665.8283180689996,24111822559.901699,139184239452.51401,2020-04-26,2020-04-27,False,False
2020-04-27T00:00:00Z,2020-04-28T00:00:00Z,7676.1128238419997,7766.6897614970003,7651.2445337879999,7766.6897614970003,27154195067.9645,141335677928.53201,2020-04-27,2020-04-28,False,False
2020-04-28T00:00:00Z,2020-04-29T00:00:00Z,7772.739891966,7772.739891966,7668.7746973960002,7754.2224255580004,25836558088.101898,141607175628.194,2020-04-28,2020-04-29,False,False
2020-04-29T00:00:00Z,2020-04-30T00:00:00Z,7747.5102630130004,8878.8812338650005,7731.9599732930001,8759.7891903029995,34278610731.338501,150712446279.923,2020-04-29,2020-04-30,False,False
2020-04-30T00:00:00Z,2020-05-01T00:00:00Z,8756.4274163070004,9425.7983939210008,8476.1963383769998,8607.3298321179991,56288690521.042099,163081748451.06601,2020-04-30,2020-05-01,False,False
2020-05-01T00:00:00Z,2020-05-02T00:00:00Z,8629.2253975900003,9025.3797318230008,8629.2253975900003,8832.9812511300006,43425802327.728699,161118132981.491,2020-05-01,2020-05-02,False,False
2020-05-02T00:00:00Z,2020-05-03T00:00:00Z,8822.5620750260005,8992.528434762,8778.1748105170009,8974.922892482,34889762273.700699,162713195839.85101,2020-05-02,2020-05-03,False,False
2020-05-03T00:00:00Z,2020-05-04T00:00:00Z,8973.6835420980005,9157.8601506520008,8765.8179777460009,8894.3626748120005,36776322130.074997,164772116841.56799,2020-05-03,2020-05-04,False,False
2020-05-04T00:00:00Z,2020-05-05T00:00:00Z,8895.4013279600003,8933.9052200509996,8571.3617684380006,8883.3067811599994,35712348408.1483,160941962365.17899,2020-05-04,2020-05-05,False,False
2020-05-05T00:00:00Z,2020-05-06T00:00:00Z,8876.4013490390007,9060.0147392819999,8826.5447149350002,8967.9977042329992,34606031419.309998,163732155636.39401,2020-05-05,2020-05-06,False,False
2020-05-06T00:00:00Z,2020-05-07T00:00:00Z,9013.0458809520005,9353.2097467240001,8936.6889237970008,9198.2527008510006,37332792656.473503,167826777744.767,2020-05-06,2020-05-07,False,False
2020-05-07T00:00:00Z,2020-05-08T00:00:00Z,9170.3429309599996,9985.6922285239998,9086.6084555050002,9968.1052822279999,44195883977.583504,173692539733.18201,2020-05-07,2020-05-08,False,False
2020-05-08T00:00:00Z,2020-05-09T00:00:00Z,9943.6316750139995,9995.1806868050007,9753.7523180040007,9822.8856292300006,50787616033.860703,181977754701.74301,2020-05-08,2020-05-09,False,False
2020-05-09T00:00:00Z,2020-05-10T00:00:00Z,9814.4008174430001,9900.4315209319993,9559.7058943240008,9570.0059875490006,36759061346.2994,178685755695.60001,2020-05-09,2020-05-10,False,False
2020-05-10T00:00:00Z,2020-05-11T00:00:00Z,9554.2163768720002,9554.2163768720002,8388.9595553079998,8745.1525451920006,49096426545.4832,159826123151.79501,2020-05-10,2020-05-11,False,False
2020-05-11T00:00:00Z,2020-05-12T00:00:00Z,8747.339336473,9108.0357000109998,8303.3390592830001,8593.8564944640002,43551499511.743301,159916375004.24301,2020-05-11,2020-05-12,False,False
2020-05-12T00:00:00Z,2020-05-13T00:00:00Z,8583.6040452470006,8940.9564521039993,8566.7330281510003,8792.0637679449992,44269698682.5298,161057224632.45901,2020-05-12,2020-05-13,False,False
2020-05-13T00:00:00Z,2020-05-14T00:00:00Z,8804.9844681150007,9363.6476023790001,8804.9844681150007,9302.8965409949997,34610987892.586998,165909204204.79999,2020-05-13,2020-05-14,False,False
2020-05-14T00:00:00Z,2020-05-15T00:00:00Z,9298.0018419579992,9836.468002521,9273.4498908900005,9772.5615758259992,44963754585.065399,175679524322.36801,2020-05-14,2020-05-15,False,False
2020-05-15T00:00:00Z,2020-05-16T00:00:00Z,9772.4385566950004,9803.1302314999994,9240.4528773969996,9293.9721710859994,44345543412.008202,175071724313.22,2020-05-15,2020-05-16,False,False
2020-05-16T00:00:00Z,2020-05-17T00:00:00Z,9307.5617016960005,9556.3846056250004,9235.1242854920001,9380.4842192640008,35516301774.018898,172807069653.034,2020-05-16,2020-05-17,False,False
2020-05-17T00:00:00Z,2020-05-18T00:00:00Z,9383.5197505479991,9835.5761250110008,9349.1020589430009,9667.5783967379994,31980216368.502499,176741126353.66699,2020-05-17,2020-05-18,False,False
2020-05-18T00:00:00Z,2020-05-19T00:00:00Z,9672.109015684,9901.9630525030007,9563.1099657840005,9733.7391365889998,36680111315.176102,178660739472.80301,2020-05-18,2020-05-19,False,False
2020-05-19T00:00:00Z,2020-05-20T00:00:00Z,9724.5676363229995,9852.6254321960005,9518.7859935699998,9761.1787651129998,33953354776.591999,177791747575.09201,2020-05-19,2020-05-20,False,False
2020-05-20T00:00:00Z,2020-05-21T00:00:00Z,9769.8955449780005,9805.3003430780009,9441.1706455809999,9524.4340636710003,31304878616.171501,177817155456.89099,2020-05-20,2020-05-21,False,False
2020-05-21T00:00:00Z,2020-05-22T00:00:00Z,9519.329840978,9558.120910914,8859.7430959289995,9073.6930788909995,33726116883.189499,170759166081.34399,2020-05-21,2020-05-22,False,False
2020-05-22T00:00:00Z,2020-05-23T00:00:00Z,9059.871783777,9244.4594997210006,8973.5100508640007,9160.7054200549992,33446538580.7267,167804855732.367,2020-05-22,2020-05-23,False,False
2020-05-23T00:00:00Z,2020-05-24T00:00:00Z,9167.5485072650008,9294.0447215189997,9114.3980311710002,9180.5279967850001,26003317556.2491,169162360390.565,2020-05-23,2020-05-24,False,False
2020-05-24T00:00:00Z,2020-05-25T00:00:00Z,9178.7576416979991,9278.9618933820002,8791.7936851249997,8791.7936851249997,25780142754.701,167779073589.582,2020-05-24,2020-05-25,False,False
2020-05-25T00:00:00Z,2020-05-26T00:00:00Z,8765.9003902320001,8944.6830182289996,8708.1543577100001,8897.213209214,32589017640.776699,162281171647.31,2020-05-25,2020-05-26,False,False
2020-05-26T00:00:00Z,2020-05-27T00:00:00Z,8894.3274292459992,8985.2063862560008,8745.7307753820005,8850.3542000369998,29122854004.021,162995940997.90799,2020-05-26,2020-05-27,False,False
2020-05-27T00:00:00Z,2020-05-28T00:00:00Z,8855.9898294100003,9189.8685828060006,8846.7847430080001,9165.1446737009992,29023731426.993401,165951880765.01999,2020-05-27,2020-05-28,False,False
2020-05-28T00:00:00Z,2020-05-29T00:00:00Z,9177.5491699609993,9566.4653293529991,9123.6516704919995,9536.1593688960002,31339127072.1945,171065907364.54001,2020-05-28,2020-05-29,False,False
2020-05-29T00:00:00Z,2020-05-30T00:00:00Z,9540.9365043630005,9558.5572243679999,9374.9945956489992,9418.1338398869993,34433975805.111099,173820342654.98801,2020-05-29,2020-05-30,False,False
2020-05-30T00:00:00Z,2020-05-31T00:00:00Z,9415.670494725,9708.4640459860002,9351.3012170790007,9693.5524269939997,30240847830.5047,174986415571.422,2020-05-30,2020-05-31,False,False
2020-05-31T00:00:00Z,2020-06-01T00:00:00Z,9694.2734348480008,9694.2734348480008,9420.2597574060001,9449.8609140829994,30164673988.712799,175722350392.78299,2020-05-31,2020-06-01,False,False
2020-06-01T00:00:00Z,2020-06-02T00:00:00Z,9454.1055167249997,10232.617739519999,9433.5792024870007,10177.770353698001,27483501150.540199,176141805574.44101,2020-06-01,2020-06-02,False,False
2020-06-02T00:00:00Z,2020-06-03T00:00:00Z,10167.402716008,10174.000383287001,9396.4442670089993,9538.7278532220007,40117755689.735199,181818399958.91699,2020-06-02,2020-06-03,False,False
2020-06-03T00:00:00Z,2020-06-04T00:00:00Z,9542.7095066759994,9652.6290144840004,9454.8786780499995,9652.6290144840004,30774114397.0709,175715682277.901,2020-06-03,2020-06-04,False,False
2020-06-04T00:00:00Z,2020-06-05T00:00:00Z,9654.8554114830004,9854.8884717319997,9506.0485354259999,9803.9903057360007,24537394171.085602,178371603614.38699,2020-06-04,2020-06-05,False,False
2020-06-05T00:00:00Z,2020-06-06T00:00:00Z,9793.27132179,9836.1669941309992,9641.7206711359995,9641.9171746270003,25839305931.797001,179228721270.07501,2020-06-05,2020-06-06,False,False
2020-06-06T00:00:00Z,2020-06-07T00:00:00Z,9636.5703046880008,9723.0044587369994,9568.1548801490007,9662.3231053359996,21994182984.204601,177309062240.79199,2020-06-06,2020-06-07,False,False
2020-06-07T00:00:00Z,2020-06-08T00:00:00Z,9661.5683877779993,9769.2883748349996,9456.7364152390001,9742.5738224159995,19781866056.339401,177067750840.763,2020-06-07,2020-06-08,False,False
2020-06-08T00:00:00Z,2020-06-09T00:00:00Z,9747.8568074970008,9778.4031033009996,9667.0392567069994,9773.3015770679995,24804583214.652,178825923692.40701,2020-06-08,2020-06-09,False,False
2020-06-09T00:00:00Z,2020-06-10T00:00:00Z,9774.1339183830005,9841.1591970829995,9657.1772378219994,9769.869087608,22201874671.1619,178607649496.78799,2020-06-09,2020-06-10,False,False
2020-06-10T00:00:00Z,2020-06-11T00:00:00Z,9771.8209489919991,9966.9629412169998,9716.2194966839998,9864.5614131570001,21335294207.641899,179960228068.543,2020-06-10,2020-06-11,False,False
2020-06-11T00:00:00Z,2020-06-12T00:00:00Z,9864.1956780359997,9924.6569344229993,9257.3528552330008,9314.3781599970007,28078869432.744099,177655075928.211,2020-06-11,2020-06-12,False,False
2020-06-12T00:00:00Z,2020-06-13T00:00:00Z,9304.3994971459997,9538.6884277650006,9263.9978920419999,9460.3754845120002,28635953787.937698,173363490989.63501,2020-06-12,2020-06-13,False,False
2020-06-13T00:00:00Z,2020-06-14T00:00:00Z,9464.718260865,9472.8515205340009,9378.9106641310009,9463.8205293970004,18853236921.955299,173561923938.388,2020-06-13,2020-06-14,False,False
2020-06-14T00:00:00Z,2020-06-15T00:00:00Z,9470.194859489,9470.194859489,9295.7888215740004,9352.8456020640006,15802769087.108801,173240671689.186,2020-06-14,2020-06-15,False,False
2020-06-15T00:00:00Z,2020-06-16T00:00:00Z,9352.5125381409998,9485.4455047560004,8960.6670501179997,9421.6521799040001,24311638545.771198,170263310864.01501,2020-06-15,2020-06-16,False,False
2020-06-16T00:00:00Z,2020-06-17T00:00:00Z,9422.3054164090008,9566.2129372979998,9381.9844337689992,9520.4846807680005,24399990285.160198,174692752419.63699,2020-06-16,2020-06-17,False,False
2020-06-17T00:00:00Z,2020-06-18T00:00:00Z,9522.8809235280005,9540.0939206820003,9309.9530635270003,9463.4054930010007,18609541664.250999,173978886609.35501,2020-06-17,2020-06-18,False,False
2020-06-18T00:00:00Z,2020-06-19T00:00:00Z,9461.5195821439993,9461.9088233410002,9302.8844942849992,9401.5528933730002,18874354828.706902,173229521282.245,2020-06-18,2020-06-19,False,False
2020-06-19T00:00:00Z,2020-06-20T00:00:00Z,9393.8689246539998,9412.3527890320001,9263.2166351350006,9305.9018046929996,19527343337.2104,171951244630.53201,2020-06-19,2020-06-20,False,False
2020-06-20T00:00:00Z,2020-06-21T00:00:00Z,9316.2269959959995,9373.053281646,9252.7593731430006,9348.977142148,17932871013.468899,171291626097.59601,2020-06-20,2020-06-21,False,False
2020-06-21T00:00:00Z,2020-06-22T00:00:00Z,9351.8320004270008,9449.3088840740002,9289.8937998099991,9289.8937998099991,15448764609.546499,172135437281.79901,2020-06-21,2020-06-22,False,False
2020-06-22T00:00:00Z,2020-06-23T00:00:00Z,9295.5154565270004,9697.1751298290001,9290.8064761980004,9685.8452868549994,16669106171.763,174537836716.47601,2020-06-22,2020-06-23,False,False
2020-06-23T00:00:00Z,2020-06-24T00:00:00Z,9683.9336318099995,9712.3029312140006,9586.8037153549994,9614.9436060499993,19667576806.758301,177451081547.37399,2020-06-23,2020-06-24,False,False
2020-06-24T00:00:00Z,2020-06-25T00:00:00Z,9619.3102358270007,9664.0239075619993,9242.9543681579999,9289.303604875,18027557224.350101,174051689510.32501,2020-06-24,2020-06-25,False,False
2020-06-25T00:00:00Z,2020-06-26T00:00:00Z,9302.9412462550008,9324.5166862499991,9066.6018369270005,9254.7482959240006,21449477389.801601,170176296000.612,2020-06-25,2020-06-26,False,False
2020-06-26T00:00:00Z,2020-06-27T00:00:00Z,9253.7904418409998,9290.3365558490004,9075.259418353,9165.5035782359992,18745051955.674999,169288251679.474,2020-06-26,2020-06-27,False,False
2020-06-27T00:00:00Z,2020-06-28T00:00:00Z,9162.6178987460007,9191.4107478229998,8942.4261900090005,9014.2242719799997,16646055896.9674,167950056936.767,2020-06-27,2020-06-28,False,False
2020-06-28T00:00:00Z,2020-06-29T00:00:00Z,9014.4054325990001,9178.9574163439993,8961.2360066879992,9118.1175330440001,16823321855.415199,166863119578.069,2020-06-28,2020-06-29,False,False
2020-06-29T00:00:00Z,2020-06-30T00:00:00Z,9126.1199985389994,9219.3928137999992,9042.9333172740007,9180.1590263100006,14838631119.3678,167934859484.10199,2020-06-29,2020-06-30,False,False
2020-06-30T00:00:00Z,2020-07-01T00:00:00Z,9179.4111162139998,9190.7206805400001,9076.0596083180008,9145.5606070030008,15421116288.9767,168532494578.04999,2020-06-30,2020-07-01,False,False
2020-07-01T00:00:00Z,2020-07-02T00:00:00Z,9136.0402574569998,9283.1111447860003,9102.3588337010005,9225.6681614040008,15043273940.0408,169227695661.83401,2020-07-01,2020-07-02,False,False
2020-07-02T00:00:00Z,2020-07-03T00:00:00Z,9228.0828210439995,9253.2579373280005,8991.4661158639992,9084.0544793169993,16368750494.832701,168813597933.177,2020-07-02,2020-07-03,False,False
2020-07-03T00:00:00Z,2020-07-04T00:00:00Z,9081.5739789100007,9117.536880955,9059.7879362000003,9065.5779845300003,16093715203.200001,167474065004.79199,2020-07-03,2020-07-04,False,False
2020-07-04T00:00:00Z,2020-07-05T00:00:00Z,9069.8153857739999,9178.1391002090004,9053.8084889319998,9127.5184665409997,12619370983.194401,167429731224.07001,2020-07-04,2020-07-05,False,False
2020-07-05T00:00:00Z,2020-07-06T00:00:00Z,9131.4954584120005,9137.4473686990004,8957.5602998020004,9072.772592194,12978699502.854,166899354329.71799,2020-07-05,2020-07-06,False,False
2020-07-06T00:00:00Z,2020-07-07T00:00:00Z,9077.9423454530006,9342.5403157370001,9053.6556884220008,9342.5403157370001,16794093511.509199,169604879655.50699,2020-07-06,2020-07-07,False,False
2020-07-07T00:00:00Z,2020-07-08T00:00:00Z,9339.7153058519998,9363.3581541959993,9220.0375972580005,9252.3551797559994,17246307333.957199,170776445833.58899,2020-07-07,2020-07-08,False,False
2020-07-08T00:00:00Z,2020-07-09T00:00:00Z,9257.3711722469998,9453.3769472109998,9241.3402296540007,9420.3501545870004,16333234232.4391,172116575807.64401,2020-07-08,2020-07-09,False,False
2020-07-09T00:00:00Z,2020-07-10T00:00:00Z,9428.6060136060005,9429.3901474520007,9201.8011680389991,9240.3661757249993,17978271912.031101,171942322550.18201,2020-07-09,2020-07-10,False,False
2020-07-10T00:00:00Z,2020-07-11T00:00:00Z,9239.7461479020003,9288.712670338,9141.2715063720007,9278.4477342350001,16354705418.0814,169589057281.64401,2020-07-10,2020-07-11,False,False
2020-07-11T00:00:00Z,2020-07-12T00:00:00Z,9276.5800571920008,9283.6199957829995,9195.588708669,9231.3201004910006,13061147820.357201,170216321880.004,2020-07-11,2020-07-12,False,False
2020-07-12T00:00:00Z,2020-07-13T00:00:00Z,9230.9799370740002,9313.2563440169997,9187.8615665529996,9286.7260848690003,11952544232.061501,170437661039.54599,2020-07-12,2020-07-13,False,False
2020-07-13T00:00:00Z,2020-07-14T00:00:00Z,9297.1373984990005,9320.4563577909994,9217.6095151999998,9247.1078254830009,14936740773.710199,171003296255.53299,2020-07-13,2020-07-14,False,False
2020-07-14T00:00:00Z,2020-07-15T00:00:00Z,9242.6396869359996,9273.1103433459994,9155.1001779420003,9254.2044737699998,16272167655.737499,170007187866.19199,2020-07-14,2020-07-15,False,False
2020-07-15T00:00:00Z,2020-07-16T00:00:00Z,9253.7214505569991,9269.7049712200005,9182.0484440309992,9206.7648380480005,14662526150.2339,170079990853.28699,2020-07-15,2020-07-16,False,False
2020-07-16T00:00:00Z,2020-07-17T00:00:00Z,9200.6487546499993,9220.8285753910004,9058.9206216740004,9137.2392033529995,16582669314.765699,168514199418.17899,2020-07-16,2020-07-17,False,False
2020-07-17T00:00:00Z,2020-07-18T00:00:00Z,9135.1062441829999,9176.8015800100002,9094.5059480189993,9155.7733552579994,15270491655.546,168468973413.25201,2020-07-17,2020-07-18,False,False
2020-07-18T00:00:00Z,2020-07-19T00:00:00Z,9156.4273774049998,9196.2300681069992,9129.3750553200007,9170.8026806270009,12785910296.406099,168882482359.43201,2020-07-18,2020-07-19,False,False
2020-07-19T00:00:00Z,2020-07-20T00:00:00Z,9169.9522061749994,9213.2850538660005,9119.5338132380002,9207.8169958889994,11947063843.278799,168778549974.802,2020-07-19,2020-07-20,False,False
2020-07-20T00:00:00Z,2020-07-21T00:00:00Z,9207.2932603509998,9212.380925894,9151.4865805440004,9164.0697885410009,13940188804.003599,169211575088.629,2020-07-20,2020-07-21,False,False
2020-07-21T00:00:00Z,2020-07-22T00:00:00Z,9162.1796879779995,9419.400449703,9160.2409882459997,9385.174346234,18926176904.5257,171487341825.79501,2020-07-21,2020-07-22,False,False
2020-07-22T00:00:00Z,2020-07-23T00:00:00Z,9384.6372803009999,9524.3215724469992,9306.7233294859998,9518.9010221490007,19256793736.380001,172605073940.353,2020-07-22,2020-07-23,False,False
2020-07-23T00:00:00Z,2020-07-24T00:00:00Z,9523.6580365249993,9627.1690186579999,9474.5805622690004,9592.9633040379995,23101832608.0648,175708055735.89401,2020-07-23,2020-07-24,False,False
2020-07-24T00:00:00Z,2020-07-25T00:00:00Z,9600.6115397640006,9629.0708584309996,9477.7221551120001,9545.0466291079993,22466772026.6395,176100044830.858,2020-07-24,2020-07-25,False,False
2020-07-25T00:00:00Z,2020-07-26T00:00:00Z,9547.4941773570008,9716.6057235959997,9534.5821557140007,9686.1207160800004,21037125903.818401,177235876016.737,2020-07-25,2020-07-26,False,False
2020-07-26T00:00:00Z,2020-07-27T00:00:00Z,9697.5151586680004,10073.225302377999,9652.9139978259991,9917.3594738930005,28010517868.526402,181128830062.12299,2020-07-26,2020-07-27,False,False
2020-07-27T00:00:00Z,2020-07-28T00:00:00Z,9921.9220954930006,11339.802964562001,9920.0035233119997,10996.536599024001,42213334217.123299,191974092890.47299,2020-07-27,2020-07-28,False,False
2020-07-28T00:00:00Z,2020-07-29T00:00:00Z,11016.823968704,11204.309261820001,10644.973897976,10895.733957139,63042796645.3414,202236990314.961,2020-07-28,2020-07-29,False,False
2020-07-29T00:00:00Z,2020-07-30T00:00:00Z,10905.328257282999,11282.250867516999,10839.390923616,11073.297879588999,39989495152.793503,204223624325.271,2020-07-29,2020-07-30,False,False
2020-07-30T00:00:00Z,2020-07-31T00:00:00Z,11084.616889704001,11157.271938383001,10894.505785672,11109.23106292,36055471756.476601,203287249280.767,2020-07-30,2020-07-31,False,False
2020-07-31T00:00:00Z,2020-08-01T00:00:00Z,11100.383358723,11425.720229749,10978.05278115,11334.585465489999,32449292482.920799,206321493648.37,2020-07-31,2020-08-01,False,False
2020-08-01T00:00:00Z,2020-08-02T00:00:00Z,11336.032192675,11848.394506952,11243.913287959,11800.389870165,41384071141.678001,213902838533.16,2020-08-01,2020-08-02,False,False
2020-08-02T00:00:00Z,2020-08-03T00:00:00Z,11797.816325549,12078.658121818,10983.149379365001,11073.607655717,52188598140.9459,209079136871.18799,2020-08-02,2020-08-03,False,False
2020-08-03T00:00:00Z,2020-08-04T00:00:00Z,11070.059688711,11465.339587039,10998.679726189001,11246.255476836999,35112734940.511299,207580399210.98099,2020-08-03,2020-08-04,False,False
2020-08-04T00:00:00Z,2020-08-05T00:00:00Z,11228.303771319999,11391.633522431001,11075.230214630001,11194.554614508999,33863638681.677101,207438823629.63599,2020-08-04,2020-08-05,False,False
2020-08-05T00:00:00Z,2020-08-06T00:00:00Z,11196.177622179999,11769.269605624,11133.728519023,11732.927950313,31972193671.7271,211293357710.87601,2020-08-05,2020-08-06,False,False
2020-08-06T00:00:00Z,2020-08-07T00:00:00Z,11738.742931047,11895.071833471,11574.343817905999,11780.285372344,37150220757.464996,216738012059.806,2020-08-06,2020-08-07,False,False
2020-08-07T00:00:00Z,2020-08-08T00:00:00Z,11777.538369034,11885.863153392,11392.409655418,11583.159273747,34481886917.363701,216166488274.90701,2020-08-07,2020-08-08,False,False
2020-08-08T00:00:00Z,2020-08-09T00:00:00Z,11592.016894437,11802.13589632,11541.270301023,11728.585226911,31999650196.172699,215438751399.86801,2020-08-08,2020-08-09,False,False
2020-08-09T00:00:00Z,2020-08-10T00:00:00Z,11758.323338153001,11784.905447867999,11539.762593547999,11648.083166166,27135096720.0998,215278340523.578,2020-08-09,2020-08-10,False,False
2020-08-10T00:00:00Z,2020-08-11T00:00:00Z,11666.673083738,12031.870652052001,11666.673083738,11867.866490683,36150631837.610703,219302265535.03201,2020-08-10,2020-08-11,False,False
2020-08-11T00:00:00Z,2020-08-12T00:00:00Z,11885.451397024,11927.491912685,11185.182121575999,11395.405816094,37908458366.059097,214723636951.70401,2020-08-11,2020-08-12,False,False
2020-08-12T00:00:00Z,2020-08-13T00:00:00Z,11397.039450146,11607.740818595001,11238.647352159,11576.814266862,42464680750.606598,211560773190.07501,2020-08-12,2020-08-13,False,False
2020-08-13T00:00:00Z,2020-08-14T00:00:00Z,11567.066722510999,11773.088455502,11301.370139918001,11763.009141033999,35020081227.880096,213109715698.478,2020-08-13,2020-08-14,False,False
2020-08-14T00:00:00Z,2020-08-15T00:00:00Z,11765.965453459999,11830.530275556999,11657.287583797999,11742.876373855999,37984318894.680099,216718826119.05899,2020-08-14,2020-08-15,False,False
2020-08-15T00:00:00Z,2020-08-16T00:00:00Z,11755.708157765999,11966.488278236,11755.708157765999,11865.383052744,31579519762.251301,219092295047.44699,2020-08-15,2020-08-16,False,False
2020-08-16T00:00:00Z,2020-08-17T00:00:00Z,11857.113343102999,11912.908055211999,11706.352598874,11892.68092121,27103038829.146099,218601707688.96701,2020-08-16,2020-08-17,False,False
2020-08-17T00:00:00Z,2020-08-18T00:00:00Z,11892.992797819001,12394.345021042,11787.626097961,12285.936628883999,29928688831.4063,222199281267.302,2020-08-17,2020-08-18,False,False
2020-08-18T00:00:00Z,2020-08-19T00:00:00Z,12272.578629903999,12364.515862013001,11892.030440813,11961.994599784,42796629888.699303,224500807943.603,2020-08-18,2020-08-19,False,False
2020-08-19T00:00:00Z,2020-08-20T00:00:00Z,11969.194370738,12007.453785903999,11638.94294719,11732.405565665,40374416080.835899,217876175357.21301,2020-08-19,2020-08-20,False,False
2020-08-20T00:00:00Z,2020-08-21T00:00:00Z,11742.526098423001,11878.737598780999,11689.236035587001,11866.595191214001,33930368813.690498,217781876318.685,2020-08-20,2020-08-21,False,False
2020-08-21T00:00:00Z,2020-08-22T00:00:00Z,11855.744857782,11874.021688888,11511.718101402999,11530.919234184999,31263106135.312801,216936115830.44101,2020-08-21,2020-08-22,False,False
2020-08-22T00:00:00Z,2020-08-23T00:00:00Z,11534.753087278999,11687.658399784001,11403.802019905001,11681.157926010001,34813826010.136497,213530755733.42801,2020-08-22,2020-08-23,False,False
2020-08-23T00:00:00Z,2020-08-24T00:00:00Z,11680.516312202,11707.263444938,11537.632616372999,11653.407286706,25832518308.662399,214622667029.49799,2020-08-23,2020-08-24,False,False
2020-08-24T00:00:00Z,2020-08-25T00:00:00Z,11648.112342376,11822.060146586,11601.430913812001,11763.761713067999,27473249747.710999,216678337890.02301,2020-08-24,2020-08-25,False,False
2020-08-25T00:00:00Z,2020-08-26T00:00:00Z,11756.697839883,11761.360445300001,11166.884229560001,11361.554816121999,31693401988.6861,212634135184.423,2020-08-25,2020-08-26,False,False
2020-08-26T00:00:00Z,2020-08-27T00:00:00Z,11338.908192941,11519.647238246,11275.789326675,11463.567970251999,36827771241.809898,210613286486.384,2020-08-26,2020-08-27,False,False
2020-08-27T00:00:00Z,2020-08-28T00:00:00Z,11462.852017346,11549.168639402,11188.793220386,11311.240202114001,32828842214.215099,209653734745.60699,2020-08-27,2020-08-28,False,False
2020-08-28T00:00:00Z,2020-08-29T00:00:00Z,11320.184264047,11504.097677571001,11290.095889202001,11496.830217387,32588672017.065701,211036707877.26099,2020-08-28,2020-08-29,False,False
2020-08-29T00:00:00Z,2020-08-30T00:00:00Z,11502.402891201,11551.262488124001,11437.270815301001,11485.101567395001,24334715746.6656,212233299545.354,2020-08-29,2020-08-30,False,False
2020-08-30T00:00:00Z,2020-08-31T00:00:00Z,11471.661267574,11704.635235420001,11468.275352438999,11697.794368445,25043705473.359001,214429322463.5,2020-08-30,2020-08-31,False,False
2020-08-31T00:00:00Z,2020-09-01T00:00:00Z,11715.379855157,11764.463114918,11578.522318313,11655.998698678,28817684113.3876,215789549308.064,2020-08-31,2020-09-01,False,False
2020-09-01T00:00:00Z,2020-09-02T00:00:00Z,11650.160999794,12044.02118838,11551.451658336,11921.754916292,36030623507.373901,219184566363.103,2020-09-01,2020-09-02,False,False
2020-09-02T00:00:00Z,2020-09-03T00:00:00Z,11924.492570654,11945.582651837,11231.679496729999,11399.148968018,40828722689.695999,213802951608.03699,2020-09-02,2020-09-03,False,False
2020-09-03T00:00:00Z,2020-09-04T00:00:00Z,11388.867878174,11435.020123456001,10103.862176103999,10215.669958644999,41460895659.594498,203871519785.94699,2020-09-03,2020-09-04,False,False
2020-09-04T00:00:00Z,2020-09-05T00:00:00Z,10158.236884223999,10602.968795159,10108.684939321,10473.519453043,51279765458.535103,191811080129.69,2020-09-04,2020-09-05,False,False
2020-09-05T00:00:00Z,2020-09-06T00:00:00Z,10448.690166222999,10547.916974341,9902.9775288109995,10129.786654306001,47745079004.7677,189709036351.37601,2020-09-05,2020-09-06,False,False
2020-09-06T00:00:00Z,2020-09-07T00:00:00Z,10170.035547011001,10339.13787418,9998.0607034229997,10257.229742702,56682146859.298698,188480626407.75601,2020-09-06,2020-09-07,False,False
2020-09-07T00:00:00Z,2020-09-08T00:00:00Z,10248.393996744,10392.073189199,9896.3018014469999,10356.444382971,41532337191.218498,187748825397.534,2020-09-07,2020-09-08,False,False
2020-09-08T00:00:00Z,2020-09-09T00:00:00Z,10373.819673671,10397.842526217,9893.7380575789994,10112.206366255999,40939773951.8283,187507101788.04901,2020-09-08,2020-09-09,False,False
2020-09-09T00:00:00Z,2020-09-10T00:00:00Z,10116.665555576999,10335.324719057,9983.509539052,10214.154374649999,37822798641.018204,188204222607.763,2020-09-09,2020-09-10,False,False
2020-09-10T00:00:00Z,2020-09-11T00:00:00Z,10222.607116174,10464.140794506,10222.607116174,10334.638647185,32645377052.380901,190999091019.74799,2020-09-10,2020-09-11,False,False
2020-09-11T00:00:00Z,2020-09-12T00:00:00Z,10336.832477149001,10386.960059360001,10215.871866891001,10374.778150971,32078835059.697102,190370332139.12701,2020-09-11,2020-09-12,False,False
2020-09-12T00:00:00Z,2020-09-13T00:00:00Z,10385.229624919,10476.97009882,10275.987112159,10438.377392779999,27091848643.130501,191680565611.28299,2020-09-12,2020-09-13,False,False
2020-09-13T00:00:00Z,2020-09-14T00:00:00Z,10441.288022204,10558.520969716999,10218.636885809001,10315.666411066,28367164217.130402,192127881478.099,2020-09-13,2020-09-14,False,False
2020-09-14T00:00:00Z,2020-09-15T00:00:00Z,10327.098000193,10737.483586635,10252.702899764001,10665.113719053001,31933742977.118,194196335567.504,2020-09-14,2020-09-15,False,False
2020-09-15T00:00:00Z,2020-09-16T00:00:00Z,10671.462234795001,10926.458731416,10637.487731928,10782.99980322,36621455087.985001,199132248074.603,2020-09-15,2020-09-16,False,False
2020-09-16T00:00:00Z,2020-09-17T00:00:00Z,10782.041277234999,11079.289955111,10675.817591204999,10946.921228691999,38086295936.335098,201366679797.461,2020-09-16,2020-09-17,False,False
2020-09-17T00:00:00Z,2020-09-18T00:00:00Z,10943.450985538,11036.74463961,10767.361964834001,10934.419674311001,38373393891.399803,201350751779.82199,2020-09-17,2020-09-18,False,False
2020-09-18T00:00:00Z,2020-09-19T00:00:00Z,10939.784675647999,11018.743956734001,10821.367226748,10916.970917053,33299227979.8302,201992991337.57599,2020-09-18,2020-09-19,False,False
2020-09-19T00:00:00Z,2020-09-20T00:00:00Z,10933.952567389,11139.965954687001,10892.869243458999,11076.850892877999,29847423554.188099,203594887334.84698,2020-09-19,2020-09-20,False,False
2020-09-20T00:00:00Z,2020-09-21T00:00:00Z,11083.428565628001,11083.428565628001,10779.619326366999,10914.687407947,27984393947.678101,201893765074.58301,2020-09-20,2020-09-21,False,False
2020-09-21T00:00:00Z,2020-09-22T00:00:00Z,10920.987708412,10982.259479574001,10349.492477760001,10427.87773384,32049045619.8885,197524615883.104,2020-09-21,2020-09-22,False,False
2020-09-22T00:00:00Z,2020-09-23T00:00:00Z,10415.099656746001,10557.444927881001,10365.734692215001,10531.351535285999,31760586510.955799,193612405817.50101,2020-09-22,2020-09-23,False,False
2020-09-23T00:00:00Z,2020-09-24T00:00:00Z,10529.278889306001,10530.332328559,10180.505865872001,10231.051311501,24341912905.562099,192973686929.94901,2020-09-23,2020-09-24,False,False
2020-09-24T00:00:00Z,2020-09-25T00:00:00Z,10233.353551861001,10763.753730140999,10219.333956901,10731.532396807999,28632863994.685001,193160151426.65601,2020-09-24,2020-09-25,False,False
2020-09-25T00:00:00Z,2020-09-26T00:00:00Z,10734.536108508,10747.708065831999,10567.237308721,10683.395234217,27637879181.215,197360295367.14999,2020-09-25,2020-09-26,False,False
2020-09-26T00:00:00Z,2020-09-27T00:00:00Z,10685.945175407,10769.907328673,10653.131775757,10739.742577528999,22140813155.504601,198168996917.27802,2020-09-26,2020-09-27,False,False
2020-09-27T00:00:00Z,2020-09-28T00:00:00Z,10729.819960376,10794.712348307001,10620.55817204,10766.522449087999,19197868192.359001,198230862185,2020-09-27,2020-09-28,False,False
2020-09-28T00:00:00Z,2020-09-29T00:00:00Z,10774.254373833,10937.007798492001,10699.633719153,10702.472833045,22685381479.705002,201247059797.85501,2020-09-28,2020-09-29,False,False
2020-09-29T00:00:00Z,2020-09-30T00:00:00Z,10692.352301853,10855.716137048999,10652.236132304,10839.962683468,23902695206.731098,198551103778.672,2020-09-29,2020-09-30,False,False
2020-09-30T00:00:00Z,2020-10-01T00:00:00Z,10840.600465445001,10843.68932657,10668.735161548,10766.814094563,22225613190.0891,198798360069.81,2020-09-30,2020-10-01,False,False
2020-10-01T00:00:00Z,2020-10-02T00:00:00Z,10777.14188193,10903.287513843999,10472.415389694001,10614.303326871001,23740107473.443699,199013390077.453,2020-10-01,2020-10-02,False,False
2020-10-02T00:00:00Z,2020-10-03T00:00:00Z,10621.707590071999,10662.01398036,10413.940889279,10566.494383933001,28608315279.562401,194792345004.85999,2020-10-02,2020-10-03,False,False
2020-10-03T00:00:00Z,2020-10-04T00:00:00Z,10570.3669008,10593.702973227,10501.486144013001,10541.32189207,20391901419.668598,195151108986.78799,2020-10-03,2020-10-04,False,False
2020-10-04T00:00:00Z,2020-10-05T00:00:00Z,10542.058432858001,10684.270999744,10524.731279637001,10665.698551048999,15472962156.7495,196195661643.79501,2020-10-04,2020-10-05,False,False
2020-10-05T00:00:00Z,2020-10-06T00:00:00Z,10667.057547703,10784.67081854,10629.995139918001,10784.67081854,18073068400.641899,198061224066.40799,2020-10-05,2020-10-06,False,False
2020-10-06T00:00:00Z,2020-10-07T00:00:00Z,10788.032090117,10792.260377989,10536.776390174,10604.446854354999,19914334722.337002,198030505841.418,2020-10-06,2020-10-07,False,False
2020-10-07T00:00:00Z,2020-10-08T00:00:00Z,10602.399002304001,10679.027904549999,10567.965459143999,10665.252260679001,20562068864.540298,196530345918.35199,2020-10-07,2020-10-08,False,False
2020-10-08T00:00:00Z,2020-10-09T00:00:00Z,10670.215540269,10931.023279932,10554.550295531,10898.551843619,18775481110.702202,198619252012.85101,2020-10-08,2020-10-09,False,False
2020-10-09T00:00:00Z,2020-10-10T00:00:00Z,10920.198990254999,11101.815678241999,10841.660814929999,11066.190869882001,23417400425.568001,203184007851.05801,2020-10-09,2020-10-10,False,False
2020-10-10T00:00:00Z,2020-10-11T00:00:00Z,11050.675887511999,11463.743640155,11050.675887511999,11294.994190302001,23905936788.754501,209734341242.70099,2020-10-10,2020-10-11,False,False
2020-10-11T00:00:00Z,2020-10-12T00:00:00Z,11294.712927937,11429.451339051,11279.862578901,11376.435109896,18400993816.976299,210284916214.81699,2020-10-11,2020-10-12,False,False
2020-10-12T00:00:00Z,2020-10-13T00:00:00Z,11369.010052727001,11696.482701892,11245.106890736,11544.137639625,21028934723.0312,211837518482.52701,2020-10-12,2020-10-13,False,False
2020-10-13T00:00:00Z,2020-10-14T00:00:00Z,11531.360287501,11542.293836596,11324.197128690999,11423.480015091,27767799953.7061,211938062475.14401,2020-10-13,2020-10-14,False,False
2020-10-14T00:00:00Z,2020-10-15T00:00:00Z,11422.024201063001,11544.578698772,11292.511892291001,11426.367479344,22671063126.893101,211064738669.40601,2020-10-14,2020-10-15,False,False
2020-10-15T00:00:00Z,2020-10-16T00:00:00Z,11417.105463767,11573.553664506,11291.765080966001,11492.615897338001,23046051336.079102,211240903137.58401,2020-10-15,2020-10-16,False,False
2020-10-16T00:00:00Z,2020-10-17T00:00:00Z,11498.950040832,11539.220687876999,11234.819023931001,11312.662784186999,25895236932.838699,210346030915.73901,2020-10-16,2020-10-17,False,False
2020-10-17T00:00:00Z,2020-10-18T00:00:00Z,11316.374413365,11386.519670632,11278.311545193001,11368.484736962,18609745832.2742,209973844655.375,2020-10-17,2020-10-18,False,False
2020-10-18T00:00:00Z,2020-10-19T00:00:00Z,11358.127960305999,11490.015808249,11349.941714455999,11490.015808249,15237087835.4062,211547198368.242,2020-10-18,2020-10-19,False,False
2020-10-19T00:00:00Z,2020-10-20T00:00:00Z,11500.032381833,11799.991170623,11420.516174237,11748.376783365,18200393175.515099,214382343089.30301,2020-10-19,2020-10-20,False,False
2020-10-20T00:00:00Z,2020-10-21T00:00:00Z,11751.373870164,12004.208235423999,11696.289357277999,11910.242112809001,26904815394.834301,219245674076.90601,2020-10-20,2020-10-21,False,False
2020-10-21T00:00:00Z,2020-10-22T00:00:00Z,11908.741437109,13190.093701222,11891.811346113,12808.795951863,38524738667.9235,230398925866.80701,2020-10-21,2020-10-22,False,False
2020-10-22T00:00:00Z,2020-10-23T00:00:00Z,12799.953004596,13162.648280435,12698.499309463001,12958.537189204,44415617058.034103,239244404696.41599,2020-10-22,2020-10-23,False,False
2020-10-23T00:00:00Z,2020-10-24T00:00:00Z,12964.757291174999,13014.063168254001,12740.006144020001,12929.022175701,32656688931.6492,239378934757.29099,2020-10-23,2020-10-24,False,False
2020-10-24T00:00:00Z,2020-10-25T00:00:00Z,12929.781613192999,13139.417631238999,12869.964614238001,13117.174729466,22616597577.987701,241080144140.20499,2020-10-24,2020-10-25,False,False
2020-10-25T00:00:00Z,2020-10-26T00:00:00Z,13115.294062256,13327.975490285,12915.832170488,13020.811715895999,23616907117.363098,241630988925.64001,2020-10-25,2020-10-26,False,False
2020-10-26T00:00:00Z,2020-10-27T00:00:00Z,13022.015623294001,13215.246307023001,12821.645820653001,13065.536025938,23955461477.269798,241914487368.10999,2020-10-26,2020-10-27,False,False
2020-10-27T00:00:00Z,2020-10-28T00:00:00Z,13057.489332143999,13775.681647134001,13057.489332143999,13651.54050526,32537705770.876202,247385893170.58401,2020-10-27,2020-10-28,False,False
2020-10-28T00:00:00Z,2020-10-29T00:00:00Z,13639.746153222,13837.306744367999,12960.025985765,13275.481261315001,40460863642.233498,249011575352.039,2020-10-28,2020-10-29,False,False
2020-10-29T00:00:00Z,2020-10-30T00:00:00Z,13276.349224381,13629.991957156,12987.72993908,13443.531522235,35824326414.729897,246797158758.76501,2020-10-29,2020-10-30,False,False
2020-10-30T00:00:00Z,2020-10-31T00:00:00Z,13456.609309997,13661.960099166999,13151.416225458999,13568.837248108,35824994060.335602,248695600092.56,2020-10-30,2020-10-31,False,False
2020-10-31T00:00:00Z,2020-11-01T00:00:00Z,13554.960433884,13984.749251489,13431.717613355,13795.526547596,32985934324.8396,254384806361.327,2020-10-31,2020-11-01,False,False
2020-11-01T00:00:00Z,2020-11-02T00:00:00Z,13794.548579995,13881.86907219,13629.063928135,13735.006857626,27500088064.669498,254930532220.35901,2020-11-01,2020-11-02,False,False
2020-11-02T00:00:00Z,2020-11-03T00:00:00Z,13760.888840264,13826.961490535999,13269.505306607,13576.968475842999,28341039633.3689,251772697765.86099,2020-11-02,2020-11-03,False,False
2020-11-03T00:00:00Z,2020-11-04T00:00:00Z,13556.446654126001,14034.321131344001,13304.122320606,13973.248876644,31957453140.123402,252079847197.625,2020-11-03,2020-11-04,False,False
2020-11-04T00:00:00Z,2020-11-05T00:00:00Z,14017.051388679,14212.511632162999,13589.969148761,14132.96094433,36787608742.723,257381109205.72299,2020-11-04,2020-11-05,False,False
2020-11-05T00:00:00Z,2020-11-06T00:00:00Z,14140.354542161,15710.756207541999,14100.780242686,15558.525408402,45894350397.810799,272633809887.83701,2020-11-05,2020-11-06,False,False
2020-11-06T00:00:00Z,2020-11-07T00:00:00Z,15589.384002602001,15922.325592996,15204.987932447,15547.052549124001,64505570471.967598,288455228523.34302,2020-11-06,2020-11-07,False,False
2020-11-07T00:00:00Z,2020-11-08T00:00:00Z,15568.616616084,15741.754861879999,14448.630728464999,14821.983251776999,43966023319.821899,284108062641.75598,2020-11-07,2020-11-08,False,False
2020-11-08T00:00:00Z,2020-11-09T00:00:00Z,14815.051319972001,15613.433272935001,14748.256936569,15499.081293284,44191246290.484398,281457720322.224,2020-11-08,2020-11-09,False,False
2020-11-09T00:00:00Z,2020-11-10T00:00:00Z,15478.313162689001,15798.201003642,14836.543568077999,15326.156847868,39301152286.424797,284840712675.19897,2020-11-09,2020-11-10,False,False
2020-11-10T00:00:00Z,2020-11-11T00:00:00Z,15313.694553525,15429.005972833,15104.414981968999,15280.16349114,42038978766.008301,283781645786.37299,2020-11-10,2020-11-11,False,False
2020-11-11T00:00:00Z,2020-11-12T00:00:00Z,15297.959969809999,15949.504404586,15282.011824355999,15687.480248155,34076621281.513,288682936493.89502,2020-11-11,2020-11-12,False,False
2020-11-12T00:00:00Z,2020-11-13T00:00:00Z,15691.609029632,16299.943642832999,15492.641331258001,16279.270538159,42629399358.638603,294819304889.72302,2020-11-12,2020-11-13,False,False
2020-11-13T00:00:00Z,2020-11-14T00:00:00Z,16297.187308656999,16463.293772255998,15984.115886145,16316.137259339001,46113488949.943001,301643276630.32501,2020-11-13,2020-11-14,False,False
2020-11-14T00:00:00Z,2020-11-15T00:00:00Z,16320.047202877,16320.047202877,15725.309160913999,16083.588047601999,36181426857.155899,296890514838.03101,2020-11-14,2020-11-15,False,False
2020-11-15T00:00:00Z,2020-11-16T00:00:00Z,16068.098174684001,16131.798573710999,15796.54343862,15961.345788389999,31319340855.486801,296296699173.90601,2020-11-15,2020-11-16,False,False
2020-11-16T00:00:00Z,2020-11-17T00:00:00Z,15948.492682357,16842.984015705999,15884.875380719999,16725.110727362,32816346805.621399,303249393769.39099,2020-11-16,2020-11-17,False,False
2020-11-17T00:00:00Z,2020-11-18T00:00:00Z,16703.980983877998,17829.764716014,16577.525090456998,17683.759275981,45999622881.280899,316502527418.30701,2020-11-17,2020-11-18,False,False
2020-11-18T00:00:00Z,2020-11-19T00:00:00Z,17664.951637794999,18475.035135982998,17395.811764732,17827.839147465998,72012568910.562805,331419792599.43799,2020-11-18,2020-11-19,False,False
2020-11-19T00:00:00Z,2020-11-20T00:00:00Z,17769.081098983999,18139.036177408001,17395.282348173001,17806.276919319,61088362075.888702,330660347306.19702,2020-11-19,2020-11-20,False,False
2020-11-20T00:00:00Z,2020-11-21T00:00:00Z,17799.981883673001,18798.614588928001,17763.988551961,18641.285031419,51247577103.926697,339782497230.51898,2020-11-20,2020-11-21,False,False
2020-11-21T00:00:00Z,2020-11-22T00:00:00Z,18665.474201417001,18956.343147324998,18478.416523698001,18709.057380819999,51342425635.767601,346810483009.71997,2020-11-21,2020-11-22,False,False
2020-11-22T00:00:00Z,2020-11-23T00:00:00Z,18673.990470469002,18740.898903377001,17648.898807899001,18413.526967350001,51842917681.286201,341719648443.33301,2020-11-22,2020-11-23,False,False
2020-11-23T00:00:00Z,2020-11-24T00:00:00Z,18400.416213361001,18750.758655205002,18032.684212936001,18374.452581293001,56013957456.034599,341944154690.56403,2020-11-23,2020-11-24,False,False
2020-11-24T00:00:00Z,2020-11-25T00:00:00Z,18383.260531659002,19412.494296575001,18042.082974003999,19121.511413257002,65582487334.329102,349606772372.26001,2020-11-24,2020-11-25,False,False
2020-11-25T00:00:00Z,2020-11-26T00:00:00Z,19151.452512233001,19461.568641657999,18547.979034051001,18770.202102023999,66020446070.152603,353357152750.164,2020-11-25,2020-11-26,False,False
2020-11-26T00:00:00Z,2020-11-27T00:00:00Z,18736.048866345998,18911.148774185,16290.953384122,17072.810341953002,76574550473.945099,322683382857.04797,2020-11-26,2020-11-27,False,False
2020-11-27T00:00:00Z,2020-11-28T00:00:00Z,17157.384114714001,17419.958076122999,16487.301507562999,17076.842021809,66090936294.6595,315076279273.935,2020-11-27,2020-11-28,False,False
2020-11-28T00:00:00Z,2020-11-29T00:00:00Z,17133.441135915,17846.943770415,16877.451531342002,17707.715790132999,40948231069.951698,320959715771.88202,2020-11-28,2020-11-29,False,False
2020-11-29T00:00:00Z,2020-11-30T00:00:00Z,17725.686439673998,18309.851983355002,17549.51547626,18162.123474769,39169112135.100403,333623131271.31598,2020-11-29,2020-11-30,False,False
2020-11-30T00:00:00Z,2020-12-01T00:00:00Z,18181.615199898999,19802.678916793,18181.615199898999,19721.874730214,47907519457.7285,350768118966.71997,2020-11-30,2020-12-01,False,False
2020-12-01T00:00:00Z,2020-12-02T00:00:00Z,19692.233922332001,19877.368317355998,18338.560347128001,18855.043740295001,68651048241.232201,357418673134.34302,2020-12-01,2020-12-02,False,False
2020-12-02T00:00:00Z,2020-12-03T00:00:00Z,18756.509652358,19330.508182510999,18356.075312073001,19201.276130857001,64736169956.759102,351583352343.09998,2020-12-02,2020-12-03,False,False
2020-12-03T00:00:00Z,2020-12-04T00:00:00Z,19217.923079201999,19587.145690129,18909.027573004001,19427.954959949999,45460478689.586098,357548224634.56702,2020-12-03,2020-12-04,False,False
2020-12-04T00:00:00Z,2020-12-05T00:00:00Z,19430.848422085,19510.639948124001,18643.370271104999,18737.192660312001,42711852976.522598,354653480586.11603,2020-12-04,2020-12-05,False,False
2020-12-05T00:00:00Z,2020-12-06T00:00:00Z,18660.486213046999,19167.433320893,18560.029882503,19127.656824482001,43493402326.586601,352394017893.12701,2020-12-05,2020-12-06,False,False
2020-12-06T00:00:00Z,2020-12-07T00:00:00Z,19153.421243257999,19374.851388494,18891.567772225,19336.692554650999,31248872995.053799,355303487880.76001,2020-12-06,2020-12-07,False,False
2020-12-07T00:00:00Z,2020-12-08T00:00:00Z,19363.531815530001,19403.803149875999,18940.871913412,19190.037781381001,33514897152.721298,356357579476.03998,2020-12-07,2020-12-08,False,False
2020-12-08T00:00:00Z,2020-12-09T00:00:00Z,19169.816020353999,19268.377649288999,18279.488207537001,18325.054202865002,36072867923.536797,351716110113.32501,2020-12-08,2020-12-09,False,False
2020-12-09T00:00:00Z,2020-12-10T00:00:00Z,18328.891767199999,18624.633202135999,17656.943459075999,18569.987699690999,51894238233.167603,339169288875.32098,2020-12-09,2020-12-10,False,False
2020-12-10T00:00:00Z,2020-12-11T00:00:00Z,18541.854651712001,18541.854651712001,17939.981718382001,18261.878450329001,42051607215.352501,339862101398.04797,2020-12-10,2020-12-11,False,False
2020-12-11T00:00:00Z,2020-12-12T00:00:00Z,18236.776368782001,18236.776368782001,17604.050116716,18062.118986906,51456006610.403397,333126430004.28302,2020-12-11,2020-12-12,False,False
2020-12-12T00:00:00Z,2020-12-13T00:00:00Z,18017.348725995998,18905.259874456999,18017.348725995998,18804.794708687001,37864610631.462303,342883193664.758,2020-12-12,2020-12-13,False,False
2020-12-13T00:00:00Z,2020-12-14T00:00:00Z,18795.239774701,19393.314747018001,18719.958388882998,19169.338451969001,36129560660.676903,354908722065.117,2020-12-13,2020-12-14,False,False
2020-12-14T00:00:00Z,2020-12-15T00:00:00Z,19181.396280370001,19346.860365093999,19021.829780335,19270.746809811,35594491140.733101,355900072299.11499,2020-12-14,2020-12-15,False,False
2020-12-15T00:00:00Z,2020-12-16T00:00:00Z,19273.916377975002,19540.782576845999,19086.032634755,19434.070313033,37207256823.112503,359262989996.677,2020-12-15,2020-12-16,False,False
2020-12-16T00:00:00Z,2020-12-17T00:00:00Z,19424.010728277,21395.554438724001,19306.677136097001,21367.096307987002,48227478063.055702,372499190037.11902,2020-12-16,2020-12-17,False,False
2020-12-17T00:00:00Z,2020-12-18T00:00:00Z,21349.656699155999,23656.653474483999,21265.801183126001,22823.459093673999,119966786315.10001,419778522334.20398,2020-12-17,2020-12-18,False,False
2020-12-18T00:00:00Z,2020-12-19T00:00:00Z,22796.249239004999,23239.698771323001,22397.095505447,23113.992587247001,117018623816.439,424807678680.47101,2020-12-18,2020-12-19,False,False
2020-12-19T00:00:00Z,2020-12-20T00:00:00Z,23131.044599634999,24077.494140633,22830.897794011002,23844.568074264,63655496241.651802,433408582772.57501,2020-12-19,2020-12-20,False,False
2020-12-20T00:00:00Z,2020-12-21T00:00:00Z,23859.672112771001,24249.957202152,23101.098900770001,23516.402834426,71034858155.102295,438084395865.35303,2020-12-20,2020-12-21,False,False
2020-12-21T00:00:00Z,2020-12-22T00:00:00Z,23488.415479728999,24065.517799416,22119.299530799999,22882.157922680999,85145371413.059204,432068558158.599,2020-12-21,2020-12-22,False,False
2020-12-22T00:00:00Z,2020-12-23T00:00:00Z,22743.911418829,23801.640166625999,22446.747379281001,23801.640166625999,83963380723.305206,428962781517.21802,2020-12-22,2020-12-23,False,False
2020-12-23T00:00:00Z,2020-12-24T00:00:00Z,23816.037879536001,24011.068616736,22789.244690985,23261.785196460001,72103119537.019897,437386596217.992,2020-12-23,2020-12-24,False,False
2020-12-24T00:00:00Z,2020-12-25T00:00:00Z,23248.203805431,23749.014698362,22751.926015518002,23733.030486264001,74435058818.583496,431381467833.64099,2020-12-24,2020-12-25,False,False
2020-12-25T00:00:00Z,2020-12-26T00:00:00Z,23719.237056744001,24715.078304629002,23463.626206427001,24652.036519447,57592757106.518204,446375556422.28699,2020-12-25,2020-12-26,False,False
2020-12-26T00:00:00Z,2020-12-27T00:00:00Z,24700.991337834999,26698.367293831001,24519.990432487,26446.973570052,68174322705.224899,469618701988.901,2020-12-26,2020-12-27,False,False
2020-12-27T00:00:00Z,2020-12-28T00:00:00Z,26463.426391225999,28331.092732214998,26011.660346305998,26326.481838017,102567647652.80299,503085319304.987,2020-12-27,2020-12-28,False,False
2020-12-28T00:00:00Z,2020-12-29T00:00:00Z,26269.009679171999,27431.904401123,26111.957787250001,27147.366752087,99495188799.214706,501662962255.18298,2020-12-28,2020-12-29,False,False
2020-12-29T00:00:00Z,2020-12-30T00:00:00Z,27070.019781849998,27392.540545039999,26077.269943543,27392.540545039999,68162303669.411697,496187947758.57599,2020-12-29,2020-12-30,False,False
2020-12-30T00:00:00Z,2020-12-31T00:00:00Z,27375.345815750999,28938.018882515,27375.345815750999,28810.020485477999,73712221377.469803,523104839357.07202,2020-12-30,2020-12-31,False,False
2020-12-31T00:00:00Z,2021-01-01T00:00:00Z,28863.191665694001,29272.578048890999,27986.652152980001,28977.96181814,79271345825.663605,536314969327.745,2020-12-31,2021-01-01,False,False
2021-01-01T00:00:00Z,2021-01-02T00:00:00Z,28938.896887849001,29560.027545774999,28718.621788419001,29300.190935826999,64558591251.664299,542990405376.435,2021-01-01,2021-01-02,False,False
2021-01-02T00:00:00Z,2021-01-03T00:00:00Z,29329.695772117,33158.612438292999,29014.295883824001,32093.264962248999,70104243266.333298,570431197310.09204,2021-01-02,2021-01-03,False,False
2021-01-03T00:00:00Z,2021-01-04T00:00:00Z,32148.048500090001,34717.662741717999,32057.582962965,32877.607282614998,124349523093.655,621795048370.95398,2021-01-03,2021-01-04,False,False
2021-01-04T00:00:00Z,2021-01-05T00:00:00Z,32949.399464061004,33553.450548496003,29066.665437713,31973.832153912001,130918256520.558,591803523640.43005,2021-01-04,2021-01-05,False,False
2021-01-05T00:00:00Z,2021-01-06T00:00:00Z,32023.293432691,34359.990071466003,30087.201861592999,33965.160423041001,125426476003.27299,598928102301.84595,2021-01-05,2021-01-06,False,False
2021-01-06T00:00:00Z,2021-01-07T00:00:00Z,33895.701913021003,36904.218251054997,33315.067312610001,36904.218251054997,120556816942.466,646919963464.81604,2021-01-06,2021-01-07,False,False
2021-01-07T00:00:00Z,2021-01-08T00:00:00Z,36814.681967048004,40164.159004366004,36345.635772118003,39493.128514839002,141292953594.38,706528659351.82898,2021-01-07,2021-01-08,False,False
2021-01-08T00:00:00Z,2021-01-09T00:00:00Z,39437.440337389999,41849.906402123997,36711.862224525998,40703.290535401,172295440554.82599,739499799350.03296,2021-01-08,2021-01-09,False,False
2021-01-09T00:00:00Z,2021-01-10T00:00:00Z,40577.810043195001,41291.465971185004,38819.670094576999,40129.000498579,134582898528.892,749903824715.66199,2021-01-09,2021-01-10,False,False
2021-01-10T00:00:00Z,2021-01-11T00:00:00Z,40083.817223680002,41255.979202663999,35933.661817444998,38299.019600369997,107609376316.16901,737715778475.41895,2021-01-10,2021-01-11,False,False
2021-01-11T00:00:00Z,2021-01-12T00:00:00Z,38223.373713228997,38223.373713228997,30592.255264247,35569.722698726,182855100854.80701,638126812425.59094,2021-01-11,2021-01-12,False,False
2021-01-12T00:00:00Z,2021-01-13T00:00:00Z,35549.971250333998,36524.892022448999,32957.846755721999,33949.396834015002,176864618865.55701,648089950366.68298,2021-01-12,2021-01-13,False,False
2021-01-13T00:00:00Z,2021-01-14T00:00:00Z,34060.129315687002,37626.126561641999,32445.497996411999,37359.332159589998,126174618899.73399,645088905820.23596,2021-01-13,2021-01-14,False,False
2021-01-14T00:00:00Z,2021-01-15T00:00:00Z,37394.122642208997,40000.014205918997,36882.027990631002,39304.686213759,114931563480.278,716637812011.45996,2021-01-14,2021-01-15,False,False
2021-01-15T00:00:00Z,2021-01-16T00:00:00Z,39280.298435092001,39645.499119444998,34599.968353320997,36678.950398519002,117305372507.91299,697436710488.25806,2021-01-15,2021-01-16,False,False
2021-01-16T00:00:00Z,2021-01-17T00:00:00Z,36833.613578222001,37910.764213000002,35624.478685030001,36178.180209500999,123693873048.222,685154441525.94995,2021-01-16,2021-01-17,False,False
2021-01-17T00:00:00Z,2021-01-18T00:00:00Z,36061.523742762998,36682.760628345997,34095.169184682003,35786.417028053002,92863643157.158096,663270945739.49402,2021-01-17,2021-01-18,False,False
2021-01-18T00:00:00Z,2021-01-19T00:00:00Z,35822.529922864,37365.984728677002,34840.492160995003,36714.843204833996,85952054615.280807,670424015901.18506,2021-01-18,2021-01-19,False,False
2021-01-19T00:00:00Z,2021-01-20T00:00:00Z,36632.318175571003,37701.578681179999,36163.740978790003,36177.487494105,94696323432.837006,685127879868.85095,2021-01-19,2021-01-20,False,False
2021-01-20T00:00:00Z,2021-01-21T00:00:00Z,36002.594349952997,36371.093896625003,33593.671874947999,35636.110992082002,98186705206.414993,653840590324.39404,2021-01-20,2021-01-21,False,False
2021-01-21T00:00:00Z,2021-01-22T00:00:00Z,35477.524459469001,35477.524459469001,30202.762335504998,30892.802357827,104277748205.799,613606162666.36499,2021-01-21,2021-01-22,False,False
2021-01-22T00:00:00Z,2021-01-23T00:00:00Z,30838.199012272999,33800.961797821001,28997.512820993001,32836.135575064996,139223374167.479,592458335565.27905,2021-01-22,2021-01-23,False,False
2021-01-23T00:00:00Z,2021-01-24T00:00:00Z,32976.472137391,33293.433935943001,31464.568450061,32045.839593950001,92468003469.683502,601514283280.08398,2021-01-23,2021-01-24,False,False
2021-01-24T00:00:00Z,2021-01-25T00:00:00Z,32081.018951844999,32941.580322984002,31122.253072710999,32261.744350117999,71915450466.462494,599252216356.29102,2021-01-24,2021-01-25,False,False
2021-01-25T00:00:00Z,2021-01-26T00:00:00Z,32224.508685312001,34818.219001231002,32130.657203998999,32272.783841286,85932342667.285797,620636318880.91101,2021-01-25,2021-01-26,False,False
2021-01-26T00:00:00Z,2021-01-27T00:00:00Z,32305.898873031001,32773.465650468999,31013.714458818999,32577.768696890998,94141056517.761902,594982368471.03601,2021-01-26,2021-01-27,False,False
2021-01-27T00:00:00Z,2021-01-28T00:00:00Z,32503.855990522999,32503.855990522999,29329.891444801,30305.343778842001,90755198572.161194,578889895940.61096,2021-01-27,2021-01-28,False,False
2021-01-28T00:00:00Z,2021-01-29T00:00:00Z,30400.930931436,33755.549370920999,29932.908804983999,33117.572836963001,102591907666.95399,590626513517.46802,2021-01-28,2021-01-29,False,False
2021-01-29T00:00:00Z,2021-01-30T00:00:00Z,33332.491752266003,38320.825534632997,32011.680302495999,34241.186845666001,152370872355.52301,651330512374.76501,2021-01-29,2021-01-30,False,False
2021-01-30T00:00:00Z,2021-01-31T00:00:00Z,34309.766648853998,34823.466472082997,33037.986187975999,34333.107938734996,144056482145.465,633604068982.44397,2021-01-30,2021-01-31,False,False
2021-01-31T00:00:00Z,2021-02-01T00:00:00Z,34275.231552263002,34275.231552263002,32213.318325273001,33136.139470857997,79168365015.204895,622243238404.27905,2021-01-31,2021-02-01,False,False
2021-02-01T00:00:00Z,2021-02-02T00:00:00Z,33082.843766076003,34599.997674391998,32402.29412938,33513.441195617001,89774569869.483597,627169519579.19702,2021-02-01,2021-02-02,False,False
2021-02-02T00:00:00Z,2021-02-03T00:00:00Z,33536.478066133997,35943.342298691001,33536.478066133997,35507.127708897002,86758683273.670197,645559209205.84497,2021-02-02,2021-02-03,False,False
2021-02-03T00:00:00Z,2021-02-04T00:00:00Z,35476.141807300002,37565.357808704,35476.141807300002,37551.934350784999,89352747406.266403,680092225536.12805,2021-02-03,2021-02-04,False,False
2021-02-04T00:00:00Z,2021-02-05T00:00:00Z,37659.040571778001,38734.575564407001,36321.734428475,36938.034865346999,95050564959.052399,698357377544.64502,2021-02-04,2021-02-05,False,False
2021-02-05T00:00:00Z,2021-02-06T00:00:00Z,36977.782665011997,38280.062918167998,36634.285663123002,37945.964473995002,100182647822.411,699542082662.31396,2021-02-05,2021-02-06,False,False
2021-02-06T00:00:00Z,2021-02-07T00:00:00Z,38300.044187396998,40858.551618965001,38288.986653599997,39191.507551212002,106251967992.131,742154277235.79895,2021-02-06,2021-02-07,False,False
2021-02-07T00:00:00Z,2021-02-08T00:00:00Z,39260.740661718999,39654.670372592002,37389.634955592999,38888.638236330997,102991144866.256,720053161966.95105,2021-02-07,2021-02-08,False,False
2021-02-08T00:00:00Z,2021-02-09T00:00:00Z,38857.116947071998,46225.496408245999,38044.110471874003,46225.496408245999,118889434701.569,766279221913.979,2021-02-08,2021-02-09,False,False
2021-02-09T00:00:00Z,2021-02-10T00:00:00Z,46533.336937715001,47893.551624022002,45164.667993773,46511.520580185999,183198175979.17801,868140615964.03796,2021-02-09,2021-02-10,False,False
2021-02-10T00:00:00Z,2021-02-11T00:00:00Z,46504.799902822997,47281.526416141001,43864.280561658998,44866.502278148997,129490884290.817,852080990171.56897,2021-02-10,2021-02-11,False,False
2021-02-11T00:00:00Z,2021-02-12T00:00:00Z,44809.542155379,48523.099663923997,44049.822985270999,47680.424437754002,125776147417.46001,860969534626.38098,2021-02-11,2021-02-12,False,False
2021-02-12T00:00:00Z,2021-02-13T00:00:00Z,47991.937162716997,48654.384425336,46459.805609764997,47622.568920739999,137346856098.88499,885659635122.47595,2021-02-12,2021-02-13,False,False
2021-02-13T00:00:00Z,2021-02-14T00:00:00Z,47299.703224290999,48089.521489204999,46402.367688974999,47056.769564544004,143039618394.03699,879475823410.58899,2021-02-13,2021-02-14,False,False
2021-02-14T00:00:00Z,2021-02-15T00:00:00Z,47123.820707546998,49566.060732910999,47123.820707546998,48673.329709375997,144739442865.159,904294295184.94202,2021-02-14,2021-02-15,False,False
2021-02-15T00:00:00Z,2021-02-16T00:00:00Z,48643.603406615999,48884.837314600998,46167.980204254003,47981.977492582999,121933582464.31599,890979166011.11694,2021-02-15,2021-02-16,False,False
2021-02-16T00:00:00Z,2021-02-17T00:00:00Z,47927.987260301998,50344.017500916001,47187.624536481999,49261.050774171003,128596282134.789,909963253204.20105,2021-02-16,2021-02-17,False,False
2021-02-17T00:00:00Z,2021-02-18T00:00:00Z,49128.607890831998,52514.956601817998,49088.697965649997,52127.620932860998,142714894908.71399,948273280355.44202,2021-02-17,2021-02-18,False,False
2021-02-18T00:00:00Z,2021-02-19T00:00:00Z,52091.925834900001,52493.726678307998,50920.666933164997,51656.846873217997,120111456625.692,966867951236.198,2021-02-18,2021-02-19,False,False
2021-02-19T00:00:00Z,2021-02-20T00:00:00Z,51564.717399116998,56229.120609577003,50856.485178347,55795.155052978997,113055134900.88699,989022402978.74902,2021-02-19,2021-02-20,False,False
2021-02-20T00:00:00Z,2021-02-21T00:00:00Z,55841.110508026999,57530.021690749003,54753.834239832999,56008.787435495004,140453622250.89999,1047912759137.9,2021-02-20,2021-02-21,False,False
2021-02-21T00:00:00Z,2021-02-22T00:00:00Z,55969.530622648002,58301.831486472998,55560.541830752998,57367.946141722001,139771860152.957,1062173524746.62,2021-02-21,2021-02-22,False,False
2021-02-22T00:00:00Z,2021-02-23T00:00:00Z,57411.011820817002,57411.011820817002,49410.201627631999,54153.655191753001,149261235644.12201,1019306544378.4301,2021-02-22,2021-02-23,False,False
2021-02-23T00:00:00Z,2021-02-24T00:00:00Z,54099.980661749003,54099.980661749003,45256.179829756999,48514.382154475999,212151513117.87,913257487103.74194,2021-02-23,2021-02-24,False,False
2021-02-24T00:00:00Z,2021-02-25T00:00:00Z,48889.930494257998,51223.540344032997,47169.071104729002,49577.667053636003,174558097499.38901,927168184009.36499,2021-02-24,2021-02-25,False,False
2021-02-25T00:00:00Z,2021-02-26T00:00:00Z,49668.133210009997,51791.921327803997,47264.216595605998,47372.377990661,124602948614.847,931552716323.32996,2021-02-25,2021-02-26,False,False
2021-02-26T00:00:00Z,2021-02-27T00:00:00Z,46986.597533968001,48380.671216383998,44499.997793875998,46205.257719957997,136768565573.617,868707953809.01697,2021-02-26,2021-02-27,False,False
2021-02-27T00:00:00Z,2021-02-28T00:00:00Z,46266.026627924999,48346.552952293001,45136.062526661,46202.313746958003,119956885361.70599,878310825155.02197,2021-02-27,2021-02-28,False,False
2021-02-28T00:00:00Z,2021-03-01T00:00:00Z,46132.387057359003,46540.991962893997,43164.542809999002,44986.744834586003,94856286509.809906,834743254119.47998,2021-02-28,2021-03-01,False,False
2021-03-01T00:00:00Z,2021-03-02T00:00:00Z,45109.070026715002,49752.650170761,45015.584230531,49557.936855621003,112766464735.364,886579969867.64001,2021-03-01,2021-03-02,False,False
2021-03-02T00:00:00Z,2021-03-03T00:00:00Z,49589.983816827997,50179.372781384001,47150.260155290001,48245.596081529999,111601588572.59599,905796140014.70605,2021-03-02,2021-03-03,False,False
2021-03-03T00:00:00Z,2021-03-04T00:00:00Z,48466.456336848998,52513.115293310999,48144.564786964002,50593.579779576998,108365200914.168,939512750119.21106,2021-03-03,2021-03-04,False,False
2021-03-04T00:00:00Z,2021-03-05T00:00:00Z,50451.119242724002,51738.864851054001,47633.154237723997,48523.779583538999,119186130857.47701,920924781727.38599,2021-03-04,2021-03-05,False,False
2021-03-05T00:00:00Z,2021-03-06T00:00:00Z,48450.016215222997,49389.980902438001,46414.588639148002,48901.915683951003,117859323450.231,889473556807.42896,2021-03-05,2021-03-06,False,False
2021-03-06T00:00:00Z,2021-03-07T00:00:00Z,48819.984558032003,49081.953510423999,47155.957542721997,48884.800434591001,97560333723.040298,901644582923.76404,2021-03-06,2021-03-07,False,False
2021-03-07T00:00:00Z,2021-03-08T00:00:00Z,48872.693979547999,51409.226747724999,48872.693979547999,51409.226747724999,86479140578.546906,935917409235.78894,2021-03-07,2021-03-08,False,False
2021-03-08T00:00:00Z,2021-03-09T00:00:00Z,50934.444601723997,52326.862441311001,49375.174275611003,52326.862441311001,101647849696.187,946662347610.63196,2021-03-08,2021-03-09,False,False
2021-03-09T00:00:00Z,2021-03-10T00:00:00Z,52265.016204683001,54839.979170391001,51976.019157041002,54759.461685978,117158259798.892,1006047046299.87,2021-03-09,2021-03-10,False,False
2021-03-10T00:00:00Z,2021-03-11T00:00:00Z,54854.791607539999,57286.432450221,53174.377203493998,55998.739272911997,120454358101.13,1032239421687.42,2021-03-10,2021-03-11,False,False
2021-03-11T00:00:00Z,2021-03-12T00:00:00Z,55865.299828818999,58131.335829340998,54483.025390397997,57633.699811129001,138622973047.75601,1049412610454.16,2021-03-11,2021-03-12,False,False
2021-03-12T00:00:00Z,2021-03-13T00:00:00Z,57716.881672775999,58031.000810363003,55195.349719158003,57278.155019056001,132357056562.19299,1059963767316.9399,2021-03-12,2021-03-13,False,False
2021-03-13T00:00:00Z,2021-03-14T00:00:00Z,57250.137875209002,61662.205960193998,56089.273978716003,61297.997385092996,133874862330.59599,1096783082569.13,2021-03-13,2021-03-14,False,False
2021-03-14T00:00:00Z,2021-03-15T00:00:00Z,61219.348426099998,61617.996614711003,59380.018943745003,59380.018943745003,122350418659.22301,1127962802204.3799,2021-03-14,2021-03-15,False,False
2021-03-15T00:00:00Z,2021-03-16T00:00:00Z,59150.403028178,60550.874707960997,55338.280935723,55723.949158946998,127943028372.573,1072861279123.03,2021-03-15,2021-03-16,False,False
2021-03-16T00:00:00Z,2021-03-17T00:00:00Z,55571.193837491002,56788.884005220003,53393.033648816003,56455.998436301998,129824122177.71201,1032475724522.9301,2021-03-16,2021-03-17,False,False
2021-03-17T00:00:00Z,2021-03-18T00:00:00Z,56857.306066142999,58863.677485496002,54376.494725263001,58711.978740211998,103479709533.545,1047096715188.0699,2021-03-17,2021-03-18,False,False
2021-03-18T00:00:00Z,2021-03-19T00:00:00Z,58891.031996406004,60024.601875332999,57287.611931323001,57687.520560170997,113184110344.013,1090993900551.09,2021-03-18,2021-03-19,False,False
2021-03-19T00:00:00Z,2021-03-20T00:00:00Z,57666.273208077997,59448.831135223001,56348.064844073997,58091.623667025,101631795534.46201,1087318165332.25,2021-03-19,2021-03-20,False,False
2021-03-20T00:00:00Z,2021-03-21T00:00:00Z,58098.078393288997,59869.849999999999,58016.579631578003,58219.82,87958442364.328094,1096422104535.9301,2021-03-20,2021-03-21,False,False
2021-03-21T00:00:00Z,2021-03-22T00:00:00Z,58057.690000000002,58549.970000000001,55928.752149681,57392.205695477998,95572143441.678894,1068857787372.29,2021-03-21,2021-03-22,False,False
2021-03-22T00:00:00Z,2021-03-23T00:00:00Z,57384.45757667,58200.010000000002,53833.723780521999,54249.990775698003,92548643674.980698,1059665036029.67,2021-03-22,2021-03-23,False,False
2021-03-23T00:00:00Z,2021-03-24T00:00:00Z,54185.29357863,55799.019999999997,53213.998949070003,54599.961810642999,109449851792.81,1020684367089.9301,2021-03-23,2021-03-24,False,False
2021-03-24T00:00:00Z,2021-03-25T00:00:00Z,54464.941296883,57028.629999999997,52075.590680333997,52584.785401622001,99933043546.179306,1029272089119.49,2021-03-24,2021-03-25,False,False
2021-03-25T00:00:00Z,2021-03-26T00:00:00Z,52382.797866628003,53139.130244138003,50572.984326359998,51412.192011042003,131460234153.924,972876679744.13501,2021-03-25,2021-03-26,False,False
2021-03-26T00:00:00Z,2021-03-27T00:00:00Z,51355.704557906,55002.769793934996,51355.704557906,55002.769793934996,108542946098.892,992845345259.76001,2021-03-26,2021-03-27,False,False
2021-03-27T00:00:00Z,2021-03-28T00:00:00Z,55008.056535533004,56456.803917721001,54033.568678451004,55917.880112079001,88506866566.932602,1029633507508.17,2021-03-27,2021-03-28,False,False
2021-03-28T00:00:00Z,2021-03-29T00:00:00Z,55841.634784661997,56489.169999999998,54850.209999999999,55861.949999999997,82011404713.581696,1042070133008.2,2021-03-28,2021-03-29,False,False
2021-03-29T00:00:00Z,2021-03-30T00:00:00Z,55748.632014916999,58339.973951145999,54994.349999999999,57664.850966585997,91499980031.0354,1062399656260.84,2021-03-29,2021-03-30,False,False
2021-03-30T00:00:00Z,2021-03-31T00:00:00Z,57612.522985506002,59311.038575993,57140.699999999997,58693.948561783996,98089413349.629898,1089305782131.29,2021-03-30,2021-03-31,False,False
2021-03-31T00:00:00Z,2021-04-01T00:00:00Z,58763.827956314999,59777.709999999999,57447.360000000001,58719.454369703999,102853343111.276,1095749772784.01,2021-03-31,2021-04-01,False,False
2021-04-01T00:00:00Z,2021-04-02T00:00:00Z,58751.790587493,59319.270690470999,58147.844868494001,58755.615177915002,115654009708.87,1099175922465.89,2021-04-01,2021-04-02,False,False
2021-04-02T00:00:00Z,2021-04-03T00:00:00Z,58727.648378484999,60063.776357554998,58529.498116333998,58963.327596363997,105128774133.55,1106625591884.8899,2021-04-02,2021-04-03,False,False
2021-04-03T00:00:00Z,2021-04-04T00:00:00Z,58975.833538924002,59690.998041731997,57022.931472564997,57139.137960369,91212846892.231705,1100367640719.8999,2021-04-03,2021-04-04,False,False
2021-04-04T00:00:00Z,2021-04-05T00:00:00Z,57092.446157657003,58412.534020509003,56589.619340368001,58215.190000000002,104713372859.30499,1077506387550.9301,2021-04-04,2021-04-05,False,False
2021-04-05T00:00:00Z,2021-04-06T00:00:00Z,58197.978729273003,59134.629999999997,56844.948892986999,58777.739363776003,97931171132.711304,1084528725630.7,2021-04-05,2021-04-06,False,False
2021-04-06T00:00:00Z,2021-04-07T00:00:00Z,59096.001689842,59398.742893012,57599.943563651002,58093.238332403002,104554598225.679,1091770394390.88,2021-04-06,2021-04-07,False,False
2021-04-07T00:00:00Z,2021-04-08T00:00:00Z,57979.296824399004,58627.112892427001,55558.496987732004,56073.471560785998,109029801399.03799,1064137361929.34,2021-04-07,2021-04-08,False,False
2021-04-08T00:00:00Z,2021-04-09T00:00:00Z,55872.863775655002,58087.980725351001,55819.741035943996,58019.879999999997,104686589216.233,1067929892061.74,2021-04-08,2021-04-09,False,False
2021-04-09T00:00:00Z,2021-04-10T00:00:00Z,58077.059999999998,58841.410000000003,57722.220559993002,58159.440000000002,77270327841.630295,1087296640269.74,2021-04-09,2021-04-10,False,False
2021-04-10T00:00:00Z,2021-04-11T00:00:00Z,58135.349999999999,61210.690000000002,57951.923907835997,59747.436800736003,103026133874.742,1118708770341.1799,2021-04-10,2021-04-11,False,False
2021-04-11T00:00:00Z,2021-04-12T00:00:00Z,59716.553420892997,60590.055143332997,59246.503904370998,60018.286494220003,97875436776.960297,1117365110731.6201,2021-04-11,2021-04-12,False,False
2021-04-12T00:00:00Z,2021-04-13T00:00:00Z,60007.793017067001,61095.008730683003,59586.154028217999,59940.529999999999,100979406140.75,1123013039967.3799,2021-04-12,2021-04-13,False,False
2021-04-13T00:00:00Z,2021-04-14T00:00:00Z,59868.269999999997,63720.709999999999,59868.269999999997,63528.480000000003,158430038672.48901,1161411096747.8201,2021-04-13,2021-04-14,False,False
2021-04-14T00:00:00Z,2021-04-15T00:00:00Z,63545.120000000003,64816.101873758998,61529.32,62628.975942463003,173884088327.922,1184937003554.74,2021-04-14,2021-04-15,False,False
2021-04-15T00:00:00Z,2021-04-16T00:00:00Z,62999.982633145999,63628.830000000002,62090.5,63183.139999999999,169238154522.35901,1174837897129.0701,2021-04-15,2021-04-16,False,False
2021-04-16T00:00:00Z,2021-04-17T00:00:00Z,63207.089999999997,63493.559999999998,60153.645486344998,61504.768623643002,165610153604.99399,1152385884372.28,2021-04-16,2021-04-17,False,False
2021-04-17T00:00:00Z,2021-04-18T00:00:00Z,61342.968880339002,62420.539256880998,59767.220000000001,60078.269999999997,159749829773.17001,1144740077837.99,2021-04-17,2021-04-18,False,False
2021-04-18T00:00:00Z,2021-04-19T00:00:00Z,60028.389999999999,60274.639999999999,52569.439888706998,56037.128717560998,185812398998.341,1045652144527.7,2021-04-18,2021-04-19,False,False
2021-04-19T00:00:00Z,2021-04-20T00:00:00Z,56183.520461118002,57424.305365970999,54333.899600625002,55653.244867317,139509205538.41299,1052425348213.24,2021-04-19,2021-04-20,False,False
2021-04-20T00:00:00Z,2021-04-21T00:00:00Z,55653.851876130997,56983.760000000002,53488.260000000002,56363.620000000003,122923034039.228,1036449270399.14,2021-04-20,2021-04-21,False,False
2021-04-21T00:00:00Z,2021-04-22T00:00:00Z,56453.860000000001,56715.885279141003,53714.769999999997,53889.330000000002,114642171908.688,1035703581381.62,2021-04-21,2021-04-22,False,False
2021-04-22T00:00:00Z,2021-04-23T00:00:00Z,53868.589999999997,55331.427986936003,50591.899618194002,51843.679797905002,127377801203.737,1005208001116.49,2021-04-22,2021-04-23,False,False
2021-04-23T00:00:00Z,2021-04-24T00:00:00Z,51740.149852210001,52049.554245881001,47731.199999999997,51020.041151817,172670297787.20099,931686556046.23303,2021-04-23,2021-04-24,False,False
2021-04-24T00:00:00Z,2021-04-25T00:00:00Z,51084.098508531999,51084.098508531999,48769.318568821,50007.715949987003,118673612341.049,934950269595.58496,2021-04-24,2021-04-25,False,False
2021-04-25T00:00:00Z,2021-04-26T00:00:00Z,50069.186874544001,50471.370000000003,47199.806670593003,48987.681638511996,73945549997.836807,927035095761.89099,2021-04-25,2021-04-26,False,False
2021-04-26T00:00:00Z,2021-04-27T00:00:00Z,49045.573224644999,54229.301378493998,48817.993817531999,53954.406566869999,97639482840.271103,988564795880.43005,2021-04-26,2021-04-27,False,False
2021-04-27T00:00:00Z,2021-04-28T00:00:00Z,53993.067739072998,55392.545776256004,53305.019999999997,54924.014700428001,88040474935.708603,1019353281891.48,2021-04-27,2021-04-28,False,False
2021-04-28T00:00:00Z,2021-04-29T00:00:00Z,55007.123595302997,56159.305244012001,53877.650465699997,54766.539300399003,79980719164.696396,1023297672247.42,2021-04-28,2021-04-29,False,False
2021-04-29T00:00:00Z,2021-04-30T00:00:00Z,54808.957932853998,55158.002206347999,52390.855946766002,53610.429064522003,78228039365.636307,1006900370692.33,2021-04-29,2021-04-30,False,False
2021-04-30T00:00:00Z,2021-05-01T00:00:00Z,53548.82,57814.945103922997,53099.400000000001,57758.646931212003,81510348962.765701,1032701217461.46,2021-04-30,2021-05-01,False,False
2021-05-01T00:00:00Z,2021-05-02T00:00:00Z,57710.513314636002,58433.611842890001,57105.143681494999,57793.518868245003,84085140057.6604,1079591278280.62,2021-05-01,2021-05-02,False,False
2021-05-02T00:00:00Z,2021-05-03T00:00:00Z,57794.462733259999,57853.379957038997,56149.038294696998,56563.760000000002,70170320535.810104,1062364792634.55,2021-05-02,2021-05-03,False,False
2021-05-03T00:00:00Z,2021-05-04T00:00:00Z,56566.43,58895.889999999999,56552.029999999999,57211.408640624999,79856745597.951202,1082878568187.48,2021-05-03,2021-05-04,False,False
2021-05-04T00:00:00Z,2021-05-05T00:00:00Z,57160.541340240001,57160.541340240001,53300.384692082,53329.387643741997,104329510588.688,1033465775783.52,2021-05-04,2021-05-05,False,False
2021-05-05T00:00:00Z,2021-05-06T00:00:00Z,53233.729539004002,57850.885870320002,53233.729539004002,57338.360000000001,104577993093.758,1044403338260.7,2021-05-05,2021-05-06,False,False
2021-05-06T00:00:00Z,2021-05-07T00:00:00Z,57424.970000000001,58305.620935660001,55400.036935351003,56484.489999999998,97608603995.232498,1064446944567.3,2021-05-06,2021-05-07,False,False
2021-05-07T00:00:00Z,2021-05-08T00:00:00Z,56387.690000000002,58550.191536919003,55406.838866197002,57339.550000000003,96543881308.770599,1061921862761.87,2021-05-07,2021-05-08,False,False
2021-05-08T00:00:00Z,2021-05-09T00:00:00Z,57336.809999999998,59430.905838740997,57008.190000000002,58711.172030754002,96516445928.8461,1093435833061.5601,2021-05-08,2021-05-09,False,False
2021-05-09T00:00:00Z,2021-05-10T00:00:00Z,58770.012956156999,59112.958931223002,56327.674648063003,58169.727616901997,102692816568.364,1083790449997.39,2021-05-09,2021-05-10,False,False
2021-05-10T00:00:00Z,2021-05-11T00:00:00Z,58215.443921265003,59447.870498163,54598.965948744,55772.281248756997,97599777790.6129,1079307825850.62,2021-05-10,2021-05-11,False,False
2021-05-11T00:00:00Z,2021-05-12T00:00:00Z,55805.029620234003,56828.855427670998,54549.925400353997,56721.833840935004,109665832582.418,1044004192054.6899,2021-05-11,2021-05-12,False,False
2021-05-12T00:00:00Z,2021-05-13T00:00:00Z,56677.851352432001,57885.799310841998,50482.434481737,50482.434481737,91534666588.0914,1045391438304.25,2021-05-12,2021-05-13,False,False
2021-05-13T00:00:00Z,2021-05-14T00:00:00Z,49776.068016473,51298.129999999997,47215.481324138003,49655.621033882999,147012793468.85101,931899652928.17603,2021-05-13,2021-05-14,False,False
2021-05-14T00:00:00Z,2021-05-15T00:00:00Z,49702.013319475998,51384.653805317001,48900.166788604998,49884.919999999998,104643650677.327,937878585892.22705,2021-05-14,2021-05-15,False,False
2021-05-15T00:00:00Z,2021-05-16T00:00:00Z,49862.094791456999,50567.657601213999,46774.629999999997,46786.610000000001,80418871902.003906,913495927383.29395,2021-05-15,2021-05-16,False,False
2021-05-16T00:00:00Z,2021-05-17T00:00:00Z,46770.57,49696.092539696998,44041.162085149001,46395.050000000003,86152547557.687103,892441182837.70801,2021-05-16,2021-05-17,False,False
2021-05-17T00:00:00Z,2021-05-18T00:00:00Z,46408.690000000002,46408.690000000002,42289.753922844997,43590.922172391001,113942304201.845,828487211711.75806,2021-05-17,2021-05-18,False,False
2021-05-18T00:00:00Z,2021-05-19T00:00:00Z,43532.313050801,45697.75,42370.444854228997,43019.774295313997,97378342014.942703,826103820088.32104,2021-05-18,2021-05-19,False,False
2021-05-19T00:00:00Z,2021-05-20T00:00:00Z,42853.964570925003,43499.889793296999,31500.003377075998,36974.614735374998,145277986785.24899,730792972233.56702,2021-05-19,2021-05-20,False,False
2021-05-20T00:00:00Z,2021-05-21T00:00:00Z,36860.232114838,42326.970000000001,35183.744181638998,40389.7781072043,189296826007.00699,744282948119.54102,2021-05-20,2021-05-21,False,False
2021-05-21T00:00:00Z,2021-05-22T00:00:00Z,40480.230000000003,42023.620000000003,33610.370000000003,37242.9427045884,111544715889.778,730875968423.01697,2021-05-21,2021-05-22,False,False
2021-05-22T00:00:00Z,2021-05-23T00:00:00Z,37222.416342320998,38706.639999999999,35460.722617601903,37555,113989186247.11099,701047511242.10803,2021-05-22,2021-05-23,False,False
2021-05-23T00:00:00Z,2021-05-24T00:00:00Z,37499.779999999999,38198.160000000003,31282.720369524901,34834.682242452101,86352787200,655319326893.75696,2021-05-23,2021-05-24,False,False
2021-05-24T00:00:00Z,2021-05-25T00:00:00Z,34794.268327071302,39670.040000000001,34500.657727786202,38619.397100288101,108924114127.664,691331455616.96399,2021-05-24,2021-05-25,False,False
2021-05-25T00:00:00Z,2021-05-26T00:00:00Z,38695.568599084203,39718.893221750397,36544.914254224801,38165.788175615802,87992997205.333298,711605190043.698,2021-05-25,2021-05-26,False,False
2021-05-26T00:00:00Z,2021-05-27T00:00:00Z,38318.941199773602,40709.594808418398,37953.434317840103,39184.7616541311,75075011441.777802,733964555265.74402,2021-05-26,2021-05-27,False,False
2021-05-27T00:00:00Z,2021-05-28T00:00:00Z,39228.177154420802,40249.966784119897,37208.089999999997,38479.692284555698,71587942584.888901,725542174810.85205,2021-05-27,2021-05-28,False,False
2021-05-28T00:00:00Z,2021-05-29T00:00:00Z,38453.426127358602,38760.061157521101,34780.970000000001,35670.699999999997,70858555177.923294,684848737522.13306,2021-05-28,2021-05-29,False,False
2021-05-29T00:00:00Z,2021-05-30T00:00:00Z,35664.870000000003,37151.657610075599,33662.245364841801,34523.410000000003,78991545500.444397,659570931291.01904,2021-05-29,2021-05-30,False,False
2021-05-30T00:00:00Z,2021-05-31T00:00:00Z,34575.839999999997,36310.190000000002,33528.699999999997,35618.157583079003,74745448304.783203,663876381066.30005,2021-05-30,2021-05-31,False,False
2021-05-31T00:00:00Z,2021-06-01T00:00:00Z,35634.699999999997,37491.610000000001,34214.448347565201,37303.750088697401,84345634530.564499,676387670384.38403,2021-05-31,2021-06-01,False,False
2021-06-01T00:00:00Z,2021-06-02T00:00:00Z,37271.488451833502,37790.236431498903,35743.8892223316,36606.389999999999,67803254598.466904,684853201608.06201,2021-06-01,2021-06-02,False,False
2021-06-02T00:00:00Z,2021-06-03T00:00:00Z,36679.410000000003,38208.607169291703,36035.879999999997,37622.43,65099865344,697910974156.70801,2021-06-02,2021-06-03,False,False
2021-06-03T00:00:00Z,2021-06-04T00:00:00Z,37573.720000000001,39429.129999999997,37258.550000000003,39152.709999999999,58852534940.444397,721335768939.07202,2021-06-03,2021-06-04,False,False
2021-06-04T00:00:00Z,2021-06-05T00:00:00Z,39192.459999999999,39192.459999999999,35779.580000000002,36908.139999999999,67365715555.555603,694379238360.51904,2021-06-04,2021-06-05,False,False
2021-06-05T00:00:00Z,2021-06-06T00:00:00Z,36847.860000000001,37883.494507432901,34920.830000000002,35510.260000000002,60989365546.666702,685053016475.59094,2021-06-05,2021-06-06,False,False
2021-06-06T00:00:00Z,2021-06-07T00:00:00Z,35512.370000000003,36395.119909170498,35300.449999999997,35781.010000000002,54522810549.372704,673081231184.96802,2021-06-06,2021-06-07,False,False
2021-06-07T00:00:00Z,2021-06-08T00:00:00Z,35827.5,36782.910000000003,33550.004080321603,33550.004080321603,51875832504.888901,671980076063.15796,2021-06-07,2021-06-08,False,False
2021-06-08T00:00:00Z,2021-06-09T00:00:00Z,33566.18,33999.955414766897,31221.09,33369.138060684403,67316790680.167801,615422095652.63,2021-06-08,2021-06-09,False,False
2021-06-09T00:00:00Z,2021-06-10T00:00:00Z,33403.626681350099,37505.985865502502,32431.610000000001,37345.044921562599,72582508401.777802,652523327949.78699,2021-06-09,2021-06-10,False,False
2021-06-10T00:00:00Z,2021-06-11T00:00:00Z,37343.285960745103,38252.790000000001,35840.019999999997,36870.059999999998,79255034405.463394,692715176885.73706,2021-06-10,2021-06-11,False,False
2021-06-11T00:00:00Z,2021-06-12T00:00:00Z,36646.860000000001,37565.989999999998,36061.669999999998,37200.349999999999,65346487153.777802,692821940181.23499,2021-06-11,2021-06-12,False,False
2021-06-12T00:00:00Z,2021-06-13T00:00:00Z,37328.199999999997,37328.199999999997,34749.956995269502,35538.300000000003,63889684892.444397,668970872519.40198,2021-06-12,2021-06-13,False,False
2021-06-13T00:00:00Z,2021-06-14T00:00:00Z,35506.769999999997,39356.802819397999,34842.269999999997,38990,57312107534.222198,681338537450.49597,2021-06-13,2021-06-14,False,False
2021-06-14T00:00:00Z,2021-06-15T00:00:00Z,39106.540000000001,40920.029999999999,38785.32,40499.970000000001,76608277489.777802,742966801820.65198,2021-06-14,2021-06-15,False,False
2021-06-15T00:00:00Z,2021-06-16T00:00:00Z,40527.709999999999,41267.290174513997,39656.740245131798,40204.510000000002,72036187548.444397,753254894034.29504,2021-06-15,2021-06-16,False,False
2021-06-16T00:00:00Z,2021-06-17T00:00:00Z,40160.010000000002,40438.511725214099,38188.0062143822,38290.043317217503,64077215237.351898,738603361115.72205,2021-06-16,2021-06-17,False,False
2021-06-17T00:00:00Z,2021-06-18T00:00:00Z,38340.491312015198,39522.519999999997,37537.709999999999,38082.080000000002,69040871645.212494,723367484384.61499,2021-06-17,2021-06-18,False,False
2021-06-18T00:00:00Z,2021-06-19T00:00:00Z,38026.050000000003,38128.360000000001,35220.8773778498,35577.470000000001,61575865500.444397,693100773044.25806,2021-06-18,2021-06-19,False,False
2021-06-19T00:00:00Z,2021-06-20T00:00:00Z,35727.160000000003,36292.910000000003,34857.739999999998,35635.379999999997,62826737678.222198,669780574179.87903,2021-06-19,2021-06-20,False,False
2021-06-20T00:00:00Z,2021-06-21T00:00:00Z,35548.68,35906.57,33457.077021727702,35648.517163470897,55193357752.888901,657157712382.26294,2021-06-20,2021-06-21,False,False
2021-06-21T00:00:00Z,2021-06-22T00:00:00Z,35677.329368142899,35677.329368142899,31297.75,31606.389999999999,78609740781.779404,621632197016.745,2021-06-21,2021-06-22,False,False
2021-06-22T00:00:00Z,2021-06-23T00:00:00Z,31694.009999999998,33282.269775720502,28899.970000000001,32366.970000000001,97091051263.108002,599557521030.08398,2021-06-22,2021-06-23,False,False
2021-06-23T00:00:00Z,2021-06-24T00:00:00Z,32470.84,34720.769999999997,31769.259999999998,33646.150000000001,96666188116.127197,632330156621.05896,2021-06-23,2021-06-24,False,False
2021-06-24T00:00:00Z,2021-06-25T00:00:00Z,33612.339999999997,35176.734499963401,32324.009999999998,34580.351177004399,60517323379.739502,631375005549.927,2021-06-24,2021-06-25,False,False
2021-06-25T00:00:00Z,2021-06-26T00:00:00Z,34662.830974434699,35441.650674227603,31355.439999999999,31708.508927951701,60748465087.552399,625649652814.01501,2021-06-25,2021-06-26,False,False
2021-06-26T00:00:00Z,2021-06-27T00:00:00Z,31664.788791768799,32618.305142274199,30193.543416272001,31858.580000000002,68428884822.561203,589940076929.73401,2021-06-26,2021-06-27,False,False
2021-06-27T00:00:00Z,2021-06-28T00:00:00Z,32274.970000000001,34579.029999999999,32102.580000000002,34579.029999999999,60510865624.337997,619229331443.38794,2021-06-27,2021-06-28,False,False
2021-06-28T00:00:00Z,2021-06-29T00:00:00Z,34622,35103.568902773703,33989.949999999997,34439.120000000003,56438771250.478897,646021908096.81799,2021-06-28,2021-06-29,False,False
2021-06-29T00:00:00Z,2021-06-30T00:00:00Z,34472.110000000001,36469.998213205698,34266.760000000002,35840.3864684777,58783976277.333298,666182520524.93103,2021-06-29,2021-06-30,False,False
2021-06-30T00:00:00Z,2021-07-01T00:00:00Z,35857.881999583697,36081.629828934201,34140.019999999997,35060.428966375199,57470426222.6063,654591266167.68103,2021-06-30,2021-07-01,False,False
2021-07-01T00:00:00Z,2021-07-02T00:00:00Z,35019.704840893501,35019.704840893501,32869.753475596997,33628.669999999998,55957183184.724701,632116199377.63403,2021-07-01,2021-07-02,False,False
2021-07-02T00:00:00Z,2021-07-03T00:00:00Z,33504.93,33861.639999999999,32781.6495933517,33846.007087148799,53898509084.444397,623898253988.09094,2021-07-02,2021-07-03,False,False
2021-07-03T00:00:00Z,2021-07-04T00:00:00Z,33803.8837578608,34884.82,33402.300000000003,34698.303128850101,40253461668.699303,642886925899.23096,2021-07-03,2021-07-04,False,False
2021-07-04T00:00:00Z,2021-07-05T00:00:00Z,34674.439787453899,35920.379999999997,34400.028673034198,35312.387544197001,38805155754.666702,661282250051.15405,2021-07-04,2021-07-05,False,False
2021-07-05T00:00:00Z,2021-07-06T00:00:00Z,35308.1978762004,35308.1978762004,33125.599999999999,33866.544749737601,50617003704.888901,639199767237.06897,2021-07-05,2021-07-06,False,False
2021-07-06T00:00:00Z,2021-07-07T00:00:00Z,33691.165289937599,35046.029999999999,33648.661175759698,34106.806380649199,61017993116.444397,640276009207.81494,2021-07-06,2021-07-07,False,False
2021-07-07T00:00:00Z,2021-07-08T00:00:00Z,34220.7121693398,34955.620000000003,33861.407403545702,33867.465124228802,57955368704,647785958079.96106,2021-07-07,2021-07-08,False,False
2021-07-08T00:00:00Z,2021-07-09T00:00:00Z,33868.6928871052,33868.6928871052,32094.25,32837.960273033699,66246736881.777802,616771714032.40198,2021-07-08,2021-07-09,False,False
2021-07-09T00:00:00Z,2021-07-10T00:00:00Z,32896.810313652801,34037.4277289456,32321.360000000001,33866.196381877999,76918683136,621900214874.87402,2021-07-09,2021-07-10,False,False
2021-07-10T00:00:00Z,2021-07-11T00:00:00Z,33813.494669997199,34215.515880305502,33139.690000000002,33548.817327129902,66022713756.444397,631995994564.45703,2021-07-10,2021-07-11,False,False
2021-07-11T00:00:00Z,2021-07-12T00:00:00Z,33511.5165388682,34534.330000000002,33324.919999999998,34249.774038580101,55801800860.989601,633661622140.18799,2021-07-11,2021-07-12,False,False
2021-07-12T00:00:00Z,2021-07-13T00:00:00Z,34224.742656073002,34561.150000000001,32707.3043079075,33219.352000452498,59765045361.777802,631940462199.14905,2021-07-12,2021-07-13,False,False
2021-07-13T00:00:00Z,2021-07-14T00:00:00Z,33149.985682819301,33285.782183484,32272.669999999998,32567.572514634201,54416065045.333298,616022524218.37402,2021-07-13,2021-07-14,False,False
2021-07-14T00:00:00Z,2021-07-15T00:00:00Z,32716.294205447699,33046.029999999999,31717.779999999999,32776.139630324004,47348114517.333298,609145086950.14404,2021-07-14,2021-07-15,False,False
2021-07-15T00:00:00Z,2021-07-16T00:00:00Z,32824.5858069725,33141.400000000001,31206.509999999998,31641.447045692901,55759464576,602118163097.95203,2021-07-15,2021-07-16,False,False
2021-07-16T00:00:00Z,2021-07-17T00:00:00Z,31750.779999999999,32181.795232986799,31110.212465221899,31385.549999999999,54022773717.333298,595476652907.68799,2021-07-16,2021-07-17,False,False
2021-07-17T00:00:00Z,2021-07-18T00:00:00Z,31382.290000000001,31887.169999999998,31207.82,31570.169999999998,39981969159.111099,591794208880.10803,2021-07-17,2021-07-18,False,False
2021-07-18T00:00:00Z,2021-07-19T00:00:00Z,31513,32372.27,31309.970000000001,31813,35431331811.555603,595821087426.87305,2021-07-18,2021-07-19,False,False
2021-07-19T00:00:00Z,2021-07-20T00:00:00Z,31771.720000000001,31882.702993004899,30553.73,30851.950000000001,36608378154.666702,584947899229.46106,2021-07-19,2021-07-20,False,False
2021-07-20T00:00:00Z,2021-07-21T00:00:00Z,30813.639999999999,30944.290000000001,29354.709999999999,29759.93,47087937607.111099,559670772835.03796,2021-07-20,2021-07-21,False,False
2021-07-21T00:00:00Z,2021-07-22T00:00:00Z,29801.490000000002,32766.056556760599,29541.540000000001,32142.939999999999,50268395206.020897,585072482636.48096,2021-07-21,2021-07-22,False,False
2021-07-22T00:00:00Z,2021-07-23T00:00:00Z,32129.59,32489.110000000001,31734.310000000001,32338.549999999999,54591578894.222198,602767264602.46997,2021-07-22,2021-07-23,False,False
2021-07-23T00:00:00Z,2021-07-24T00:00:00Z,32293.939999999999,33506.093815261898,32075.8630817261,33506.093815261898,43696585344,609309809498.15295,2021-07-23,2021-07-24,False,False
2021-07-24T00:00:00Z,2021-07-25T00:00:00Z,33577.412875668197,34484.239999999998,33432.420309104702,34211.769999999997,48296097848.888901,635148001917.18701,2021-07-24,2021-07-25,False,False
2021-07-25T00:00:00Z,2021-07-26T00:00:00Z,34245.835665854,35244.400000000001,33899.695468256097,35227.349999999999,40433578091.0383,644752032173.79602,2021-07-25,2021-07-26,False,False
2021-07-26T00:00:00Z,2021-07-27T00:00:00Z,35340.07,40497.987881956797,35321.900000000001,37211.419999999998,84057801560.306595,718521334086.50305,2021-07-26,2021-07-27,False,False
2021-07-27T00:00:00Z,2021-07-28T00:00:00Z,37292.760000000002,39204.300000000003,36462.029999999999,39184.610000000001,88056814919.111099,706886857254.69897,2021-07-27,2021-07-28,False,False
2021-07-28T00:00:00Z,2021-07-29T00:00:00Z,39454.989999999998,40816.349999999999,38937.839999999997,39999.970000000001,86298185116.444397,747991262254.27197,2021-07-28,2021-07-29,False,False
2021-07-29T00:00:00Z,2021-07-30T00:00:00Z,40016.360000000001,40542.050000000003,39339.6592817208,39993.529999999999,71065073251.555603,747876722584.43396,2021-07-29,2021-07-30,False,False
2021-07-30T00:00:00Z,2021-07-31T00:00:00Z,39990.470000000001,42094.779999999999,38371.281931588201,42094.779999999999,58156415288.888901,743518127668.97205,2021-07-30,2021-07-31,False,False
2021-07-31T00:00:00Z,2021-08-01T00:00:00Z,42278.660000000003,42278.660000000003,41142.879999999997,41700.996741679701,73216348003.555603,781288809337.93896,2021-07-31,2021-08-01,False,False
2021-08-01T00:00:00Z,2021-08-02T00:00:00Z,41582.559755730603,42475.974285519202,39657.246429082203,40120.700716208099,58507194382.222198,778532262681.45496,2021-08-01,2021-08-02,False,False
2021-08-02T00:00:00Z,2021-08-03T00:00:00Z,39918.956774115301,40368.209999999999,38759.760000000002,39153.010294536602,66317530652.444397,743370673763.23596,2021-08-02,2021-08-03,False,False
2021-08-03T00:00:00Z,2021-08-04T00:00:00Z,39178.215640586299,39651.208089723899,37817.150000000001,38255.050000000003,58660971022.222198,722087350783.22705,2021-08-03,2021-08-04,False,False
2021-08-04T00:00:00Z,2021-08-05T00:00:00Z,38200.889999999999,39940.046053650301,37616.059999999998,39772.4716984837,55749176732.444397,726853585219.33496,2021-08-04,2021-08-05,False,False
2021-08-05T00:00:00Z,2021-08-06T00:00:00Z,39740.026335568502,41286.959999999999,37462.496096724397,40849.950983016301,59042920661.333298,740145761053.04199,2021-08-05,2021-08-06,False,False
2021-08-06T00:00:00Z,2021-08-07T00:00:00Z,40863.395308199099,42997.389999999999,39960.036930144903,42792.787902785502,70411983530.666702,776250570813.44202,2021-08-06,2021-08-07,False,False
2021-08-07T00:00:00Z,2021-08-08T00:00:00Z,42775.456327421001,44665.771534799998,42690.126450905598,44665.771534799998,74440143148.755295,817328586551.62402,2021-08-07,2021-08-08,False,False
2021-08-08T00:00:00Z,2021-08-09T00:00:00Z,44598.25,45262.109283867903,43332.659260466098,43780.2388032382,75737447466.666702,832151493680.00598,2021-08-08,2021-08-09,False,False
2021-08-09T00:00:00Z,2021-08-10T00:00:00Z,43793.245653967897,46433.785132515201,42875.915364571498,46265.474275853601,74184672056.888901,842714141698.14197,2021-08-09,2021-08-10,False,False
2021-08-10T00:00:00Z,2021-08-11T00:00:00Z,46306.0684272656,46510.716103359002,44647.938499999997,45543.916664269302,72283654172.444397,856134898662.80603,2021-08-10,2021-08-11,False,False
2021-08-11T00:00:00Z,2021-08-12T00:00:00Z,45587.990831347197,46698.793400000002,45384.817168191701,45670.171999999999,65924957909.333298,865313524334.51404,2021-08-11,2021-08-12,False,False
2021-08-12T00:00:00Z,2021-08-13T00:00:00Z,45554.775600000001,46204.283806637701,43889.574500000002,44434.336499999998,80625549752.888901,843658955881.71301,2021-08-12,2021-08-13,False,False
2021-08-13T00:00:00Z,2021-08-14T00:00:00Z,44399.981299999999,47799.972116202604,44259.268300000003,47799.972116202604,66684585358.222198,867420364756.22095,2021-08-13,2021-08-14,False,False
2021-08-14T00:00:00Z,2021-08-15T00:00:00Z,47794.488314306996,48083.786929299997,46151.363976499699,47053.509700000002,63747047793.777802,884526105404.98596,2021-08-14,2021-08-15,False,False
2021-08-15T00:00:00Z,2021-08-16T00:00:00Z,47056.982400000001,47320.042999999998,45608.968099999998,47057.491900000001,60388411064.888901,871847138944.453,2021-08-15,2021-08-16,False,False
2021-08-16T00:00:00Z,2021-08-17T00:00:00Z,47056.274100000002,47968.2045,45669.481589445699,45906.7425,66521713774.6063,881240961277.86206,2021-08-16,2021-08-17,False,False
2021-08-17T00:00:00Z,2021-08-18T00:00:00Z,45942.602400000003,47029.598260769599,44569.559800000003,44569.559800000003,76216552899.132904,863499932236.13696,2021-08-17,2021-08-18,False,False
2021-08-18T00:00:00Z,2021-08-19T00:00:00Z,44681.517,45892.675799999997,44342.732799999998,44856.032399999996,74813786339.555603,847896521850.95496,2021-08-18,2021-08-19,False,False
2021-08-19T00:00:00Z,2021-08-20T00:00:00Z,44752.504200000003,46907.199851806501,43977.691695104797,46666.868300000002,57015323932.444397,849460246207.72595,2021-08-19,2021-08-20,False,False
2021-08-20T00:00:00Z,2021-08-21T00:00:00Z,46753.2071,49290.6314229247,46669.499400000001,49270.613147854499,64823787278.222198,897465475109.44702,2021-08-20,2021-08-21,False,False
2021-08-21T00:00:00Z,2021-08-22T00:00:00Z,49307.457287830002,49685.0916,48344.590700000001,49000.424200000001,66932790903.5261,920956990033.82202,2021-08-21,2021-08-22,False,False
2021-08-22T00:00:00Z,2021-08-23T00:00:00Z,48845.5456814711,49451.467971484199,48231.3519095675,49223.947117644602,54305803374.6063,918252636933.95496,2021-08-22,2021-08-23,False,False
2021-08-23T00:00:00Z,2021-08-24T00:00:00Z,49279.951494629597,50444.796088771,49095.004964721396,49486.403200000001,63427233891.555603,937077207548.41296,2021-08-23,2021-08-24,False,False
2021-08-24T00:00:00Z,2021-08-25T00:00:00Z,49540.1129,49828.038451863198,47734.0314,47734.0314,65083046847.552399,919046656036.47803,2021-08-24,2021-08-25,False,False
2021-08-25T00:00:00Z,2021-08-26T00:00:00Z,47680.941400000003,49158.389494106697,47167.0213,48939.965799999998,60151994652.444397,906908256405.46399,2021-08-25,2021-08-26,False,False
2021-08-26T00:00:00Z,2021-08-27T00:00:00Z,48987.109100000001,49327.988100000002,46471.707999999999,47130.618499999997,63803503262.773499,889986412584.56995,2021-08-26,2021-08-27,False,False
2021-08-27T00:00:00Z,2021-08-28T00:00:00Z,46838.860800000002,49075.815699999999,46359.980600000003,49005.949500000002,57376285724.444397,896916691457.43896,2021-08-27,2021-08-28,False,False
2021-08-28T00:00:00Z,2021-08-29T00:00:00Z,49042.175300000003,49255.701500000003,48483.4611,48864.024899999997,53492946569.014099,918698539920.86902,2021-08-28,2021-08-29,False,False
2021-08-29T00:00:00Z,2021-08-30T00:00:00Z,48879.928,49549.806100000002,48002.010300000002,48876.764300000003,48229478485.630699,914254355209.146,2021-08-29,2021-08-30,False,False
2021-08-30T00:00:00Z,2021-08-31T00:00:00Z,48763.415800000002,48822.331684228397,46972.978000000003,47020.676500000001,48179454137.533096,903670570540.52905,2021-08-30,2021-08-31,False,False
2021-08-31T00:00:00Z,2021-09-01T00:00:00Z,46973.534,48071.288861060399,46721.1751,47225.2696,56943712625.777802,889195144813.93506,2021-08-31,2021-09-01,False,False
2021-09-01T00:00:00Z,2021-09-02T00:00:00Z,47131.563999999998,48930.011400000003,46549.015800000001,48744.6322,60738599082.666702,896181279580.88794,2021-09-01,2021-09-02,False,False
2021-09-02T00:00:00Z,2021-09-03T00:00:00Z,48829.974699999999,50315.568102999598,48713.462699999996,49318.557999999997,68777141351.470398,933396767980.50598,2021-09-02,2021-09-03,False,False
2021-09-03T00:00:00Z,2021-09-04T00:00:00Z,49289.896699999998,50999.980900000002,48483.784299999999,49987.636568117101,75273290555.763107,938164581711.41003,2021-09-03,2021-09-04,False,False
2021-09-04T00:00:00Z,2021-09-05T00:00:00Z,50001.530537731203,50525.790300000001,49515.975700000003,49974.097275006199,66721901411.555603,941241509428.43103,2021-09-04,2021-09-05,False,False
2021-09-05T00:00:00Z,2021-09-06T00:00:00Z,49914.748269552598,51832.945800000001,49488.183199999999,51698.726699999999,53857252209.777802,946435855097.44397,2021-09-05,2021-09-06,False,False
2021-09-06T00:00:00Z,2021-09-07T00:00:00Z,51747.229500000001,52707.174899999998,50987.3603,52639.244299999998,59320284405.183098,973527553044.16101,2021-09-06,2021-09-07,False,False
2021-09-07T00:00:00Z,2021-09-08T00:00:00Z,52668.621800000001,52871.685799999999,43753.226600000002,46881.997100000001,82249292259.555603,939586811268.70801,2021-09-07,2021-09-08,False,False
2021-09-08T00:00:00Z,2021-09-09T00:00:00Z,46778.309300000001,47282.869200000001,44516.476600000002,45972.946300000003,106991221447.11099,870520273386.58997,2021-09-08,2021-09-09,False,False
2021-09-09T00:00:00Z,2021-09-10T00:00:00Z,46051.380499999999,47214.445576370803,45638.965161045002,46319.952599999997,67899230933.333298,873008832613.63501,2021-09-09,2021-09-10,False,False
2021-09-10T00:00:00Z,2021-09-11T00:00:00Z,46376.464599999999,47022.9503230681,44238.299700000003,44833.083100000003,55572355650.007004,863815094640.09802,2021-09-10,2021-09-11,False,False
2021-09-11T00:00:00Z,2021-09-12T00:00:00Z,44852.161200000002,45910.016366590397,44808.380299999997,45096.050900000002,55353657422.494797,853423500160.224,2021-09-11,2021-09-12,False,False
2021-09-12T00:00:00Z,2021-09-13T00:00:00Z,45136.639300000003,46381.792249944599,44759.7549747741,46058.001499999998,48187149198.222198,858416002994.95105,2021-09-12,2021-09-13,False,False
2021-09-13T00:00:00Z,2021-09-14T00:00:00Z,46057.4156,46249.989322314803,43389.232484655702,44990.021411588401,65135996771.555603,842638247793.94995,2021-09-13,2021-09-14,False,False
2021-09-14T00:00:00Z,2021-09-15T00:00:00Z,44932.423457258199,47173.666700000002,44836.9850911291,47012.910400000001,77498384326.912903,866007100849.46399,2021-09-14,2021-09-15,False,False
2021-09-15T00:00:00Z,2021-09-16T00:00:00Z,47068.486799999999,48406.677100000001,46779.275647012197,48092.970300000001,68721306040.888901,894934521116.172,2021-09-15,2021-09-16,False,False
2021-09-16T00:00:00Z,2021-09-17T00:00:00Z,48150.0101,48445.8989,47028.246500000001,47816.250399999997,59031345166.222198,901061187442.53101,2021-09-16,2021-09-17,False,False
2021-09-17T00:00:00Z,2021-09-18T00:00:00Z,47762.124499999998,48128.164285839397,46871.891900000002,47197.551800000001,53341337585.777802,895175270898.00806,2021-09-17,2021-09-18,False,False
2021-09-18T00:00:00Z,2021-09-19T00:00:00Z,47281.1175,48748.534299999999,47095.662799999998,48210.777399999999,52242868759.191597,907532428987.45105,2021-09-18,2021-09-19,False,False
2021-09-19T00:00:00Z,2021-09-20T00:00:00Z,48310.067900000002,48349.9686,46969.988299999997,47201.501799999998,51351781646.222198,898130000198.32996,2021-09-19,2021-09-20,False,False
2021-09-20T00:00:00Z,2021-09-21T00:00:00Z,47236.508699999998,47236.508699999998,42569.406136607598,42966.0101,72526282808.888901,840040904099.30896,2021-09-20,2021-09-21,False,False
2021-09-21T00:00:00Z,2021-09-22T00:00:00Z,42832.278299999998,43525.141300000003,39870.479174636501,40538.434399999998,85540318435.555603,798979735863.03198,2021-09-21,2021-09-22,False,False
2021-09-22T00:00:00Z,2021-09-23T00:00:00Z,40718.988899999997,43928.427600000003,40718.988899999997,43579.972976747798,101514436494.222,800930040691.03796,2021-09-22,2021-09-23,False,False
2021-09-23T00:00:00Z,2021-09-24T00:00:00Z,43536.038101366597,44908.099099999999,43121.954100000003,44844.228000000003,67141167914.666702,829450862936.51294,2021-09-23,2021-09-24,False,False
2021-09-24T00:00:00Z,2021-09-25T00:00:00Z,44863.423199999997,45032.888599999998,40926.937700000002,42748.035300000003,68753344062.438995,811470261987.58801,2021-09-24,2021-09-25,False,False
2021-09-25T00:00:00Z,2021-09-26T00:00:00Z,42803.642099999997,42964.072638166501,41707.487484838202,42718.937841110303,66894799872,801353904599.70801,2021-09-25,2021-09-26,False,False
2021-09-26T00:00:00Z,2021-09-27T00:00:00Z,42670.363350986001,43740.0173,40775.924800000001,43209.8655,46581943142.180298,804930001509.43005,2021-09-26,2021-09-27,False,False
2021-09-27T00:00:00Z,2021-09-28T00:00:00Z,43204.962299999999,44237.908838291602,42262.015899999999,42278.309962391198,51031440797.957397,819023980137.45996,2021-09-27,2021-09-28,False,False
2021-09-28T00:00:00Z,2021-09-29T00:00:00Z,42111.843282596201,42732.015099999997,40909.3105,40909.3105,51750097181.069603,789471244170.24194,2021-09-28,2021-09-29,False,False
2021-09-29T00:00:00Z,2021-09-30T00:00:00Z,41004.5985,42564.9902,40902.253799999999,41543.639900000002,50405842857.768402,787462238462.26904,2021-09-29,2021-09-30,False,False
2021-09-30T00:00:00Z,2021-10-01T00:00:00Z,41536.594100000002,44032.294500000004,41466.712416383598,43797.592200084699,54175087118.222198,814537665339.78796,2021-09-30,2021-10-01,False,False
2021-10-01T00:00:00Z,2021-10-02T00:00:00Z,43767.703769562198,48388.036015495498,43346.020431900397,48080.372838338299,63060539363.555603,866976038908.82104,2021-10-01,2021-10-02,False,False
2021-10-02T00:00:00Z,2021-10-03T00:00:00Z,48147.568629837602,48247.941700000003,47467.8388000341,47710.515500000001,60614023324.444397,900563548592.78101,2021-10-02,2021-10-03,False,False
2021-10-03T00:00:00Z,2021-10-04T00:00:00Z,47674.371041951301,49163.399147836899,47217.721315848299,48144.145400000001,47566767232,903971729927.25806,2021-10-03,2021-10-04,False,False
2021-10-04T00:00:00Z,2021-10-05T00:00:00Z,48186.646800000002,49425.781691886303,47004.989822473399,49176.761299999998,60738746936.888901,906668798743.16003,2021-10-04,2021-10-05,False,False
2021-10-05T00:00:00Z,2021-10-06T00:00:00Z,49273.710899999998,51785.315992486598,49066.9155956299,51545.049368076499,68596958151.111099,942701045366.05103,2021-10-05,2021-10-06,False,False
2021-10-06T00:00:00Z,2021-10-07T00:00:00Z,51500.057031237702,55556.803944544597,50416.728326116703,55385.445190725099,77199761550.222198,996348281000.78699,2021-10-06,2021-10-07,False,False
2021-10-07T00:00:00Z,2021-10-08T00:00:00Z,55315.910674590501,55315.910674590501,53519.693225872201,53809.138171034698,88802412237.156799,1023645531853.3,2021-10-07,2021-10-08,False,False
2021-10-08T00:00:00Z,2021-10-09T00:00:00Z,53781.697777007699,55945.8137860063,53695.415800000002,53892.9323,83169587982.222198,1025574001390.98,2021-10-08,2021-10-09,False,False
2021-10-09T00:00:00Z,2021-10-10T00:00:00Z,53962.199000000001,55386.054145725597,53800.041499999999,55102.172213752303,77278436707.555603,1030962211132.87,2021-10-09,2021-10-10,False,False
2021-10-10T00:00:00Z,2021-10-11T00:00:00Z,54926.171412434698,56211.965799999998,54267.538838941698,54689.571300000003,85188122481.777802,1038986399008.83,2021-10-10,2021-10-11,False,False
2021-10-11T00:00:00Z,2021-10-12T00:00:00Z,54695.921300000002,57736.517171731197,54559.157299999999,57399.226469928799,101108074300.608,1067886941557.12,2021-10-11,2021-10-12,False,False
2021-10-12T00:00:00Z,2021-10-13T00:00:00Z,57399.226469928799,57556.700595417104,54375.7937245129,56035.8582546252,106240113166.629,1066872557318.12,2021-10-12,2021-10-13,False,False
2021-10-13T00:00:00Z,2021-10-14T00:00:00Z,56030.571011184002,57686.240383426702,54357.845616094397,57357.606699999997,87099681979.492996,1056253205676.8,2021-10-13,2021-10-14,False,False
2021-10-14T00:00:00Z,2021-10-15T00:00:00Z,57385.888400000003,58392.523099999999,56931.284184471697,57351.738416073596,74616135622.106003,1085970068063.62,2021-10-14,2021-10-15,False,False
2021-10-15T00:00:00Z,2021-10-16T00:00:00Z,57312.383791730201,62563.0173941666,56896.811944093999,61526.334132989898,86118647815.135895,1128342374834.1001,2021-10-15,2021-10-16,False,False
2021-10-16T00:00:00Z,2021-10-17T00:00:00Z,61698.030219262902,62339.366300000002,60217.259444932897,60860.891837066003,120671026625.123,1154753101204.4099,2021-10-16,2021-10-17,False,False
2021-10-17T00:00:00Z,2021-10-18T00:00:00Z,60867.8948379828,61582.251552491303,59381.231627958899,61582.251552491303,99027803955.199997,1146551557538.97,2021-10-17,2021-10-18,False,False
2021-10-18T00:00:00Z,2021-10-19T00:00:00Z,61543.264697643201,62548.0097057128,60293.980000000003,61953.233099999998,98838596113.9021,1164673652771.05,2021-10-18,2021-10-19,False,False
2021-10-19T00:00:00Z,2021-10-20T00:00:00Z,62020.012600000002,64428.970500000003,61735.820699999997,64217.083899999998,85006746873.667892,1182180787104.1201,2021-10-19,2021-10-20,False,False
2021-10-20T00:00:00Z,2021-10-21T00:00:00Z,64252.726300000002,66931.092291926499,63641.195399999997,65986.302937186105,97986327751.111099,1224181952163.03,2021-10-20,2021-10-21,False,False
2021-10-21T00:00:00Z,2021-10-22T00:00:00Z,65961.049760561,66605.569157109101,62072.181300906501,62298.0930077183,114587804017.778,1212679643295.3601,2021-10-21,2021-10-22,False,False
2021-10-22T00:00:00Z,2021-10-23T00:00:00Z,62196.964385721498,63656.365580547899,60156.942436434998,60694.0000065083,105551377578.66701,1172124092074.47,2021-10-22,2021-10-23,False,False
2021-10-23T00:00:00Z,2021-10-24T00:00:00Z,60690.287314200097,61723.890966508101,60130.0103410581,61238.622199999998,99046595242.666702,1151640556060.21,2021-10-23,2021-10-24,False,False
2021-10-24T00:00:00Z,2021-10-25T00:00:00Z,61330.009599999998,61410.017599999999,59653.137694573197,60849.616398790597,78674725788.444397,1144507013385.8301,2021-10-24,2021-10-25,False,False
2021-10-25T00:00:00Z,2021-10-26T00:00:00Z,60883.773022583897,63682.797500000001,60714.962091829198,62989.544699582002,124336882773.33299,1180344974286.8999,2021-10-25,2021-10-26,False,False
2021-10-26T00:00:00Z,2021-10-27T00:00:00Z,63072.745334829699,63270.588833830501,60055.948499999999,60396.495900000002,85019446769.777802,1174884097102.4299,2021-10-26,2021-10-27,False,False
2021-10-27T00:00:00Z,2021-10-28T00:00:00Z,60332.023099999999,61445.132515794299,58299.980976102903,58681.015200000002,84438787370.666702,1121518780792.29,2021-10-27,2021-10-28,False,False
2021-10-28T00:00:00Z,2021-10-29T00:00:00Z,58437.983099999998,61940.105300000003,58239.809600000001,60438.746471385799,99674333809.777802,1135296673708.28,2021-10-28,2021-10-29,False,False
2021-10-29T00:00:00Z,2021-10-30T00:00:00Z,60599.659573495002,62945.440565589801,60340.723739313697,62220.293663782897,86787949710.222198,1160996948405.6399,2021-10-29,2021-10-30,False,False
2021-10-30T00:00:00Z,2021-10-31T00:00:00Z,62225.0129493817,62225.0129493817,60859.720226851001,61661.287352366897,82731468344.888901,1161725647399.25,2021-10-30,2021-10-31,False,False
2021-10-31T00:00:00Z,2021-11-01T00:00:00Z,61855.941858705301,62379.076999999997,60134.761893656199,61339.975640693199,74910356821.333298,1151926735422.1699,2021-10-31,2021-11-01,False,False
2021-11-01T00:00:00Z,2021-11-02T00:00:00Z,61290.081559988299,62368.257640548698,59674.610411964801,61065.031067020602,76192515527.111099,1155221485093.0701,2021-11-01,2021-11-02,False,False
2021-11-02T00:00:00Z,2021-11-03T00:00:00Z,60939.3596554252,64070.556885056001,60681.6216359717,63175.512385757997,74053887693.156799,1178743364765.8,2021-11-02,2021-11-03,False,False
2021-11-03T00:00:00Z,2021-11-04T00:00:00Z,63167.434649695198,63445.547343374499,61652.602507963798,62941.481991041597,78078281728,1184712183020.7,2021-11-03,2021-11-04,False,False
2021-11-04T00:00:00Z,2021-11-05T00:00:00Z,62906.694181847597,63048.3130161769,60739.961933231098,61367.933830973001,91063906304,1165914279822.1899,2021-11-04,2021-11-05,False,False
2021-11-05T00:00:00Z,2021-11-06T00:00:00Z,61419.269642669002,62479.963918868103,60770.008900000001,61026.017991930501,78060530858.666702,1159811159095.95,2021-11-05,2021-11-06,False,False
2021-11-06T00:00:00Z,2021-11-07T00:00:00Z,60958.665741619698,61525.448621207099,60082.751199999999,61416.308481974302,67753831523.555603,1149465104139.71,2021-11-06,2021-11-07,False,False
2021-11-07T00:00:00Z,2021-11-08T00:00:00Z,61454.052340817303,63180.133080792599,61333.079878194898,63180.133080792599,51662948792.888901,1171208655889.8799,2021-11-07,2021-11-08,False,False
2021-11-08T00:00:00Z,2021-11-09T00:00:00Z,63278.231639660902,67669.970400000006,63278.231639660902,67500.024735568906,74247256679.832199,1240714967085.55,2021-11-08,2021-11-09,False,False
2021-11-09T00:00:00Z,2021-11-10T00:00:00Z,67510.919423595202,68476.420176262196,66358.933600000004,66913.3364,87830965772.487793,1273517674317.2,2021-11-09,2021-11-10,False,False
2021-11-10T00:00:00Z,2021-11-11T00:00:00Z,66929.451121606806,68769.955368540497,63347.501199999999,64871.2521613344,82515809848.888901,1261663607351.0701,2021-11-10,2021-11-11,False,False
2021-11-11T00:00:00Z,2021-11-12T00:00:00Z,64933.599774561997,65579.549062325401,64198.9734022005,64800.361016013499,100838867968,1224666570146.1001,2021-11-11,2021-11-12,False,False
2021-11-12T00:00:00Z,2021-11-13T00:00:00Z,64774.264501065802,65379.961799999997,62434.007958218899,64315.363636089198,71878085660.444397,1210870198644.8501,2021-11-12,2021-11-13,False,False
2021-11-13T00:00:00Z,2021-11-14T00:00:00Z,64173.738741554102,64849.964937276098,63412.859807522997,64471.043617788499,65339468068.571404,1208320622447.26,2021-11-13,2021-11-14,False,False
2021-11-14T00:00:00Z,2021-11-15T00:00:00Z,64385.1823,65255.046861527997,63622.554700000001,65255.046861527997,59249840056.641098,1216469725526.54,2021-11-14,2021-11-15,False,False
2021-11-15T00:00:00Z,2021-11-16T00:00:00Z,65499.742006672299,66263.205583957897,63539.593268058299,63715.769775685199,92914188431.216797,1228575749681.02,2021-11-15,2021-11-16,False,False
2021-11-16T00:00:00Z,2021-11-17T00:00:00Z,63609.998399999997,63609.998399999997,58904.409200000002,60189.998500000002,103183520369.778,1147284421893.6101,2021-11-16,2021-11-17,False,False
2021-11-17T00:00:00Z,2021-11-18T00:00:00Z,60110.704134909902,60733.986100000002,58758.343399999998,60338.924899999998,96569006904.888901,1129909400493.6699,2021-11-17,2021-11-18,False,False
2021-11-18T00:00:00Z,2021-11-19T00:00:00Z,60347.586300000003,60862.721100000002,56542.163800000002,56749.2716,86652421148.444397,1113747141785.6299,2021-11-18,2021-11-19,False,False
2021-11-19T00:00:00Z,2021-11-20T00:00:00Z,56959.900066417198,58289.368199999997,55653.0576,58046.889146434703,98574108785.777802,1079380838316.29,2021-11-19,2021-11-20,False,False
2021-11-20T00:00:00Z,2021-11-21T00:00:00Z,58068.7451965695,59815.373610267299,57486.379399999998,59815.373610267299,61671238556.444397,1107213020711.4399,2021-11-20,2021-11-21,False,False
2021-11-21T00:00:00Z,2021-11-22T00:00:00Z,59669.735976244803,59845.000335179102,58544.949925585999,58681.092309849402,54396801621.333298,1116084489219.46,2021-11-21,2021-11-22,False,False
2021-11-22T00:00:00Z,2021-11-23T00:00:00Z,58711.913369104201,59060.9948,55688.957300000002,56369.5245,64891116995.132896,1082425278046.9301,2021-11-22,2021-11-23,False,False
2021-11-23T00:00:00Z,2021-11-24T00:00:00Z,56257.898957874502,57831.816696675698,55778.037757676298,57672.528942640798,80273621447.111099,1074357246909.39,2021-11-23,2021-11-24,False,False
2021-11-24T00:00:00Z,2021-11-25T00:00:00Z,57531.1497685738,57693.841200000003,55970.386542814202,57103.460599999999,92075052088.888901,1071282953938.95,2021-11-24,2021-11-25,False,False
2021-11-25T00:00:00Z,2021-11-26T00:00:00Z,57193.144200000002,59332.883999999998,57011.148649125302,58907.050757878103,85144802119.111099,1099471586191.52,2021-11-25,2021-11-26,False,False
2021-11-26T00:00:00Z,2021-11-27T00:00:00Z,58913.598064749101,59120.010546789599,53660.1937622978,53663.601593208499,90868399886.222198,1051040419402.73,2021-11-26,2021-11-27,False,False
2021-11-27T00:00:00Z,2021-11-28T00:00:00Z,53559.313178286298,55203.723200404602,53559.313178286298,54487.450221165003,85681165966.222198,1031832646506.48,2021-11-27,2021-11-28,False,False
2021-11-28T00:00:00Z,2021-11-29T00:00:00Z,54819.267391832997,57315.016535962997,53629.731099999997,57158.668340378201,72397988451.555603,1030718873999.7,2021-11-28,2021-11-29,False,False
2021-11-29T00:00:00Z,2021-11-30T00:00:00Z,57213.043143938303,58774.786699999997,56795.1008,57876.494238356703,104328491548.444,1086833411519.2,2021-11-29,2021-11-30,False,False
2021-11-30T00:00:00Z,2021-12-01T00:00:00Z,57767.630409791098,58994.785000000003,56059.044999999998,57030.125652843402,111719410744.88901,1082408766734.03,2021-11-30,2021-12-01,False,False
2021-12-01T00:00:00Z,2021-12-02T00:00:00Z,56970.007198157902,58958.8099,56546.995566990503,57173.0795,127630261276.444,1083292316966.76,2021-12-01,2021-12-02,False,False
2021-12-02T00:00:00Z,2021-12-03T00:00:00Z,57190.982300000003,57347.7228517232,55902.370626227203,56405.668920640397,133521653731.556,1070203438582.33,2021-12-02,2021-12-03,False,False
2021-12-03T00:00:00Z,2021-12-04T00:00:00Z,56489.300658754597,57369.3998458102,52673.892884824403,53708.677199999998,114935573504,1054805699201.33,2021-12-03,2021-12-04,False,False
2021-12-04T00:00:00Z,2021-12-05T00:00:00Z,53548.269,53793.540800000002,44648.346899999997,49014.112875501603,166195006606.22198,925178880076.14197,2021-12-04,2021-12-05,False,False
2021-12-05T00:00:00Z,2021-12-06T00:00:00Z,49220.046000597198,49633.871581679399,47780.439200000001,49217.912400000001,136894367744,926804760642.78796,2021-12-05,2021-12-06,False,False
2021-12-06T00:00:00Z,2021-12-07T00:00:00Z,49368.493499999997,50868.2329101133,47227.303258214801,50453.046981208499,165375344014.22198,921705766952.58301,2021-12-06,2021-12-07,False,False
2021-12-07T00:00:00Z,2021-12-08T00:00:00Z,50520.544420169499,51898.372799999997,50164.918394520297,50559.947613629498,150922018929.77802,962760996130.95996,2021-12-07,2021-12-08,False,False
2021-12-08T00:00:00Z,2021-12-09T00:00:00Z,50588.985834969797,51040.025071435302,48716.632100000003,50471.216957757599,128105784092.444,949930410100.50903,2021-12-08,2021-12-09,False,False
2021-12-09T00:00:00Z,2021-12-10T00:00:00Z,50460.038478181901,50743.737532302599,47382.099499999997,47834.994293517797,135905608860.444,926809191291.67603,2021-12-09,2021-12-10,False,False
2021-12-10T00:00:00Z,2021-12-11T00:00:00Z,47639.044744797196,49937.662776412697,47092.330699999999,47092.330699999999,98359015374.048798,911452189464.62305,2021-12-10,2021-12-11,False,False
2021-12-11T00:00:00Z,2021-12-12T00:00:00Z,47130.012499999997,49450.048176923003,46987.964599999999,49286.366630734497,63290674631.111099,915574764208.58801,2021-12-11,2021-12-12,False,False
2021-12-12T00:00:00Z,2021-12-13T00:00:00Z,49286.487587595802,50649.516258579002,48722.103140321902,50116.991761967802,46747982705.777802,936560918368.49194,2021-12-12,2021-12-13,False,False
2021-12-13T00:00:00Z,2021-12-14T00:00:00Z,50071.277903459399,50165.288656566998,45948.491699999999,46745.625399999997,54139662683.363998,911084204454.51697,2021-12-13,2021-12-14,False,False
2021-12-14T00:00:00Z,2021-12-15T00:00:00Z,46727.999799999998,48557.383239450501,46390.671300000002,48395.2956706474,67494313141.965202,891798583849.68994,2021-12-14,2021-12-15,False,False
2021-12-15T00:00:00Z,2021-12-16T00:00:00Z,48356.789320686301,49462.224521042197,46663.512199999997,48787.241699999999,61369380949.333298,909423386548.54602,2021-12-15,2021-12-16,False,False
2021-12-16T00:00:00Z,2021-12-17T00:00:00Z,48858.974600000001,49286.250275018501,47550.344700000001,47709.164400000001,70100915925.333298,918209245783.98596,2021-12-16,2021-12-17,False,False
2021-12-17T00:00:00Z,2021-12-18T00:00:00Z,47646.981800000001,47963.790099999998,45732.729290051902,46305.327151384903,57135221176.888901,889687060026.45801,2021-12-17,2021-12-18,False,False
2021-12-18T00:00:00Z,2021-12-19T00:00:00Z,46163.403304311003,47244.379010984601,45609.0824346097,46871.018443452398,58797940995.605598,881039954959.29297,2021-12-18,2021-12-19,False,False
2021-12-19T00:00:00Z,2021-12-20T00:00:00Z,46778.238204801797,47999.999787799701,46455.298385130103,46686.496299999999,44667184937.174797,891953778428.76501,2021-12-19,2021-12-20,False,False
2021-12-20T00:00:00Z,2021-12-21T00:00:00Z,46706.435661563199,47307.355530060602,45617.230225540799,46878.428090132496,51058403683.555603,877638144421.86902,2021-12-20,2021-12-21,False,False
2021-12-21T00:00:00Z,2021-12-22T00:00:00Z,46911.813159921599,49263.332182877202,46656.158340102898,48938.909500000002,62230469987.555603,915084553732.16699,2021-12-21,2021-12-22,False,False
2021-12-22T00:00:00Z,2021-12-23T00:00:00Z,48903.621299999999,49527.313857325797,48452.8584811115,48648.5060460319,52735526286.222198,925874599957.12305,2021-12-22,2021-12-23,False,False
2021-12-23T00:00:00Z,2021-12-24T00:00:00Z,48593.025600000001,51342.022757971703,48084.816452457999,50795.703732494003,48359492622.222198,927934023644.01599,2021-12-23,2021-12-24,False,False
2021-12-24T00:00:00Z,2021-12-25T00:00:00Z,50795.598059706797,51749.997955666797,50463.750572863501,50771.9277,54528629745.777802,964931428923.99597,2021-12-24,2021-12-25,False,False
2021-12-25T00:00:00Z,2021-12-26T00:00:00Z,50768.743000000002,51098.032800000001,50260.183900000004,50629.981244038499,42058927196.444397,961121295103.38794,2021-12-25,2021-12-26,False,False
2021-12-26T00:00:00Z,2021-12-27T00:00:00Z,50390.389286298901,51209.462718069502,49545.532097155701,50799.978860661897,42671826325.333298,948264959665.57104,2021-12-26,2021-12-27,False,False
2021-12-27T00:00:00Z,2021-12-28T00:00:00Z,50787.263830239201,51950.912600000003,50459.2636408174,50650.171444929598,46958435299.555603,965586558289.31299,2021-12-27,2021-12-28,False,False
2021-12-28T00:00:00Z,2021-12-29T00:00:00Z,50667.988337926203,50667.988337926203,47411.717237117198,47637.888400000003,59398212508.444397,924133638276.18604,2021-12-28,2021-12-29,False,False
2021-12-29T00:00:00Z,2021-12-30T00:00:00Z,47547.8655,48112.021471847002,46272.662980553199,46408.302670998499,88269733930.666702,899887200649.76697,2021-12-29,2021-12-30,False,False
2021-12-30T00:00:00Z,2021-12-31T00:00:00Z,46430.481224408999,47876.4918389636,46077.722276036802,47161.0092,122924810126.222,890774200999.68994,2021-12-30,2021-12-31,False,False
2021-12-31T00:00:00Z,2022-01-01T00:00:00Z,47139.358999999997,48505.9997,45712.566592293602,46304.949594200203,78100267491.555603,894565347308.203,2021-12-31,2022-01-01,False,False
2022-01-01T00:00:00Z,2022-01-02T00:00:00Z,46198.203781118304,47840.310785217902,46198.203781118304,47544.499400000001,99413619768.888901,891181081068.50403,2022-01-01,2022-01-02,False,False
2022-01-02T00:00:00Z,2022-01-03T00:00:00Z,47722.939700000003,47869.110699999997,46702.753900000003,47313.6322,74535852088.888901,893627342141.78601,2022-01-02,2022-01-03,False,False
2022-01-03T00:00:00Z,2022-01-04T00:00:00Z,47311.9467,47514.360017753002,45703.0280745036,46424.345999999998,115996952163.556,885723263175.974,2022-01-03,2022-01-04,False,False
2022-01-04T00:00:00Z,2022-01-05T00:00:00Z,46412.079599999997,47493.9931,45705.038988184198,45884.4596581148,74674146005.333298,878429374359.37598,2022-01-04,2022-01-05,False,False
2022-01-05T00:00:00Z,2022-01-06T00:00:00Z,45850.556260767196,46991.005499999999,42500.048600000002,43529.7281,109144957240.88901,868515207994.26501,2022-01-05,2022-01-06,False,False
2022-01-06T00:00:00Z,2022-01-07T00:00:00Z,43403.542000000001,43733.316500000001,42596.1224,43119.063859150403,111270290375.11099,815464759259.08301,2022-01-06,2022-01-07,False,False
2022-01-07T00:00:00Z,2022-01-08T00:00:00Z,43136.994447066201,43136.994447066201,41019.065647571697,41512.924200000001,88215244174.222198,794822609637.62903,2022-01-07,2022-01-08,False,False
2022-01-08T00:00:00Z,2022-01-09T00:00:00Z,41543.160100000001,42298.479500000001,40642.198600000003,41752.929995934603,85660416753.777802,789225148271.77795,2022-01-08,2022-01-09,False,False
2022-01-09T00:00:00Z,2022-01-10T00:00:00Z,41686.158112060999,42687.531505910403,41375.026299999998,41880.900952657903,70389962012.444397,792884797916.22998,2022-01-09,2022-01-10,False,False
2022-01-10T00:00:00Z,2022-01-11T00:00:00Z,41841.863519616498,42217.654000000002,39782.074480649302,41786.218399999998,95449311303.111099,787404507138.44897,2022-01-10,2022-01-11,False,False
2022-01-11T00:00:00Z,2022-01-12T00:00:00Z,41835.662199999999,43049.9823517369,41284.8914,42674.297200000001,74616303444.738693,798516202518.99194,2022-01-11,2022-01-12,False,False
2022-01-12T00:00:00Z,2022-01-13T00:00:00Z,42710.847500000003,44168.127899999999,42470.150040559398,43900.027000000002,54479088241.777802,817199869441.53406,2022-01-12,2022-01-13,False,False
2022-01-13T00:00:00Z,2022-01-14T00:00:00Z,43888.843999999997,44290.042286797303,42334.354689522603,42580.330300000001,50948501191.111099,821822974369.95496,2022-01-13,2022-01-14,False,False
2022-01-14T00:00:00Z,2022-01-15T00:00:00Z,42549.959000000003,43387.7382520846,41808.151155658801,43068.726579459697,62549530396.444397,808978928444.10095,2022-01-14,2022-01-15,False,False
2022-01-15T00:00:00Z,2022-01-16T00:00:00Z,43061.115962751399,43728.012904819101,42642.323231187598,43145.307630316704,62347797020.444397,816280344976.77698,2022-01-15,2022-01-16,False,False
2022-01-16T00:00:00Z,2022-01-17T00:00:00Z,43099.979069314497,43421.956700000002,42609.704899999997,43104.677125924398,56378730624,815612565453.026,2022-01-16,2022-01-17,False,False
2022-01-17T00:00:00Z,2022-01-18T00:00:00Z,43072.255775670099,43120.079195552702,41583.014867316699,42199.009108743798,69711029248,805222595768.995,2022-01-17,2022-01-18,False,False
2022-01-18T00:00:00Z,2022-01-19T00:00:00Z,42229.5272190545,42582.425900000002,41329.6296,42352.135900000001,53607842417.777802,793765659206.76904,2022-01-18,2022-01-19,False,False
2022-01-19T00:00:00Z,2022-01-20T00:00:00Z,42373.525699999998,42472.497065219097,41204.1748080978,41676.498777177199,53128314580.292702,793440774216.98901,2022-01-19,2022-01-20,False,False
2022-01-20T00:00:00Z,2022-01-21T00:00:00Z,41697.059338602201,43443.984971107398,40630.033874984598,40673.944115470098,49528825059.555603,799069350717.98596,2022-01-20,2022-01-21,False,False
2022-01-21T00:00:00Z,2022-01-22T00:00:00Z,40721.947412535999,41050.389906050797,35728.015299999999,36400.667999999998,86773141888,732232020498.26697,2022-01-21,2022-01-22,False,False
2022-01-22T00:00:00Z,2022-01-23T00:00:00Z,36452.392500000002,36690.317652099198,34299.9624172693,35015.934632817101,105799073362.35001,672308016424.73206,2022-01-22,2022-01-23,False,False
2022-01-23T00:00:00Z,2022-01-24T00:00:00Z,35044.333930382702,36411.9150525156,34692.127899999999,36231.142599999999,81586496355.555603,670661229998.93994,2022-01-23,2022-01-24,False,False
2022-01-24T00:00:00Z,2022-01-25T00:00:00Z,36245.2641,37205.163999999997,33111.235099999998,36705.9179,75077380195.555603,664425424142.27405,2022-01-24,2022-01-25,False,False
2022-01-25T00:00:00Z,2022-01-26T00:00:00Z,36637.1927,37434.676099999997,35719.348353296999,36948.631026572897,91347141963.818802,691210079787.73303,2022-01-25,2022-01-26,False,False
2022-01-26T00:00:00Z,2022-01-27T00:00:00Z,36948.839367886299,38891.825199999999,36306.5859735626,36775.529503573503,63422975943.111099,709933063606.19897,2022-01-26,2022-01-27,False,False
2022-01-27T00:00:00Z,2022-01-28T00:00:00Z,36786.6937111101,37201.842346658603,35519.974000000002,37201.842346658603,72166742215.111099,688422851103.92395,2022-01-27,2022-01-28,False,False
2022-01-28T00:00:00Z,2022-01-29T00:00:00Z,37062.964425297701,37929.944799999997,36168.9271905602,37784.722900000001,57734635207.111099,701591357896.45898,2022-01-28,2022-01-29,False,False
2022-01-29T00:00:00Z,2022-01-30T00:00:00Z,37741.928399999997,38577.996299999999,37369.209770748297,38131.823600000003,43358998030.222198,716194744589.00098,2022-01-29,2022-01-30,False,False
2022-01-30T00:00:00Z,2022-01-31T00:00:00Z,38161.9290897807,38287.7546,37412.248098426302,37937.339,34793417166.222198,718755992118.69495,2022-01-30,2022-01-31,False,False
2022-01-31T00:00:00Z,2022-02-01T00:00:00Z,37913.239500000003,38669.258900000001,36692.124971584097,38472.006235855399,55549798961.777802,711351011645.09204,2022-01-31,2022-02-01,False,False
2022-02-01T00:00:00Z,2022-02-02T00:00:00Z,38465.162374601103,39210.262026906501,38103.138299999999,38761.9683,56064105713.777802,730374447011.67798,2022-02-01,2022-02-02,False,False
2022-02-02T00:00:00Z,2022-02-03T00:00:00Z,38699.181400000001,38809.532099999997,36705.011120120798,36835.9015,53890737621.333298,720655977540.76599,2022-02-02,2022-02-03,False,False
2022-02-03T00:00:00Z,2022-02-04T00:00:00Z,36876.006999999998,37100.848450350699,36319.962245666902,37027.779999999999,48461561216,697161963180.96997,2022-02-03,2022-02-04,False,False
2022-02-04T00:00:00Z,2022-02-05T00:00:00Z,37282.735999999997,41653.560358634699,37045.650782644298,41653.560358634699,55437962574.222198,732289923801.32898,2022-02-04,2022-02-05,False,False
2022-02-05T00:00:00Z,2022-02-06T00:00:00Z,41556.703347195798,41870.070599999999,41040.981952714101,41360.053800000002,78108918926.222198,786562949420.73706,2022-02-05,2022-02-06,False,False
2022-02-06T00:00:00Z,2022-02-07T00:00:00Z,41426.253900000003,42487.835577448299,41247.127500000002,42388.0723424596,47310906872.888901,788074594407.99805,2022-02-06,2022-02-07,False,False
2022-02-07T00:00:00Z,2022-02-08T00:00:00Z,42396.1532435763,44462.432800839597,41672.929207212401,43905.997977766798,55562600874.666702,816605884545.27795,2022-02-07,2022-02-08,False,False
2022-02-08T00:00:00Z,2022-02-09T00:00:00Z,43837.6565574618,45404.655547330498,42712.322222758201,44082.392580922497,73991938261.333298,830883774189.328,2022-02-08,2022-02-09,False,False
2022-02-09T00:00:00Z,2022-02-10T00:00:00Z,44017.465761264903,44748.541899999997,43160.213300000003,44283.914199999999,68034018631.111099,832281102950.08301,2022-02-09,2022-02-10,False,False
2022-02-10T00:00:00Z,2022-02-11T00:00:00Z,44376.4542,45648.651299999998,43255.494298729704,43524.377918322403,65554357845.333298,839930914682.10205,2022-02-10,2022-02-11,False,False
2022-02-11T00:00:00Z,2022-02-12T00:00:00Z,43510.534084290703,43896.244300612903,42067.474199999997,42377.652699999999,86770612437.333298,818182947265.172,2022-02-11,2022-02-12,False,False
2022-02-12T00:00:00Z,2022-02-13T00:00:00Z,42374.979200000002,42963.415020755099,41791.953200000004,42126.3511,65888611477.333298,802248285937.41394,2022-02-12,2022-02-13,False,False
2022-02-13T00:00:00Z,2022-02-14T00:00:00Z,42181.871299999999,42713.9205,41891.5929952523,42235.513599999998,39865657948.444397,802407091556.18005,2022-02-13,2022-02-14,False,False
2022-02-14T00:00:00Z,2022-02-15T00:00:00Z,42046.378700000001,42770.0601952496,41661.351690037598,42594.941902518003,47232394516.659698,800465237037.57202,2022-02-14,2022-02-15,False,False
2022-02-15T00:00:00Z,2022-02-16T00:00:00Z,42550.181714324899,44701.421030758902,42480.319320564398,44602.531499999997,58821263488,831732771858.34094,2022-02-15,2022-02-16,False,False
2022-02-16T00:00:00Z,2022-02-17T00:00:00Z,44522.958899999998,44522.958899999998,43367.644200000002,43997.711600000002,51244306560.445999,833896616078.05505,2022-02-16,2022-02-17,False,False
2022-02-17T00:00:00Z,2022-02-18T00:00:00Z,43874.065900000001,44101.505100000002,40214.022271165399,40491.0412,59257593216,808358041670.26697,2022-02-17,2022-02-18,False,False
2022-02-18T00:00:00Z,2022-02-19T00:00:00Z,40528.125099999997,40924.097164353603,39629.338364957999,39976.235950323004,67854684188.543602,765918052415.20203,2022-02-18,2022-02-19,False,False
2022-02-19T00:00:00Z,2022-02-20T00:00:00Z,39991.167616071398,40427.211653972001,39652.009599999998,40112.5595289751,50941849784.888901,759529015275.42798,2022-02-19,2022-02-20,False,False
2022-02-20T00:00:00Z,2022-02-21T00:00:00Z,40096.001674425599,40100.0429,38077.040800000002,38464.852797323001,39952153991.111099,734771306231.11902,2022-02-20,2022-02-21,False,False
2022-02-21T00:00:00Z,2022-02-22T00:00:00Z,38362.694544132297,39402.350765058502,36922.0285,37003.1535579107,57203595477.333298,729866202965.11597,2022-02-21,2022-02-22,False,False
2022-02-22T00:00:00Z,2022-02-23T00:00:00Z,37060.007811124597,38337.825100000002,36444.818267716997,38302.8439,81464065635.555603,709288617552.52795,2022-02-22,2022-02-23,False,False
2022-02-23T00:00:00Z,2022-02-24T00:00:00Z,38227.777399999999,39158.340100000001,37088.338775873097,37287.486342718803,108954655658.66701,724585419657.51001,2022-02-23,2022-02-24,False,False
2022-02-24T00:00:00Z,2022-02-25T00:00:00Z,37216.404393148601,39132.782700000003,34408.529327647499,38296.165926889,130682462236.444,685030805141.10901,2022-02-24,2022-02-25,False,False
2022-02-25T00:00:00Z,2022-02-26T00:00:00Z,38329.3868309838,39616.9516,38054.571129945703,39219.476757001299,85942038343.111099,736163298230.94202,2022-02-25,2022-02-26,False,False
2022-02-26T00:00:00Z,2022-02-27T00:00:00Z,39226.4628678343,39970.489460562501,38606.451500000003,39033.535300000003,53525292771.555603,743680328774.19495,2022-02-26,2022-02-27,False,False
2022-02-27T00:00:00Z,2022-02-28T00:00:00Z,39091.950700000001,39773.256738831697,37129.656408306902,37714.483888054601,46101678641.777802,734004325756.46497,2022-02-27,2022-02-28,False,False
2022-02-28T00:00:00Z,2022-03-01T00:00:00Z,37703.774039245698,43716.5700488082,37513.3181726775,43181.143700000001,68880211740.444397,747149243496.15906,2022-02-28,2022-03-01,False,False
2022-03-01T00:00:00Z,2022-03-02T00:00:00Z,43182.005400000002,44788.0749,42934.442600000002,44359.871200000001,92935896888.888901,827710306554.24805,2022-03-01,2022-03-02,False,False
2022-03-02T00:00:00Z,2022-03-03T00:00:00Z,44404.9179,45173.580897644097,43387.876900000003,43938.476842984797,77745565525.333298,835633793463.62695,2022-03-02,2022-03-03,False,False
2022-03-03T00:00:00Z,2022-03-04T00:00:00Z,43901.746144445402,44035.4590397516,41862.518100000001,42450.883431941198,66512987510.634201,818020318280.72302,2022-03-03,2022-03-04,False,False
2022-03-04T00:00:00Z,2022-03-05T00:00:00Z,42465.006625018897,42498.5162606339,38732.824915492798,39120.042398861297,73188777466.610504,776819353264.19299,2022-03-04,2022-03-05,False,False
2022-03-05T00:00:00Z,2022-03-06T00:00:00Z,39144.653087530598,39576.600599999998,38750.396892516299,39409.212468752499,59407483445.218597,742730898448.63,2022-03-05,2022-03-06,False,False
2022-03-06T00:00:00Z,2022-03-07T00:00:00Z,39399.035000000003,39637.148099999999,38155.286699999997,38385.185248781701,40023234666.666702,740361513818.54797,2022-03-06,2022-03-07,False,False
2022-03-07T00:00:00Z,2022-03-08T00:00:00Z,38398.935460703498,39399.968464708603,37172.818131092397,37991.879474149799,61781654513.777802,725961264635.00098,2022-03-07,2022-03-08,False,False
2022-03-08T00:00:00Z,2022-03-09T00:00:00Z,38021.162314153902,39333.713100000001,38021.162314153902,38724.820089474197,87695148501.333298,733186143516.76794,2022-03-08,2022-03-09,False,False
2022-03-09T00:00:00Z,2022-03-10T00:00:00Z,38741.223977458198,42508.697214971799,38680.0846785006,41955.065316149099,81739633848.888901,788164037667.26404,2022-03-09,2022-03-10,False,False
2022-03-10T00:00:00Z,2022-03-11T00:00:00Z,41950.435235942299,42002.187856195997,38770.031430669798,39461.351015646404,117700388864,751963347858.48303,2022-03-10,2022-03-11,False,False
2022-03-11T00:00:00Z,2022-03-12T00:00:00Z,39427.6279907196,40118.9882868122,38291.8488,38770.045913321403,73106728689.777802,739416933555.19495,2022-03-11,2022-03-12,False,False
2022-03-12T00:00:00Z,2022-03-13T00:00:00Z,38729.041388350503,39321.402499999997,38722.922201212401,38875.986045716898,56650400298.666702,742192664746.5,2022-03-12,2022-03-13,False,False
2022-03-13T00:00:00Z,2022-03-14T00:00:00Z,38803.986366643199,39220.944100000001,37670.389242914003,37824.351532563203,33924499228.444401,738309972282.59595,2022-03-13,2022-03-14,False,False
2022-03-14T00:00:00Z,2022-03-15T00:00:00Z,37784.666650100102,39808.3817283362,37590.881500000003,39599.024365049103,47001002609.777802,735083105284.88501,2022-03-14,2022-03-15,False,False
2022-03-15T00:00:00Z,2022-03-16T00:00:00Z,39669.018468658403,39805.399614592803,38230.941899999998,39302.016786309498,54149954759.111099,740438348991.70898,2022-03-15,2022-03-16,False,False
2022-03-16T00:00:00Z,2022-03-17T00:00:00Z,39301.179555578703,41538.600599999998,38964.636815544203,41147.279885960197,74235084060.444397,763561055615.35999,2022-03-16,2022-03-17,False,False
2022-03-17T00:00:00Z,2022-03-18T00:00:00Z,41115.369182844501,41306.806174620397,40600.029000000002,40958.225160154798,68916952832,776343262406.20398,2022-03-17,2022-03-18,False,False
2022-03-18T00:00:00Z,2022-03-19T00:00:00Z,40912.960433144799,42231.719899999996,40255.886465539799,41767.098165348798,53167419719.111099,777374367214.83398,2022-03-18,2022-03-19,False,False
2022-03-19T00:00:00Z,2022-03-20T00:00:00Z,41752.501017723,42357.052799999998,41585.958124996403,42166.229542118999,47396630065.777802,794482952303.17798,2022-03-19,2022-03-20,False,False
2022-03-20T00:00:00Z,2022-03-21T00:00:00Z,42207.510235466398,42279.9997,40980.511464920397,41252.051988234998,39440414008.888901,790398950958.88,2022-03-20,2022-03-21,False,False
2022-03-21T00:00:00Z,2022-03-22T00:00:00Z,41219.863543662097,41498.266168406903,40534.251168005598,41051.833458489898,48679170659.555603,780302969090.37,2022-03-21,2022-03-22,False,False
2022-03-22T00:00:00Z,2022-03-23T00:00:00Z,41064.538428193599,43176.927821428799,40940.054736085098,42376.744218394197,66069747399.111099,805991263113.64001,2022-03-22,2022-03-23,False,False
2022-03-23T00:00:00Z,2022-03-24T00:00:00Z,42362.023225974102,42925.977979817901,41810.056889691798,42925.977979817901,55434469875.512199,802216470987.20105,2022-03-23,2022-03-24,False,False
2022-03-24T00:00:00Z,2022-03-25T00:00:00Z,42901.787989429999,44196.3812521215,42726.384662254502,43948.891125071699,58305154460.444397,822842858825.65295,2022-03-24,2022-03-25,False,False
2022-03-25T00:00:00Z,2022-03-26T00:00:00Z,43997.597867656703,45054.743999999999,43775.982799999998,44365.1825501411,64975617208.888901,840819908970.96399,2022-03-25,2022-03-26,False,False
2022-03-26T00:00:00Z,2022-03-27T00:00:00Z,44314.415814688997,44769.8851,44162.890660482699,44533.2174197434,52033351153.777802,843029009115.29504,2022-03-26,2022-03-27,False,False
2022-03-27T00:00:00Z,2022-03-28T00:00:00Z,44532.133851776503,46842.719552021903,44438.296185876199,46842.719552021903,38989618744.888901,853605708449.22803,2022-03-27,2022-03-28,False,False
2022-03-28T00:00:00Z,2022-03-29T00:00:00Z,46824.6064098938,48129.973865901797,46711.004794168402,46888.221150879297,72557284890.759598,898470120345.88501,2022-03-28,2022-03-29,False,False
2022-03-29T00:00:00Z,2022-03-30T00:00:00Z,47086.2012879381,47988.538290296201,47032.005031976099,47498.665651329,64970232760.888901,903107803449.71399,2022-03-29,2022-03-30,False,False
2022-03-30T00:00:00Z,2022-03-31T00:00:00Z,47442.243330878402,47686.718937455298,46698.338561436598,47100.459371124402,60347299811.555603,897335595157.79102,2022-03-30,2022-03-31,False,False
2022-03-31T00:00:00Z,2022-04-01T00:00:00Z,47055.993053926999,47559.984547583001,45380.493702375898,45540.826387141897,64306786075.651604,886483715248.60706,2022-03-31,2022-04-01,False,False
2022-04-01T00:00:00Z,2022-04-02T00:00:00Z,45520.196841455698,46608.6751788806,44376.979328257599,46231.004759405099,82428634329.644608,864912314319.15198,2022-04-01,2022-04-02,False,False
2022-04-02T00:00:00Z,2022-04-03T00:00:00Z,46249.968399999998,47025.378054817404,45768.235157012503,45845.957561654701,68534723185.777802,882428839235.87805,2022-04-02,2022-04-03,False,False
2022-04-03T00:00:00Z,2022-04-04T00:00:00Z,45793.5291878727,47331.954700000002,45556.131176656301,46430.696713233803,53182050972.444397,880120047929.84998,2022-04-03,2022-04-04,False,False
2022-04-04T00:00:00Z,2022-04-05T00:00:00Z,46429.496492808503,46853.4882,45201.068714784597,46605.602969257903,75797947520,874912902658.64404,2022-04-04,2022-04-05,False,False
2022-04-05T00:00:00Z,2022-04-06T00:00:00Z,46598.160049240498,47143.741840613402,45573.537413245598,45573.537413245598,107956835470.222,880592114003.39404,2022-04-05,2022-04-06,False,False
2022-04-06T00:00:00Z,2022-04-07T00:00:00Z,45479.969446432602,45479.969446432602,43138.519468664097,43138.519468664097,82230669554.620193,847920145405.88794,2022-04-06,2022-04-07,False,False
2022-04-07T00:00:00Z,2022-04-08T00:00:00Z,43154.774536428398,43855.363700000002,42814.948199728402,43480.174721361,75865888668.444397,825828787135.29004,2022-04-07,2022-04-08,False,False
2022-04-08T00:00:00Z,2022-04-09T00:00:00Z,43425.244093583802,43931.439434842498,42125.069199999998,42283.429199999999,66062123279.163803,822794031898.64294,2022-04-08,2022-04-09,False,False
2022-04-09T00:00:00Z,2022-04-10T00:00:00Z,42251.561199999996,42788.711164040797,42173.7307484341,42788.711164040797,73792248078.222198,806884426772.89197,2022-04-09,2022-04-10,False,False
2022-04-10T00:00:00Z,2022-04-11T00:00:00Z,42760.395879715703,43380.944600000003,41985.8831588998,42242.784099999997,43043982570.666702,812480645848.48804,2022-04-10,2022-04-11,False,False
2022-04-11T00:00:00Z,2022-04-12T00:00:00Z,42149.979899999998,42396.229800000001,39356.547100000003,39456.933041691598,80332825508.896805,784059447109.92798,2022-04-11,2022-04-12,False,False
2022-04-12T00:00:00Z,2022-04-13T00:00:00Z,39529.550415461999,40609.968200000003,39302.213338942602,40169.215123146198,80791296855.493698,759455472598.44995,2022-04-12,2022-04-13,False,False
2022-04-13T00:00:00Z,2022-04-14T00:00:00Z,40074.9619673376,41377.566156583402,39608.7080586058,41160.0481,73354177156.475494,769181253554.63306,2022-04-13,2022-04-14,False,False
2022-04-14T00:00:00Z,2022-04-15T00:00:00Z,41131.736199999999,41492.799299999999,39672.103268641098,39909.716866234601,111088440361.25999,773019068518.521,2022-04-14,2022-04-15,False,False
2022-04-15T00:00:00Z,2022-04-16T00:00:00Z,39933.888799896697,40596.1495,39837.744139263501,40558.127,62222356110.222198,764750253259.71301,2022-04-15,2022-04-16,False,False
2022-04-16T00:00:00Z,2022-04-17T00:00:00Z,40554.470200000003,40645.810371043903,40005.064100000003,40386.510799999996,35562888234.666702,767846795179.57898,2022-04-16,2022-04-17,False,False
2022-04-17T00:00:00Z,2022-04-18T00:00:00Z,40374.385600000001,40565.435479997097,39617.521000000001,39678.000099999997,31897051043.555599,766257664501.56104,2022-04-17,2022-04-18,False,False
2022-04-18T00:00:00Z,2022-04-19T00:00:00Z,39695.539799999999,41023.073005216102,38723.549899999998,40826.6711,60921696974.222198,754101790795.42896,2022-04-18,2022-04-19,False,False
2022-04-19T00:00:00Z,2022-04-20T00:00:00Z,40799.943599999999,41633.610200000003,40608.302492028801,41504.4185,70678190372.571396,780493478213.854,2022-04-19,2022-04-20,False,False
2022-04-20T00:00:00Z,2022-04-21T00:00:00Z,41493.801899999999,42130.142524925999,40954.5686345207,41363.503663627802,69240966368.780502,788247505332.26697,2022-04-20,2022-04-21,False,False
2022-04-21T00:00:00Z,2022-04-22T00:00:00Z,41353.676756117202,42940.900000000001,39951.301132489803,40528.777699999999,73691646478.222198,792867627807.11499,2022-04-21,2022-04-22,False,False
2022-04-22T00:00:00Z,2022-04-23T00:00:00Z,40480.3508,40759.068399999996,39285.165200000003,39757.554100000001,81778114660.251801,763437909024.01001,2022-04-22,2022-04-23,False,False
2022-04-23T00:00:00Z,2022-04-24T00:00:00Z,39715.134899999997,39929.322873070902,39348.9515462485,39419.530100000004,61949621809.777802,754477694660.11206,2022-04-23,2022-04-24,False,False
2022-04-24T00:00:00Z,2022-04-25T00:00:00Z,39441.658300000003,39846.010900000001,39140.6639,39479.996970271903,39181600746.666702,753730386333.31299,2022-04-24,2022-04-25,False,False
2022-04-25T00:00:00Z,2022-04-26T00:00:00Z,39464.9982648601,40567.890399999997,38209.396099999998,40475.275211355402,58683004977.951202,746129993085.59399,2022-04-25,2022-04-26,False,False
2022-04-26T00:00:00Z,2022-04-27T00:00:00Z,40420.005235221397,40704.6634658166,37768.639787142201,38026.746255595499,67555517226.666702,754629577383.10803,2022-04-26,2022-04-27,False,False
2022-04-27T00:00:00Z,2022-04-28T00:00:00Z,38115.302300000003,39364.623599999999,38028.062899999997,39248.439281782099,73618715406.222198,738288778490.72595,2022-04-27,2022-04-28,False,False
2022-04-28T00:00:00Z,2022-04-29T00:00:00Z,39235.765099999997,40306.952155336701,38935.6728,39749.938600000001,65834105863.160797,753560180406.21497,2022-04-28,2022-04-29,False,False
2022-04-29T00:00:00Z,2022-04-30T00:00:00Z,39746.676399999997,39909.906300000002,38197.372100000001,38592.0044169865,67804116465.777802,743673916875.64905,2022-04-29,2022-04-30,False,False
2022-04-30T00:00:00Z,2022-05-01T00:00:00Z,38600.019850330602,38767.589599999999,37653.412427116797,37660.452922140699,56363985095.111099,732444173875.62695,2022-04-30,2022-05-01,False,False
2022-05-01T00:00:00Z,2022-05-02T00:00:00Z,37636.021418351098,38615.598700000002,37572.229799988701,38467.093999999997,49695227037.820801,723843145851.62,2022-05-01,2022-05-02,False,False
2022-05-02T00:00:00Z,2022-05-03T00:00:00Z,38465.513099999996,39073.388889640097,38223.905251843396,38503.909590194096,65011354367.011597,736164254475.79297,2022-05-02,2022-05-03,False,False
2022-05-03T00:00:00Z,2022-05-04T00:00:00Z,38509.952767597497,38641.791020217497,37542.866991760297,37732.299752318897,64576497095.111099,728004459988.99902,2022-05-03,2022-05-04,False,False
2022-05-04T00:00:00Z,2022-05-05T00:00:00Z,37723.639888541999,39925.609900000003,37677.897295172901,39699.033959176202,57656679965.257103,738713445755.203,2022-05-04,2022-05-05,False,False
2022-05-05T00:00:00Z,2022-05-06T00:00:00Z,39690.0317,39793.917300000001,35756.460926483698,36568.759599999998,71671425773.268295,731324627995.94995,2022-05-05,2022-05-06,False,False
2022-05-06T00:00:00Z,2022-05-07T00:00:00Z,36571.607199999999,36581.659679912998,35403.457407287802,36033.063399999999,84644729016.888901,688126748876.61597,2022-05-06,2022-05-07,False,False
2022-05-07T00:00:00Z,2022-05-08T00:00:00Z,36019.555099999998,36121.832406191097,34857.250099999997,35552.563999999998,52179098249.365898,682599940832.81006,2022-05-07,2022-05-08,False,False
2022-05-08T00:00:00Z,2022-05-09T00:00:00Z,35478.564899999998,35496.135004517499,33828.135799999996,33933.542810028797,59930329173.333298,657631808942.36804,2022-05-08,2022-05-09,False,False
2022-05-09T00:00:00Z,2022-05-10T00:00:00Z,34062.893995467799,34215.739099999999,30184.7756872604,30363.8656166158,77739876770.253494,621850069688.93103,2022-05-09,2022-05-10,False,False
2022-05-10T00:00:00Z,2022-05-11T00:00:00Z,30106.4345631016,32574.5398550682,29853.4145384365,31024.703300000001,127314423495.11099,596373223036.44604,2022-05-10,2022-05-11,False,False
2022-05-11T00:00:00Z,2022-05-12T00:00:00Z,31000.9768,32038.594344299101,28303.805558669199,28984.535800000001,103426550994.509,582283878616.38196,2022-05-11,2022-05-12,False,False
2022-05-12T00:00:00Z,2022-05-13T00:00:00Z,29044.259300000002,30133.217400000001,26812.8459,29130.0386,137849705984,543919496621.117,2022-05-12,2022-05-13,False,False
2022-05-13T00:00:00Z,2022-05-14T00:00:00Z,29012.3858,30990.3561595104,28784.977999999999,29250.004000000001,143425804515.556,574594869134.22498,2022-05-13,2022-05-14,False,False
2022-05-14T00:00:00Z,2022-05-15T00:00:00Z,29289.777900000001,30255.8115,28735.710173486299,30123.775600000001,66074598286.222198,559872002421.09094,2022-05-14,2022-05-15,False,False
2022-05-15T00:00:00Z,2022-05-16T00:00:00Z,30076.9329,31390.479899999998,29512.244200000001,31333.765617069999,45280980437.333298,573617058982.26501,2022-05-15,2022-05-16,False,False
2022-05-16T00:00:00Z,2022-05-17T00:00:00Z,31293.222385285801,31293.222385285801,29239.160798946901,29880.5481642345,55757204906.666702,570951550317.495,2022-05-16,2022-05-17,False,False
2022-05-17T00:00:00Z,2022-05-18T00:00:00Z,29833.052495476299,30731.704900000001,29532.760900000001,30452.624328329501,54496429838.222198,576731773060.64404,2022-05-17,2022-05-18,False,False
2022-05-18T00:00:00Z,2022-05-19T00:00:00Z,30446.067278936702,30622.945355751901,28714.118399999999,28760.153900000001,66819677365.965202,563937579946.51501,2022-05-18,2022-05-19,False,False
2022-05-19T00:00:00Z,2022-05-20T00:00:00Z,28696.6142,30496.060389124399,28696.6142,30376.331478606899,77876670965.258698,562865558972.18103,2022-05-19,2022-05-20,False,False
2022-05-20T00:00:00Z,2022-05-21T00:00:00Z,30319.7083675426,30698.2660428985,28761.511408153601,29234.032909858899,64020598172.444397,567830871551.01001,2022-05-20,2022-05-21,False,False
2022-05-21T00:00:00Z,2022-05-22T00:00:00Z,29205.2875162534,29593.574110584101,28992.455300000001,29449.985559922399,48647341319.111099,558928566961.94897,2022-05-21,2022-05-22,False,False
2022-05-22T00:00:00Z,2022-05-23T00:00:00Z,29445.062122180101,30426.877960949601,29246.776546640798,30366.042220961699,34792840362.666702,567574103618.36694,2022-05-22,2022-05-23,False,False
2022-05-23T00:00:00Z,2022-05-24T00:00:00Z,30295.927741628198,30619.925588456201,28887.0037221565,29114.081131154398,49091907997.8815,573306612491.27795,2022-05-23,2022-05-24,False,False
2022-05-24T00:00:00Z,2022-05-25T00:00:00Z,29096.330187632801,29794.473300000001,28749.978927725999,29674.112300000001,61173457223.111099,558378843638.229,2022-05-24,2022-05-25,False,False
2022-05-25T00:00:00Z,2022-05-26T00:00:00Z,29654.596600000001,30201.432100000002,29382.542394489501,29557.533735644301,59054062151.111099,566957692688.28003,2022-05-25,2022-05-26,False,False
2022-05-26T00:00:00Z,2022-05-27T00:00:00Z,29554.5432,29868.820400000001,28143.434861215599,29353.619262832599,67488629632,561112897767.93005,2022-05-26,2022-05-27,False,False
2022-05-27T00:00:00Z,2022-05-28T00:00:00Z,29194.91,29357.666814889501,28291.0351373267,28606.474472616799,79709591395.555603,550545723746.28699,2022-05-27,2022-05-28,False,False
2022-05-28T00:00:00Z,2022-05-29T00:00:00Z,28605.611088161299,29144.959374974998,28543.1557093509,29047.060268766701,52117457770.666702,550403459998.92004,2022-05-28,2022-05-29,False,False
2022-05-29T00:00:00Z,2022-05-30T00:00:00Z,29031.307367141799,29530.422914976702,28855.5589,29445.724099999999,29084438122.666698,555225725632.15405,2022-05-29,2022-05-30,False,False
2022-05-30T00:00:00Z,2022-05-31T00:00:00Z,29468.0772,31882.650099999999,29319.4299763694,31720.029500000001,50971087599.8881,583248423788.62805,2022-05-30,2022-05-31,False,False
2022-05-31T00:00:00Z,2022-06-01T00:00:00Z,31734.2022,32298.4175208626,31242.241101424101,31852.834383189998,70227787192.888901,604248798473.67395,2022-05-31,2022-06-01,False,False
2022-06-01T00:00:00Z,2022-06-02T00:00:00Z,31779.9995544659,31945.459415006098,29490.8508812855,29789.421133570901,64099978301.080704,592142241617.23804,2022-06-01,2022-06-02,False,False
2022-06-02T00:00:00Z,2022-06-03T00:00:00Z,29795.174993854002,30614.1205512571,29628.060046270399,30441.465050230301,72164759239.111099,572595501230.26904,2022-06-02,2022-06-03,False,False
2022-06-03T00:00:00Z,2022-06-04T00:00:00Z,30461.9485373879,30648.679796976201,29353.7049479907,29717.558046416001,53726854599.111099,571530787432.24402,2022-06-03,2022-06-04,False,False
2022-06-04T00:00:00Z,2022-06-05T00:00:00Z,29705.776151948601,29927.823695377501,29475.217400000001,29840.075215941401,39962044160,566064779259.46802,2022-06-04,2022-06-05,False,False
2022-06-05T00:00:00Z,2022-06-06T00:00:00Z,29847.3263421507,30162.096091625801,29591.6353027736,29909.210373336198,28084240917.333302,568276877179.00305,2022-06-05,2022-06-06,False,False
2022-06-06T00:00:00Z,2022-06-07T00:00:00Z,29930.4593026947,31729.396877458799,29925.3226861316,31367.422598414902,49275600327.111099,595661299287.20703,2022-06-06,2022-06-07,False,False
2022-06-07T00:00:00Z,2022-06-08T00:00:00Z,31380.135300000002,31545.883099999999,29266.125,31193.069200000002,68097897088,572155772444.80396,2022-06-07,2022-06-08,False,False
2022-06-08T00:00:00Z,2022-06-09T00:00:00Z,31120.220300000001,31268.657819757002,29912.029299999998,30204.548582606101,75542208295.662003,580845333537.88403,2022-06-08,2022-06-09,False,False
2022-06-09T00:00:00Z,2022-06-10T00:00:00Z,30212.851075047602,30639.960565416401,29982.063072724999,30111.706750133901,48748364379.621101,576733008890.28699,2022-06-09,2022-06-10,False,False
2022-06-10T00:00:00Z,2022-06-11T00:00:00Z,30078.132330542801,30312.440699999999,28900.478713892899,29082.531950308599,52091153521.777802,565428800703.81897,2022-06-10,2022-06-11,False,False
2022-06-11T00:00:00Z,2022-06-12T00:00:00Z,29095.1811047226,29425.938699999999,28170.852015546199,28399.974900000001,53289670456.888901,550475615516.25098,2022-06-11,2022-06-12,False,False
2022-06-12T00:00:00Z,2022-06-13T00:00:00Z,28415.5422,28519.7408,26704.7293571763,26704.7293571763,60305080590.222198,527069614633.27399,2022-06-12,2022-06-13,False,False
2022-06-13T00:00:00Z,2022-06-14T00:00:00Z,26599.661163385099,26863.632857677199,22070.979899999998,22509.099399999999,105249305349.371,462314682932.59003,2022-06-13,2022-06-14,False,False
2022-06-14T00:00:00Z,2022-06-15T00:00:00Z,22456.780802188099,22982.332200000001,20869.1585185761,22209.514999999999,123594977869.24899,423267130396.76001,2022-06-14,2022-06-15,False,False
2022-06-15T00:00:00Z,2022-06-16T00:00:00Z,22174.800599999999,22653.3575597493,20142.253613826299,22490.590727314499,90580280561.777802,407624997348.388,2022-06-15,2022-06-16,False,False
2022-06-16T00:00:00Z,2022-06-17T00:00:00Z,22579.095953143798,22943.381142243201,20252.011399999999,20383.688900000001,92380926151.804901,409049560826.44,2022-06-16,2022-06-17,False,False
2022-06-17T00:00:00Z,2022-06-18T00:00:00Z,20406.024300000001,21292.183000000001,20267.287280200599,20468.214499999998,67973860679.111099,394848790059.14697,2022-06-17,2022-06-18,False,False
2022-06-18T00:00:00Z,2022-06-19T00:00:00Z,20461.923699999999,20741.739095630299,17697.702496556802,19007.503100000002,61457061780.9617,369023241511.36798,2022-06-18,2022-06-19,False,False
2022-06-19T00:00:00Z,2022-06-20T00:00:00Z,19010.476500000001,20706.3161,18022.469505013702,20554.902699999999,82744323328,368085789556.55402,2022-06-19,2022-06-20,False,False
2022-06-20T00:00:00Z,2022-06-21T00:00:00Z,20580.038,20914.588400000001,19705.753850112898,20672.801100000001,63496474254.222198,387527639821.40503,2022-06-20,2022-06-21,False,False
2022-06-21T00:00:00Z,2022-06-22T00:00:00Z,20577.599699999999,21647.0789,20401.578300000001,20739.943385719202,56244118427.4618,400486104262.81598,2022-06-21,2022-06-22,False,False
2022-06-22T00:00:00Z,2022-06-23T00:00:00Z,20722.225852522999,20859.859037541399,19845.684341723801,19976.053591349199,52507160192,387629559078.78601,2022-06-22,2022-06-23,False,False
2022-06-23T00:00:00Z,2022-06-24T00:00:00Z,19975.7299254471,21160.101480528901,19975.7299254471,21075.168799999999,50275136312.888901,391754411545.69202,2022-06-23,2022-06-24,False,False
2022-06-24T00:00:00Z,2022-06-25T00:00:00Z,21097.664499999999,21461.365279716701,20764.615699999998,21279.532329177899,49938802076.444397,402565105296.29901,2022-06-24,2022-06-25,False,False
2022-06-25T00:00:00Z,2022-06-26T00:00:00Z,21221.526904420702,21528.421200000001,20941.213299999999,21499.971037134201,45185609102.222198,405779943182.65802,2022-06-25,2022-06-26,False,False
2022-06-26T00:00:00Z,2022-06-27T00:00:00Z,21504.605966903699,21836.737837671899,21001.378698847398,21029.2163,36017590144,407726053064.87799,2022-06-26,2022-06-27,False,False
2022-06-27T00:00:00Z,2022-06-28T00:00:00Z,21036.933000000001,21496.338,20647.678409149499,20732.983400000001,39899888824.888901,401731178345.50098,2022-06-27,2022-06-28,False,False
2022-06-28T00:00:00Z,2022-06-29T00:00:00Z,20715.201372762702,21183.621532094199,20223.803606624198,20293.450799999999,42703964992,395180734750.909,2022-06-28,2022-06-29,False,False
2022-06-29T00:00:00Z,2022-06-30T00:00:00Z,20278.898000000001,20389.373455811899,19907.7698228931,20101.119999999999,45608149548.599297,384572998161.43799,2022-06-29,2022-06-30,False,False
2022-06-30T00:00:00Z,2022-07-01T00:00:00Z,20117.924200000001,20145.985100000002,18703.159685898499,19816.746359929701,46778511125.333298,369357539206.58002,2022-06-30,2022-07-01,False,False
2022-07-01T00:00:00Z,2022-07-02T00:00:00Z,19922.8190479203,20623.152261582902,19075.463199999998,19336.1044410867,63618849237.333298,373099100824.93402,2022-07-01,2022-07-02,False,False
2022-07-02T00:00:00Z,2022-07-03T00:00:00Z,19266.388522188099,19425.755513647899,19036.131500871801,19246.509488426898,39790523569.777802,367230819438.14099,2022-07-02,2022-07-03,False,False
2022-07-03T00:00:00Z,2022-07-04T00:00:00Z,19249.347298895202,19567.108100000001,18973.251867430601,19310.075499999999,29227636337.777802,365991968153.19397,2022-07-03,2022-07-04,False,False
2022-07-04T00:00:00Z,2022-07-05T00:00:00Z,19317.457999999999,20296.167000000001,19071.777099999999,20255.645400000001,33124206627.555599,372653433607.48999,2022-07-04,2022-07-05,False,False
2022-07-05T00:00:00Z,2022-07-06T00:00:00Z,20219.665199999999,20687.751382262599,19354.562723264698,20185.962328275298,47991911817.846199,381901509024.66699,2022-07-05,2022-07-06,False,False
2022-07-06T00:00:00Z,2022-07-07T00:00:00Z,20209.975467165801,20615.7438,19835.700400000002,20557.535549272499,52267397111.462601,385421461532.84003,2022-07-06,2022-07-07,False,False
2022-07-07T00:00:00Z,2022-07-08T00:00:00Z,20562.573465552599,21801.064699999999,20279.629400000002,21647.1659284091,44030315825.777802,396814663327.15503,2022-07-07,2022-07-08,False,False
2022-07-08T00:00:00Z,2022-07-09T00:00:00Z,21654.1354991382,22332.7935189702,21250.8843526665,21801.082205426901,70338781754.871094,415489591997.28802,2022-07-08,2022-07-09,False,False
2022-07-09T00:00:00Z,2022-07-10T00:00:00Z,21594.395622245,21951.026600000001,21424.162703269601,21592.741748203101,83660958023.111099,412806037389.15997,2022-07-09,2022-07-10,False,False
2022-07-10T00:00:00Z,2022-07-11T00:00:00Z,21584.981658562701,21589.4230324417,20701.0521982674,20857.6558373646,54982980252.444397,403608460617.63501,2022-07-10,2022-07-11,False,False
2022-07-11T00:00:00Z,2022-07-12T00:00:00Z,20849.271921637501,20849.271921637501,19930.490384877099,19992.294567027398,49043628074.666702,391019023393.65198,2022-07-11,2022-07-12,False,False
2022-07-12T00:00:00Z,2022-07-13T00:00:00Z,19961.358397116201,20043.3868,19313.260763230799,19313.260763230799,48327162040.888901,377450556442.84802,2022-07-12,2022-07-13,False,False
2022-07-13T00:00:00Z,2022-07-14T00:00:00Z,19330.026300000001,20223.018599999999,19001.016351104499,20187.1528,55545072384,374601942548.60199,2022-07-13,2022-07-14,False,False
2022-07-14T00:00:00Z,2022-07-15T00:00:00Z,20241.3541,20748.383302333401,19659.560107605601,20587.535800000001,67129015438.222198,385428719518.82703,2022-07-14,2022-07-15,False,False
2022-07-15T00:00:00Z,2022-07-16T00:00:00Z,20587.366999999998,21161.5687287193,20406.8534494833,20831.311371902,70225059640.195099,396977697387.64099,2022-07-15,2022-07-16,False,False
2022-07-16T00:00:00Z,2022-07-17T00:00:00Z,20825.9571256745,21507.1692688369,20514.660800000001,21192.1136728528,67204086400,398560864419.21802,2022-07-16,2022-07-17,False,False
2022-07-17T00:00:00Z,2022-07-18T00:00:00Z,21207.8509540374,21605.869305574099,20769.4022572963,20769.4022572963,63000171477.333298,405280805586.62402,2022-07-17,2022-07-18,False,False
2022-07-18T00:00:00Z,2022-07-19T00:00:00Z,20787.3768215444,22688.7168330317,20787.3768215444,22440.036584128298,75819726179.555603,416830549514.32202,2022-07-18,2022-07-19,False,False
2022-07-19T00:00:00Z,2022-07-20T00:00:00Z,22517.095496298101,23695.773799999999,21620.9054,23407.345099999999,104199588124.444,430166512641.93201,2022-07-19,2022-07-20,False,False
2022-07-20T00:00:00Z,2022-07-21T00:00:00Z,23409.933000000001,24237.7006,22966.774600000001,23244.574199999999,93750028123.874603,450053895443.80103,2022-07-20,2022-07-21,False,False
2022-07-21T00:00:00Z,2022-07-22T00:00:00Z,23219.138200000001,23403.2821,22369.096919709798,23180.087500000001,91477466453.333298,438036787268.617,2022-07-21,2022-07-22,False,False
2022-07-22T00:00:00Z,2022-07-23T00:00:00Z,23153.358400000001,23679.194822512,22559.008600000001,22701.084999999999,86243476340.850204,441950488414.32397,2022-07-22,2022-07-23,False,False
2022-07-23T00:00:00Z,2022-07-24T00:00:00Z,22683.3616,22971.266800000001,22000.690877293298,22471.315703067801,66410503533.202797,429970549238.53003,2022-07-23,2022-07-24,False,False
2022-07-24T00:00:00Z,2022-07-25T00:00:00Z,22459.036285746199,22990.3936116732,22295.844400000002,22600.7847140663,64037183873.337997,432554845044.93799,2022-07-24,2022-07-25,False,False
2022-07-25T00:00:00Z,2022-07-26T00:00:00Z,22583.915772423799,22620.953902998099,21340.4673,21340.4673,63096376192,419308316689.92902,2022-07-25,2022-07-26,False,False
2022-07-26T00:00:00Z,2022-07-27T00:00:00Z,21317.184000000001,21317.184000000001,20737.035817202901,21206.715243842398,80699937495.860596,401724637843.71503,2022-07-26,2022-07-27,False,False
2022-07-27T00:00:00Z,2022-07-28T00:00:00Z,21279.622352811999,22943.120423415501,21047.545399999999,22943.120423415501,74499287061.4077,413620711790.03998,2022-07-27,2022-07-28,False,False
2022-07-28T00:00:00Z,2022-07-29T00:00:00Z,22954.998072154202,24139.475699999999,22713.871949048498,23847.013442735599,95390300728.888901,445314132645.69897,2022-07-28,2022-07-29,False,False
2022-07-29T00:00:00Z,2022-07-30T00:00:00Z,23852.0087597042,24298.652223099401,23452.463599999999,23746.273399999998,82637280583.111099,456242554881.867,2022-07-29,2022-07-30,False,False
2022-07-30T00:00:00Z,2022-07-31T00:00:00Z,23789.5514,24589.353570680101,23550.677500000002,23642.243234107798,78457212017.777802,459086809086.10101,2022-07-30,2022-07-31,False,False
2022-07-31T00:00:00Z,2022-08-01T00:00:00Z,23635.6363585248,24167.1510730847,23258.2971,23314.429599999999,70552922680.888901,453330489667.01202,2022-07-31,2022-08-01,False,False
2022-08-01T00:00:00Z,2022-08-02T00:00:00Z,23311.5556,23475.594300000001,22864.676618594702,23311.592835341002,63362851484.444397,443686399923.68103,2022-08-01,2022-08-02,False,False
2022-08-02T00:00:00Z,2022-08-03T00:00:00Z,23281.930867103099,23423.380366916899,22683.043600000001,22963.8255377813,64458226289.777802,438874273552.16901,2022-08-02,2022-08-03,False,False
2022-08-03T00:00:00Z,2022-08-04T00:00:00Z,22986.797643830701,23567.733199999999,22722.408599999999,22812.304800000002,61731132919.080101,442850015786.80298,2022-08-03,2022-08-04,False,False
2022-08-04T00:00:00Z,2022-08-05T00:00:00Z,22817.335295209101,23200.519310198499,22449.9977,22635.520004406699,63618554424.888901,436671458582.974,2022-08-04,2022-08-05,False,False
2022-08-05T00:00:00Z,2022-08-06T00:00:00Z,22603.229345337699,23440.186608494201,22603.229345337699,23225.789747532101,129511878926.222,440925915648.10999,2022-08-05,2022-08-06,False,False
2022-08-06T00:00:00Z,2022-08-07T00:00:00Z,23296.014358714499,23327.098460222998,22938.3603,22938.3603,46671867100.444397,443172289378.62,2022-08-06,2022-08-07,False,False
2022-08-07T00:00:00Z,2022-08-08T00:00:00Z,22941.6741,23371.0648,22864.385900000001,23170.702417541801,37227900821.333298,441070611370.92297,2022-08-07,2022-08-08,False,False
2022-08-08T00:00:00Z,2022-08-09T00:00:00Z,23173.564493456601,24223.891660943998,23173.564493456601,23792.955000000002,61125921052.444397,454755111561.97601,2022-08-08,2022-08-09,False,False
2022-08-09T00:00:00Z,2022-08-10T00:00:00Z,23817.559000000001,23892.833999999999,22906.460200000001,23158.699095578198,70921624871.111099,448026726997.48297,2022-08-09,2022-08-10,False,False
2022-08-10T00:00:00Z,2022-08-11T00:00:00Z,23145.3940815397,24149.627130637698,22734.437956381498,23940.204499589301,75259928007.111099,447407095340.55103,2022-08-10,2022-08-11,False,False
2022-08-11T00:00:00Z,2022-08-12T00:00:00Z,23956.835804030601,24838.0225842293,23872.7772,23928.977800000001,86265117553.777802,465824711793.651,2022-08-11,2022-08-12,False,False
2022-08-12T00:00:00Z,2022-08-13T00:00:00Z,23934.390599999999,24417.575700000001,23644.725901721002,24395.937999999998,74588843079.111099,458429489535.79102,2022-08-12,2022-08-13,False,False
2022-08-13T00:00:00Z,2022-08-14T00:00:00Z,24399.297900000001,24879.863314874299,24334.202208404298,24427.973183996601,55096228622.222198,468930049868.28998,2022-08-13,2022-08-14,False,False
2022-08-14T00:00:00Z,2022-08-15T00:00:00Z,24443.2077181026,24975.355100000001,24177.6329148185,24323.002169348401,45036090766.222198,468505617974.20697,2022-08-14,2022-08-15,False,False
2022-08-15T00:00:00Z,2022-08-16T00:00:00Z,24300.9430397008,25136.0173,23804.7166,24146.6057,59267124807.111099,463905635630.02301,2022-08-15,2022-08-16,False,False
2022-08-16T00:00:00Z,2022-08-17T00:00:00Z,24088.5357,24236.628199999999,23707.543900000001,23889.746060195001,59133679900.444397,458345123480.83502,2022-08-16,2022-08-17,False,False
2022-08-17T00:00:00Z,2022-08-18T00:00:00Z,23858.860419407101,24416.598000000002,23213.0590282093,23311.759146540498,55592942003.2892,453256684699.59399,2022-08-17,2022-08-18,False,False
2022-08-18T00:00:00Z,2022-08-19T00:00:00Z,23338.3930037268,23575.611199999999,23140.458575066299,23206.1852,50975738595.555603,447830687692.11298,2022-08-18,2022-08-19,False,False
2022-08-19T00:00:00Z,2022-08-20T00:00:00Z,23192.072199999999,23192.072199999999,20840.724270840699,20840.724270840699,56799885624.888901,417759707938.02399,2022-08-19,2022-08-20,False,False
2022-08-20T00:00:00Z,2022-08-21T00:00:00Z,20836.676332369902,21336.823875590599,20829.8379238868,21163.408502563201,61145030798.717796,404934592425.89001,2022-08-20,2022-08-21,False,False
2022-08-21T00:00:00Z,2022-08-22T00:00:00Z,21138.109082009501,21671.110181767799,21085.999156997001,21515.706346354102,42209985479.111099,408762717345.30298,2022-08-21,2022-08-22,False,False
2022-08-22T00:00:00Z,2022-08-23T00:00:00Z,21511.405475999902,21511.405475999902,20931.2781138227,21418.634999999998,48612705848.888901,406816213314.11298,2022-08-22,2022-08-23,False,False
2022-08-23T00:00:00Z,2022-08-24T00:00:00Z,21412.832900000001,21632.790665155899,20946.783395273898,21516.1308214356,56455916259.555603,409246011088.18103,2022-08-23,2022-08-24,False,False
2022-08-24T00:00:00Z,2022-08-25T00:00:00Z,21512.995189548899,21826.3262,21172.074323490298,21378.104807932199,50558561664,410769202810.87903,2022-08-24,2022-08-25,False,False
2022-08-25T00:00:00Z,2022-08-26T00:00:00Z,21367.7249092772,21773.148661765001,21330.7948,21591.284830139299,50399097415.111099,413233152001.35602,2022-08-25,2022-08-26,False,False
2022-08-26T00:00:00Z,2022-08-27T00:00:00Z,21563.193109764401,21812.788896295599,20122.7785125718,20215.514854890102,54504579114.666702,404941903812.07898,2022-08-26,2022-08-27,False,False
2022-08-27T00:00:00Z,2022-08-28T00:00:00Z,20254.820063594801,20331.546960700001,19870.573934771099,20050.570500000002,59715633080.888901,384932413807.47302,2022-08-27,2022-08-28,False,False
2022-08-28T00:00:00Z,2022-08-29T00:00:00Z,20032.7284,20133.3567,19606.735100000002,19606.735100000002,41580848931.555603,382562471282.79602,2022-08-28,2022-08-29,False,False
2022-08-29T00:00:00Z,2022-08-30T00:00:00Z,19539.580699999999,20360.700499999999,19539.580699999999,20280.871175771601,50011859821.714302,382224120625.59497,2022-08-29,2022-08-30,False,False
2022-08-30T00:00:00Z,2022-08-31T00:00:00Z,20295.0574694071,20558.011500000001,19595.5805,19768.065299999998,59130067821.714302,385411494436.50598,2022-08-30,2022-08-31,False,False
2022-08-31T00:00:00Z,2022-09-01T00:00:00Z,19794.257300000001,20438.013302173302,19794.257300000001,20046.947100000001,68910236344.888901,386652241579.52197,2022-08-31,2022-09-01,False,False
2022-09-01T00:00:00Z,2022-09-02T00:00:00Z,20053.473999999998,20185.997599999999,19619.654900000001,20145.588400000001,59976236430.222198,382219556944.81,2022-09-01,2022-09-02,False,False
2022-09-02T00:00:00Z,2022-09-03T00:00:00Z,20123.430130053999,20409.616990529201,19787.500414179001,19927.546600000001,53777627899.5401,384504946573.66998,2022-09-02,2022-09-03,False,False
2022-09-03T00:00:00Z,2022-09-04T00:00:00Z,19957.5713,20046.5481,19678.206999999999,19834.795622562899,46422244778.666702,379758022134.11902,2022-09-03,2022-09-04,False,False
2022-09-04T00:00:00Z,2022-09-05T00:00:00Z,19830.806457390001,19999.596577466898,19620.934300000001,19975.308100088099,30188903488,379030074894.12903,2022-09-04,2022-09-05,False,False
2022-09-05T00:00:00Z,2022-09-06T00:00:00Z,20000.3994757664,20040.553289123502,19660.148567918401,19808.0959608095,35287255189.333298,378844293108.78699,2022-09-05,2022-09-06,False,False
2022-09-06T00:00:00Z,2022-09-07T00:00:00Z,19786.607401362198,20154.4026748174,18744.9048,18812.061036941599,48719532558.222198,375267536735.271,2022-09-06,2022-09-07,False,False
2022-09-07T00:00:00Z,2022-09-08T00:00:00Z,18785.907329197202,19446.587,18578.8404150352,19275.303555717001,56371120128,361859331726.13702,2022-09-07,2022-09-08,False,False
2022-09-08T00:00:00Z,2022-09-09T00:00:00Z,19283.333150304199,19428.686750062701,19081.546200000001,19318.420399999999,49633780892.444397,368644994965.328,2022-09-08,2022-09-09,False,False
2022-09-09T00:00:00Z,2022-09-10T00:00:00Z,19324.631700000002,21396.569028613601,19323.360100000002,21370.640871412601,60209335509.333298,396784798543.48199,2022-09-09,2022-09-10,False,False
2022-09-10T00:00:00Z,2022-09-11T00:00:00Z,21362.693470407699,21767.751499999998,21166.987246271601,21661.704000000002,62426090339.555603,409414147728.23602,2022-09-10,2022-09-11,False,False
2022-09-11T00:00:00Z,2022-09-12T00:00:00Z,21648.389999999999,21810.0002082559,21381.901300000001,21789.452410620601,51346227840,413658530577.95001,2022-09-11,2022-09-12,False,False
2022-09-12T00:00:00Z,2022-09-13T00:00:00Z,21818.6029600455,22458.6333141494,21589.694656033502,22387.938627526601,69203768618.666702,423653315759.19098,2022-09-12,2022-09-13,False,False
2022-09-13T00:00:00Z,2022-09-14T00:00:00Z,22399.9782323951,22698.771665322602,20032.164700000001,20172.392456003799,81152505173.333298,412380903690.474,2022-09-13,2022-09-14,False,False
2022-09-14T00:00:00Z,2022-09-15T00:00:00Z,20175.702087441601,20486.084349024801,19748.013188581899,20251.719834922402,84479598023.111099,387241698025.513,2022-09-14,2022-09-15,False,False
2022-09-15T00:00:00Z,2022-09-16T00:00:00Z,20221.790212423799,20288.697499999998,19652.741839849099,19662.388299999999,75639756188.444397,382778123467.03003,2022-09-15,2022-09-16,False,False
2022-09-16T00:00:00Z,2022-09-17T00:00:00Z,19702.013999999999,19880.553575179401,19360.156599999998,19756.268185871799,66830132536.888901,377413510866.05499,2022-09-16,2022-09-17,False,False
2022-09-17T00:00:00Z,2022-09-18T00:00:00Z,19803.7123268334,20173.354459357201,19768.490116814399,20123.640551657201,57758805461.333298,382058836181.77301,2022-09-17,2022-09-18,False,False
2022-09-18T00:00:00Z,2022-09-19T00:00:00Z,20121.849304363299,20121.849304363299,19374.4683,19393.593907619899,47383656476.444397,380422504433.06897,2022-09-18,2022-09-19,False,False
2022-09-19T00:00:00Z,2022-09-20T00:00:00Z,19420.560907415402,19623.120936850901,18391.819388875101,19576.6371993168,79169374904.888901,364027259526.04999,2022-09-19,2022-09-20,False,False
2022-09-20T00:00:00Z,2022-09-21T00:00:00Z,19537.112899779098,19624.335984835001,18799.0747374598,18873.200499999999,77663890642.508698,367436797852.78998,2022-09-20,2022-09-21,False,False
2022-09-21T00:00:00Z,2022-09-22T00:00:00Z,18873.908299999999,19670.8659144671,18200.895538073699,18501.820494487802,73457138531.555603,364096452308.92798,2022-09-21,2022-09-22,False,False
2022-09-22T00:00:00Z,2022-09-23T00:00:00Z,18480.4257415633,19493.9364540524,18374.854404399401,19429.132693792599,99240692195.555603,363556233837.29303,2022-09-22,2022-09-23,False,False
2022-09-23T00:00:00Z,2022-09-24T00:00:00Z,19404.7361289074,19466.708699999999,18568.779495688599,19245.9694176208,77987818268.444397,365154077232.53699,2022-09-23,2022-09-24,False,False
2022-09-24T00:00:00Z,2022-09-25T00:00:00Z,19290.279613542501,19294.6278823512,18831.329282068102,18931.7341116342,70758854556.444397,365483878913.815,2022-09-24,2022-09-25,False,False
2022-09-25T00:00:00Z,2022-09-26T00:00:00Z,18923.498800000001,19135.629499999999,18682.76348555,18814.051599999999,44811745464.888901,363657781154.98798,2022-09-25,2022-09-26,False,False
2022-09-26T00:00:00Z,2022-09-27T00:00:00Z,18802.699700000001,19277.5115565345,18700.551100000001,19238.7536,67509007649.003502,364325052317.86499,2022-09-26,2022-09-27,False,False
2022-09-27T00:00:00Z,2022-09-28T00:00:00Z,19224.758300000001,20346.161400000001,18844.264402099401,19098.4798201915,98288909824,378214069987.11902,2022-09-27,2022-09-28,False,False
2022-09-28T00:00:00Z,2022-09-29T00:00:00Z,19109.881484046298,19731.875599999999,18528.601942108598,19399.488779047198,109016957213.436,366474053295.388,2022-09-28,2022-09-29,False,False
2022-09-29T00:00:00Z,2022-09-30T00:00:00Z,19417.118874852302,19595.0236,18900.611099999998,19593.3374622751,93504140231.111099,371680212221.65503,2022-09-29,2022-09-30,False,False
2022-09-30T00:00:00Z,2022-10-01T00:00:00Z,19595.1964465776,20130.3524,19251.1829,19449.607736272999,83393624974.222198,374198583961.64203,2022-09-30,2022-10-01,False,False
2022-10-01T00:00:00Z,2022-10-02T00:00:00Z,19424.060071750999,19470.252372239102,19221.463,19305.171900000001,68653690678.792999,370380976869.97101,2022-10-01,2022-10-02,False,False
2022-10-02T00:00:00Z,2022-10-03T00:00:00Z,19311.099099999999,19388.882900000001,18940.0944767289,19035.349883096402,38546956252.444397,368503905388.90503,2022-10-02,2022-10-03,False,False
2022-10-03T00:00:00Z,2022-10-04T00:00:00Z,19057.643695566599,19666.375700000001,19031.583301199498,19610.387900000002,57075608007.111099,370126361156.966,2022-10-03,2022-10-04,False,False
2022-10-04T00:00:00Z,2022-10-05T00:00:00Z,19621.4414,20373.396966370601,19510.545300000002,20339.725999999999,68130612935.111099,382009598457.98602,2022-10-04,2022-10-05,False,False
2022-10-05T00:00:00Z,2022-10-06T00:00:00Z,20339.976600000002,20343.105299999999,19759.35203125,20168.6041,69289916686.222198,385619968282.44702,2022-10-05,2022-10-06,False,False
2022-10-06T00:00:00Z,2022-10-07T00:00:00Z,20157.0733,20412.179100000001,19882.9090549303,19948.221902965499,73072720042.666702,386125302356.66602,2022-10-06,2022-10-07,False,False
2022-10-07T00:00:00Z,2022-10-08T00:00:00Z,19956.8027,20042.217000316599,19377.618843901801,19533.028249197101,60960544332.7108,378822333516.15302,2022-10-07,2022-10-08,False,False
2022-10-08T00:00:00Z,2022-10-09T00:00:00Z,19533.2767081321,19607.875740305099,19275.328300000001,19401.0105,47210778231.5261,373494069529.96002,2022-10-08,2022-10-09,False,False
2022-10-09T00:00:00Z,2022-10-10T00:00:00Z,19415.181499999999,19539.485280034402,19330.103001991101,19436.3351,32508420906.666698,372595217766.47498,2022-10-09,2022-10-10,False,False
2022-10-10T00:00:00Z,2022-10-11T00:00:00Z,19443.004700000001,19516.1351,19100.8137046593,19135.3740217304,43632528537.4216,370405445216.00299,2022-10-10,2022-10-11,False,False
2022-10-11T00:00:00Z,2022-10-12T00:00:00Z,19133.077336484501,19256.3799783225,18889.956348356998,19045.5416,58945067207.111099,365469491546.38397,2022-10-11,2022-10-12,False,False
2022-10-12T00:00:00Z,2022-10-13T00:00:00Z,19060.654399999999,19206.1014,19024.110199999999,19157.9773484404,57228996065.672501,366398495488.14001,2022-10-12,2022-10-13,False,False
2022-10-13T00:00:00Z,2022-10-14T00:00:00Z,19155.034232283801,19454.676403000401,18290.671399999999,19380.689298843801,66306380332.599297,364703127203.40601,2022-10-13,2022-10-14,False,False
2022-10-14T00:00:00Z,2022-10-15T00:00:00Z,19380.655778675799,19891.326799999999,19096.989699999998,19191.027399999999,94607306808.888901,374023157206.51501,2022-10-14,2022-10-15,False,False
2022-10-15T00:00:00Z,2022-10-16T00:00:00Z,19182.247599999999,19219.564699999999,19026.267199999998,19054.884699999999,55450156103.111099,366826934382.24701,2022-10-15,2022-10-16,False,False
2022-10-16T00:00:00Z,2022-10-17T00:00:00Z,19066.057400000002,19397.587347108099,19066.057400000002,19259.6206461812,31434982424.975601,367281364584.85303,2022-10-16,2022-10-17,False,False
2022-10-17T00:00:00Z,2022-10-18T00:00:00Z,19256.406229271699,19650.7575,19164.444037037902,19558.111700000001,48744779299.555603,371733239025.51398,2022-10-17,2022-10-18,False,False
2022-10-18T00:00:00Z,2022-10-19T00:00:00Z,19546.0154,19685.475562085801,19116.744200000001,19351.0697,62745223680,373218777171.651,2022-10-18,2022-10-19,False,False
2022-10-19T00:00:00Z,2022-10-20T00:00:00Z,19329.176299999999,19337.079699999998,19115.233100000001,19124.9892,61076924387.555603,368227529158.41498,2022-10-19,2022-10-20,False,False
2022-10-20T00:00:00Z,2022-10-21T00:00:00Z,19123.629099999998,19328.000800000002,18942.909,19042.930899999999,50448821589.333298,366446781146.047,2022-10-20,2022-10-21,False,False
2022-10-21T00:00:00Z,2022-10-22T00:00:00Z,19042.7405,19231.197400000001,18743.277099999999,19166.328600000001,56719066040.888901,365349689963.55798,2022-10-21,2022-10-22,False,False
2022-10-22T00:00:00Z,2022-10-23T00:00:00Z,19162.5376,19248.5638965994,19119.823901167099,19202.8529666266,51155992135.111099,367465072645.98798,2022-10-22,2022-10-23,False,False
2022-10-23T00:00:00Z,2022-10-24T00:00:00Z,19203.797900000001,19669.5072313235,19112.114699999998,19548.724900000001,29334480681.923302,369183644189.07098,2022-10-23,2022-10-24,False,False
2022-10-24T00:00:00Z,2022-10-25T00:00:00Z,19564.514599999999,19578.378400000001,19191.1109,19335.393700000001,57568925283.555603,370900489444.81598,2022-10-24,2022-10-25,False,False
2022-10-25T00:00:00Z,2022-10-26T00:00:00Z,19330.212899999999,20388.4725,19252.563399999999,20110.875561386401,62423042787.555603,375485658697.52301,2022-10-25,2022-10-26,False,False
2022-10-26T00:00:00Z,2022-10-27T00:00:00Z,20081.820635392502,20943.084644609102,20065.933676103701,20754.0239727509,111641919374.222,393580944072.76801,2022-10-26,2022-10-27,False,False
2022-10-27T00:00:00Z,2022-10-28T00:00:00Z,20766.8098868083,20860.753363645701,20249.754699154899,20283.9797492902,97985674211.555603,395221750804.98499,2022-10-27,2022-10-28,False,False
2022-10-28T00:00:00Z,2022-10-29T00:00:00Z,20292.4058450829,20733.951616960701,20074.037,20608.257900000001,86808559758.222198,390706428379.93903,2022-10-28,2022-10-29,False,False
2022-10-29T00:00:00Z,2022-10-30T00:00:00Z,20595.378942306499,21003.5573107331,20563.937000000002,20811.988365564001,78150625137.777802,398209829528.50403,2022-10-29,2022-10-30,False,False
2022-10-30T00:00:00Z,2022-10-31T00:00:00Z,20809.808812007199,20910.096399999999,20520.358146870301,20621.747899999998,64733978709.333298,397080010238.25299,2022-10-30,2022-10-31,False,False
2022-10-31T00:00:00Z,2022-11-01T00:00:00Z,20620.8161,20806.878799999999,20290.128635933699,20504.460228271801,63533875356.444397,393050043238.50299,2022-10-31,2022-11-01,False,False
2022-11-01T00:00:00Z,2022-11-02T00:00:00Z,20495.705989306101,20650.4387194519,20374.129531257498,20481.554899999999,75086343466.666702,392980109848.03998,2022-11-01,2022-11-02,False,False
2022-11-02T00:00:00Z,2022-11-03T00:00:00Z,20481.978999999999,20732.0272,20073.875475937799,20151.523076525598,69104918001.777802,391180706308.47803,2022-11-02,2022-11-03,False,False
2022-11-03T00:00:00Z,2022-11-04T00:00:00Z,20150.544414722001,20376.986634951601,20063.316500000001,20208.596506640301,89252131697.777802,388201104277.54498,2022-11-03,2022-11-04,False,False
2022-11-04T00:00:00Z,2022-11-05T00:00:00Z,20205.279060939502,21213.064582021201,20190.888425917099,21156.078000000001,86139251797.333298,396750156851.13,2022-11-04,2022-11-05,False,False
2022-11-05T00:00:00Z,2022-11-06T00:00:00Z,21145.628000000001,21461.079438522302,21095.760300000002,21281.5851,93930901873.777802,408857490033.20203,2022-11-05,2022-11-06,False,False
2022-11-06T00:00:00Z,2022-11-07T00:00:00Z,21302.329699999998,21350.988099999999,20913.053899999999,20913.053899999999,54828288042.666702,406626646751.16803,2022-11-06,2022-11-07,False,False
2022-11-07T00:00:00Z,2022-11-08T00:00:00Z,20918.172299999998,21042.870299999999,20447.279500000001,20591.745900000002,75255069696,398070575313.95099,2022-11-07,2022-11-08,False,False
2022-11-08T00:00:00Z,2022-11-09T00:00:00Z,20590.749899999999,20657.6234,17641.158800000001,18528.520927022699,116085599715.556,374846106438.49902,2022-11-08,2022-11-09,False,False
2022-11-09T00:00:00Z,2022-11-10T00:00:00Z,18545.161816741402,18566.716755985301,15652.5911,15789.342422998099,164641074119.11099,335837205845.98602,2022-11-09,2022-11-10,False,False
2022-11-10T00:00:00Z,2022-11-11T00:00:00Z,15897.516595524499,18179.2955731601,15866.9317774997,17590.414673732899,154013330318.22198,325301411702.008,2022-11-10,2022-11-11,False,False
2022-11-11T00:00:00Z,2022-11-12T00:00:00Z,17592.620699999999,17675.261600000002,16453.919131783299,17104.198400000001,108607980856.88901,328039991720.39697,2022-11-11,2022-11-12,False,False
2022-11-12T00:00:00Z,2022-11-13T00:00:00Z,17047.822100000001,17068.251700000001,16639.617024146301,16802.194299999999,68135292657.777802,322974047734.48602,2022-11-12,2022-11-13,False,False
2022-11-13T00:00:00Z,2022-11-14T00:00:00Z,16800.992600000001,16933.574499999999,16272.7358,16349.997597081699,39952276053.333298,319120153090.69299,2022-11-13,2022-11-14,False,False
2022-11-14T00:00:00Z,2022-11-15T00:00:00Z,16331.352177905799,17151.974261932301,15838.319299999999,16630.637464401701,64554331975.111099,315536886023.03699,2022-11-14,2022-11-15,False,False
2022-11-15T00:00:00Z,2022-11-16T00:00:00Z,16614.287154294499,17086.691200000001,16555.1515,16894.926500000001,68872354801.777802,322602754990.91901,2022-11-15,2022-11-16,False,False
2022-11-16T00:00:00Z,2022-11-17T00:00:00Z,16898.235799999999,16988.2412,16414.320759624599,16673.5077114101,57818172615.111099,320803225984.05298,2022-11-16,2022-11-17,False,False
2022-11-17T00:00:00Z,2022-11-18T00:00:00Z,16670.395122861501,16728.656008038801,16448.1626,16690.889527338401,51656804096,319058775211.651,2022-11-17,2022-11-18,False,False
2022-11-18T00:00:00Z,2022-11-19T00:00:00Z,16692.9227834183,16953.888974291502,16561.025900000001,16711.141784652398,47289260010.5923,321561473484.112,2022-11-18,2022-11-19,False,False
2022-11-19T00:00:00Z,2022-11-20T00:00:00Z,16704.621395779599,16807.0579,16565.156999999999,16715.838593288499,33337255479.303101,319762448550.927,2022-11-19,2022-11-20,False,False
2022-11-20T00:00:00Z,2022-11-21T00:00:00Z,16704.4804326501,16746.2736,16248.1492,16291.447700000001,28445975203.555599,318714896749.25,2022-11-20,2022-11-21,False,False
2022-11-21T00:00:00Z,2022-11-22T00:00:00Z,16286.806399999999,16286.806399999999,15598.4951,15779.971701749901,50201276579.555603,308166351834.29901,2022-11-21,2022-11-22,False,False
2022-11-22T00:00:00Z,2022-11-23T00:00:00Z,15781.0300761082,16260.7217,15666.2745,16174.957399999999,58615626723.555603,306392350546.784,2022-11-22,2022-11-23,False,False
2022-11-23T00:00:00Z,2022-11-24T00:00:00Z,16221.67,16652.2104,16167.276599999999,16615.229200000002,54191750385.777802,316451686349.89001,2022-11-23,2022-11-24,False,False
2022-11-24T00:00:00Z,2022-11-25T00:00:00Z,16624.779500000001,16779.343199999999,16474.392576966398,16597.731299999999,51316136348.444397,318979069699.44299,2022-11-24,2022-11-25,False,False
2022-11-25T00:00:00Z,2022-11-26T00:00:00Z,16609.375899999999,16609.375899999999,16371.8690993829,16511.911277660402,40539647985.777802,316859810140.83197,2022-11-25,2022-11-26,False,False
2022-11-26T00:00:00Z,2022-11-27T00:00:00Z,16513.9287,16683.874870358999,16415.619927652599,16461.194518448501,39602744661.333298,318241327421.49597,2022-11-26,2022-11-27,False,False
2022-11-27T00:00:00Z,2022-11-28T00:00:00Z,16457.253279063301,16593.459556800499,16419.0213982143,16432.364615113798,35423221802.8153,317875547190.54199,2022-11-27,2022-11-28,False,False
2022-11-28T00:00:00Z,2022-11-29T00:00:00Z,16425.212911435799,16481.767899999999,16044.1124,16212.4032482207,44930760967.111099,311557026058.745,2022-11-28,2022-11-29,False,False
2022-11-29T00:00:00Z,2022-11-30T00:00:00Z,16213.3896,16522.9774712293,16111.249696496199,16436.1924,52776387683.555603,315419507134.79797,2022-11-29,2022-11-30,False,False
2022-11-30T00:00:00Z,2022-12-01T00:00:00Z,16438.745599999998,17212.898261213799,16438.745599999998,17188.634679607101,44743059370.666702,324786816323.82599,2022-11-30,2022-12-01,False,False
2022-12-01T00:00:00Z,2022-12-02T00:00:00Z,17165.4115672669,17214.326300000001,16883.1711,16956.189299999998,38788974492.444397,327771074759.13501,2022-12-01,2022-12-02,False,False
2022-12-02T00:00:00Z,2022-12-03T00:00:00Z,16972.464618272101,17088.909103174101,16862.767959664699,17088.426500000001,33498051230.773499,325967434091.62,2022-12-02,2022-12-03,False,False
2022-12-03T00:00:00Z,2022-12-04T00:00:00Z,17092.1973,17122.785800000001,16876.105831444998,16903.723625317802,28422679969.449501,326144864089.258,2022-12-03,2022-12-04,False,False
2022-12-04T00:00:00Z,2022-12-05T00:00:00Z,16880.830412966301,17144.1005498091,16880.830412966301,17130.165329487401,25946687018.666698,326979103201.659,2022-12-04,2022-12-05,False,False
2022-12-05T00:00:00Z,2022-12-06T00:00:00Z,17112.095826545101,17391.9673366385,16884.1888,16959.336063823001,33310234567.111099,329965811699.66498,2022-12-05,2022-12-06,False,False
2022-12-06T00:00:00Z,2022-12-07T00:00:00Z,16967.6837795508,17101.713469188398,16925.2251012489,17088.3761163571,33312994595.555599,326626901868.315,2022-12-06,2022-12-07,False,False
2022-12-07T00:00:00Z,2022-12-08T00:00:00Z,17089.8161092917,17096.384399999999,16746.391599999999,16838.0474731615,33628606812.444401,324422344915.82599,2022-12-07,2022-12-08,False,False
2022-12-08T00:00:00Z,2022-12-09T00:00:00Z,16835.049235501399,17290.299999999999,16791.278892307499,17254.841595410999,31326142820.794399,325363729467.91998,2022-12-08,2022-12-09,False,False
2022-12-09T00:00:00Z,2022-12-10T00:00:00Z,17226.675972109399,17272.187489496599,17081.5468,17123.386727745299,34491913201.777802,330278993230.93903,2022-12-09,2022-12-10,False,False
2022-12-10T00:00:00Z,2022-12-11T00:00:00Z,17128.161092465401,17216.174607241599,17105.5051184484,17114.340586370501,25743383676.444401,329719372087.45801,2022-12-10,2022-12-11,False,False
2022-12-11T00:00:00Z,2022-12-12T00:00:00Z,17129.863554165498,17253.19140227,17080.092146895899,17091.916535641001,19589911018.666698,329675056005.33398,2022-12-11,2022-12-12,False,False
2022-12-12T00:00:00Z,2022-12-13T00:00:00Z,17089.446091063801,17220.8145351198,16882.2728945196,17220.8145351198,27210991608.888901,326657443273.10498,2022-12-12,2022-12-13,False,False
2022-12-13T00:00:00Z,2022-12-14T00:00:00Z,17202.490499300799,17932.468700000001,17097.2124,17766.3505525949,41107035768.888901,335677125245.74298,2022-12-13,2022-12-14,False,False
2022-12-14T00:00:00Z,2022-12-15T00:00:00Z,17779.8676197065,18329.450172030101,17710.387652122099,17799.1689741759,53775197070.222198,343458912279.55603,2022-12-14,2022-12-15,False,False
2022-12-15T00:00:00Z,2022-12-16T00:00:00Z,17794.875273683501,17843.086195957399,17306.065623820501,17339.4582705514,56261667200,337849259128.58099,2022-12-15,2022-12-16,False,False
2022-12-16T00:00:00Z,2022-12-17T00:00:00Z,17358.5225206672,17513.9378,16529.297357680502,16608.493200000001,47661468458.666702,328532141010.85101,2022-12-16,2022-12-17,False,False
2022-12-17T00:00:00Z,2022-12-18T00:00:00Z,16636.470286839802,16785.8922979444,16594.000933356099,16785.8922979444,46630829169.777802,320862704602.383,2022-12-17,2022-12-18,False,False
2022-12-18T00:00:00Z,2022-12-19T00:00:00Z,16779.090095384399,16820.637691379699,16677.745369201799,16750.765809591601,25538438677.333302,321547718539.33899,2022-12-18,2022-12-19,False,False
2022-12-19T00:00:00Z,2022-12-20T00:00:00Z,16741.118289235601,16801.1500779487,16366.3141,16424.796713248601,29555712497.777802,320479941309.23401,2022-12-19,2022-12-20,False,False
2022-12-20T00:00:00Z,2022-12-21T00:00:00Z,16441.866513279001,16994.602800000001,16408.677495096199,16902.5421903307,50421339946.666702,322615905375.651,2022-12-20,2022-12-21,False,False
2022-12-21T00:00:00Z,2022-12-22T00:00:00Z,16901.380014318001,16921.028080591001,16740.438999999998,16806.416495870901,42938911495.111099,323370704324.23199,2022-12-21,2022-12-22,False,False
2022-12-22T00:00:00Z,2022-12-23T00:00:00Z,16818.780905015101,16859.258900000001,16572.012299999999,16822.0621448573,33312386965.333302,322422836811.56702,2022-12-22,2022-12-23,False,False
2022-12-23T00:00:00Z,2022-12-24T00:00:00Z,16819.795401654701,16903.326522677999,16772.502722927198,16780.463676220101,35636481443.555603,323385347331.60303,2022-12-23,2022-12-24,False,False
2022-12-24T00:00:00Z,2022-12-25T00:00:00Z,16779.530797670901,16853.5422,16779.530797670901,16833.882099999999,20626954275.555599,323406562648.01703,2022-12-24,2022-12-25,False,False
2022-12-25T00:00:00Z,2022-12-26T00:00:00Z,16836.196,16849.6872,16739.651099999999,16829.918403840398,21982382836.404202,323158776557.90997,2022-12-25,2022-12-26,False,False
2022-12-26T00:00:00Z,2022-12-27T00:00:00Z,16832.923370768,16911.649970814,16804.839787350302,16908.948430198001,26543512369.777802,323775353259.37799,2022-12-26,2022-12-27,False,False
2022-12-27T00:00:00Z,2022-12-28T00:00:00Z,16919.823027132101,16963.002979747602,16631.43,16706.459709721501,31444051214.222198,322923072279.56897,2022-12-27,2022-12-28,False,False
2022-12-28T00:00:00Z,2022-12-29T00:00:00Z,16706.249402023001,16762.014599999999,16488.762900000002,16549.983265750001,38602978211.555603,319713634177.724,2022-12-28,2022-12-29,False,False
2022-12-29T00:00:00Z,2022-12-30T00:00:00Z,16547.534920877199,16655.070277639501,16503.195500000002,16641.444864454199,41785365276.444397,318829546785.76599,2022-12-29,2022-12-30,False,False
2022-12-30T00:00:00Z,2022-12-31T00:00:00Z,16636.993115237099,16639.8435466019,16379.532499999999,16603.751952656999,36451566840.888901,318010953973.47198,2022-12-30,2022-12-31,False,False
2022-12-31T00:00:00Z,2023-01-01T00:00:00Z,16608.070867729799,16632.899700000002,16495.873731598698,16538.347900000001,34065336177.2822,318390737642.23901,2022-12-31,2023-01-01,False,False
2023-01-01T00:00:00Z,2023-01-02T00:00:00Z,16537.4542,16621.165099999998,16507.390599999999,16607.069459238399,23508784398.222198,318166900098.13098,2023-01-01,2023-01-02,False,False
2023-01-02T00:00:00Z,2023-01-03T00:00:00Z,16617.2543963932,16758.5253078487,16560.090731892298,16677.449943534401,24859666801.777802,320705961719.37299,2023-01-02,2023-01-03,False,False
2023-01-03T00:00:00Z,2023-01-04T00:00:00Z,16673.748746725101,16763.447292054301,16616.632381096999,16675.9090372549,29648327502.222198,320717370492.646,2023-01-03,2023-01-04,False,False
2023-01-04T00:00:00Z,2023-01-05T00:00:00Z,16674.508699999998,16973.381190902001,16658.4339446302,16857.282709442399,39384163470.222198,323386238092.06598,2023-01-04,2023-01-05,False,False
2023-01-05T00:00:00Z,2023-01-06T00:00:00Z,16852.132786370799,16877.1266,16781.464800000002,16828.846399999999,38960056725.333298,323447365297.46503,2023-01-05,2023-01-06,False,False
2023-01-06T00:00:00Z,2023-01-07T00:00:00Z,16831.119200000001,17005.4970831848,16707.851030669899,16953.972066580402,34958072839.111099,323401240878.45801,2023-01-06,2023-01-07,False,False
2023-01-07T00:00:00Z,2023-01-08T00:00:00Z,16951.158324185599,16974.4015,16909.746774392501,16944.5396,34306384469.333302,325462473921.01599,2023-01-07,2023-01-08,False,False
2023-01-08T00:00:00Z,2023-01-09T00:00:00Z,16943.7616829172,17070.574511476399,16919.177228349799,17070.574511476399,21776089962.666698,325634745856.44397,2023-01-08,2023-01-09,False,False
2023-01-09T00:00:00Z,2023-01-10T00:00:00Z,17114.0810910133,17390.392932289,17114.0810910133,17194.7787345654,40370843456,331229579389.19598,2023-01-09,2023-01-10,False,False
2023-01-10T00:00:00Z,2023-01-11T00:00:00Z,17179.142833874801,17487.853500000001,17159.309799999999,17435.751645917699,45095406947.555603,332210727772.85699,2023-01-10,2023-01-11,False,False
2023-01-11T00:00:00Z,2023-01-12T00:00:00Z,17439.745150757099,17939.362499760598,17333.666863626899,17939.362499760598,43812401706.666702,335425060457.18903,2023-01-11,2023-01-12,False,False
2023-01-12T00:00:00Z,2023-01-13T00:00:00Z,17943.630925609301,19028.654699999999,17924.500687319,18858.6646,72766611569.777802,352447180923.38599,2023-01-12,2023-01-13,False,False
2023-01-13T00:00:00Z,2023-01-14T00:00:00Z,18851.007900000001,19975.946903075699,18732.6096,19913.729474529398,81808386801.777802,366524446229.49902,2023-01-13,2023-01-14,False,False
2023-01-14T00:00:00Z,2023-01-15T00:00:00Z,19921.967157823201,21149.597101650299,19921.967157823201,20983.975600000002,105421992305.778,400016119807.21503,2023-01-14,2023-01-15,False,False
2023-01-15T00:00:00Z,2023-01-16T00:00:00Z,20951.214100000001,20995.267229932699,20577.736099999998,20856.058391358201,63212388593.777802,399290962980.58698,2023-01-15,2023-01-16,False,False
2023-01-16T00:00:00Z,2023-01-17T00:00:00Z,20874.787480602499,21410.325099999998,20728.066099825999,21171.048284544398,60636932849.777802,404248788951.31403,2023-01-16,2023-01-17,False,False
2023-01-17T00:00:00Z,2023-01-18T00:00:00Z,21183.018445408001,21443.702726389802,20959.502443318299,21157.1896129335,51515154112,407281986003.94897,2023-01-17,2023-01-18,False,False
2023-01-18T00:00:00Z,2023-01-19T00:00:00Z,21136.7078762823,21549.684600000001,20545.969726710999,20686.510419770399,58478858168.888901,405901077389.21399,2023-01-18,2023-01-19,False,False
2023-01-19T00:00:00Z,2023-01-20T00:00:00Z,20669.5958124793,21157.119929224798,20666.8001,21082.058204303699,77983080988.444397,400657798034.22601,2023-01-19,2023-01-20,False,False
2023-01-20T00:00:00Z,2023-01-21T00:00:00Z,21074.945531315199,22687.355500000001,20919.950799999999,22665.750700000001,64447751466.666702,409361228122.49902,2023-01-20,2023-01-21,False,False
2023-01-21T00:00:00Z,2023-01-22T00:00:00Z,22667.3593,23304.1481655114,22506.416377106001,22751.607400000001,101033856768,439681601945.21503,2023-01-21,2023-01-22,False,False
2023-01-22T00:00:00Z,2023-01-23T00:00:00Z,22777.850900000001,23052.145,22368.6486,22723.9532,79716701624.888901,438227794320.40399,2023-01-22,2023-01-23,False,False
2023-01-23T00:00:00Z,2023-01-24T00:00:00Z,22717.531999999999,23139.660215422398,22667.965,22944.920099999999,73343525504,438704643177.66803,2023-01-23,2023-01-24,False,False
2023-01-24T00:00:00Z,2023-01-25T00:00:00Z,22917.838299999999,23150.688900000001,22569.125899999999,22614.658440741401,79571624078.222198,441263614330.76099,2023-01-24,2023-01-25,False,False
2023-01-25T00:00:00Z,2023-01-26T00:00:00Z,22633.852778253899,23718.185399999998,22366.571800000002,23125.722900000001,82625725354.666702,436292420539.396,2023-01-25,2023-01-26,False,False
2023-01-26T00:00:00Z,2023-01-27T00:00:00Z,23075.995935170999,23241.727187095599,22890.285599999999,23007.835200000001,94982498161.777802,443277697796.492,2023-01-26,2023-01-27,False,False
2023-01-27T00:00:00Z,2023-01-28T00:00:00Z,23018.186099999999,23408.2548209546,22630.029299999998,23051.270799999998,74589340814.222198,441867204640.34998,2023-01-27,2023-01-28,False,False
2023-01-28T00:00:00Z,2023-01-29T00:00:00Z,23071.4588,23180.188459313002,22896.0926,23007.439600000002,62781856583.111099,442400933872.38898,2023-01-28,2023-01-29,False,False
2023-01-29T00:00:00Z,2023-01-30T00:00:00Z,23024.956999999999,23926.159,22980.044399999999,23775.982899999999,60729082837.333298,450311320776.16901,2023-01-29,2023-01-30,False,False
2023-01-30T00:00:00Z,2023-01-31T00:00:00Z,23749.460999999999,23786.648799999999,22672.986728828899,22814.479200000002,79832137386.666702,447341538002.07001,2023-01-30,2023-01-31,False,False
2023-01-31T00:00:00Z,2023-02-01T00:00:00Z,22833.313999999998,23223.474999999999,22744.93,23153.200400000002,74707896120.888901,441277755446.33099,2023-01-31,2023-02-01,False,False
2023-02-01T00:00:00Z,2023-02-02T00:00:00Z,23130.916099999999,23767.424500000001,22826.058199999999,23706.064299999998,70420783232,445139551628.508,2023-02-01,2023-02-02,False,False
2023-02-02T00:00:00Z,2023-02-03T00:00:00Z,23719.379099999998,24244.365399999999,23427.496200000001,23484.948799999998,95457905635.555603,457606581414.67902,2023-02-02,2023-02-03,False,False
2023-02-03T00:00:00Z,2023-02-04T00:00:00Z,23468.978500000001,23685.8328,23272.5314,23429.759999999998,90857177059.555603,451135790206.37299,2023-02-03,2023-02-04,False,False
2023-02-04T00:00:00Z,2023-02-05T00:00:00Z,23431.686799999999,23565.333900000001,23282.5229801389,23315.8076,68664568348.444397,449440662853.77002,2023-02-04,2023-02-05,False,False
2023-02-05T00:00:00Z,2023-02-06T00:00:00Z,23324.601699999999,23427.100983089302,22838.958600000002,22938.184691051199,50759004586.666702,445705064700.005,2023-02-05,2023-02-06,False,False
2023-02-06T00:00:00Z,2023-02-07T00:00:00Z,22931.358815666899,23145.131802894801,22670.6895,22747.465,64529839445.333298,440155573314.341,2023-02-06,2023-02-07,False,False
2023-02-07T00:00:00Z,2023-02-08T00:00:00Z,22756.371999999999,23322.611400000002,22756.371999999999,23261.2186,73192527388.444397,441665444159.26001,2023-02-07,2023-02-08,False,False
2023-02-08T00:00:00Z,2023-02-09T00:00:00Z,23251.8694,23373.521000000001,22719.144,22949.213199999998,78220219463.111099,443882834565.146,2023-02-08,2023-02-09,False,False
2023-02-09T00:00:00Z,2023-02-10T00:00:00Z,22961.838299999999,22984.0285,21754.612605840801,21799.182107847198,85459684181.333298,433062290866.31598,2023-02-09,2023-02-10,False,False
2023-02-10T00:00:00Z,2023-02-11T00:00:00Z,21788.528513480898,21933.0975,21488.466499999999,21648.284599999999,98156502357.333298,418380708288.81403,2023-02-10,2023-02-11,False,False
2023-02-11T00:00:00Z,2023-02-12T00:00:00Z,21635.5236,21889.250899999999,21609.124,21865.775300000001,69262238051.555603,416995412358.52301,2023-02-11,2023-02-12,False,False
2023-02-12T00:00:00Z,2023-02-13T00:00:00Z,21864.4863,22087.187855728698,21676.758666612801,21753.7532267276,48142213404.444397,420085157121.85699,2023-02-12,2023-02-13,False,False
2023-02-13T00:00:00Z,2023-02-14T00:00:00Z,21784.946400000001,21884.097099999999,21435.2394899711,21810.990485939201,61574705934.222198,416589636079.04901,2023-02-13,2023-02-14,False,False
2023-02-14T00:00:00Z,2023-02-15T00:00:00Z,21773.528172429,22263.5149886861,21611.9429260285,22200.030599999998,68706157127.111099,420777950389.78998,2023-02-14,2023-02-15,False,False
2023-02-15T00:00:00Z,2023-02-16T00:00:00Z,22202.656299999999,24324.464026285499,22058.061237647398,24324.464026285499,74461915525.560303,436286912096.11298,2023-02-15,2023-02-16,False,False
2023-02-16T00:00:00Z,2023-02-17T00:00:00Z,24331.0475895442,25188.2965,23531.7304,23531.7304,86355573589.333298,472944068431.67102,2023-02-16,2023-02-17,False,False
2023-02-17T00:00:00Z,2023-02-18T00:00:00Z,23549.9584,24978.772300000001,23540.310799999999,24558.315500000001,90976381553.777802,461494428237.81299,2023-02-17,2023-02-18,False,False
2023-02-18T00:00:00Z,2023-02-19T00:00:00Z,24566.963800000001,24816.007125334301,24458.945199999998,24644.036899999999,77159018993.777802,472949167336.396,2023-02-18,2023-02-19,False,False
2023-02-19T00:00:00Z,2023-02-20T00:00:00Z,24632.565299999998,25115.787601195902,24323.5789,24332.281500000001,39183466296.888901,473530579189.82001,2023-02-19,2023-02-20,False,False
2023-02-20T00:00:00Z,2023-02-21T00:00:00Z,24295.444599999999,25051.7675226717,23907.484161942499,24797.2219,57637586702.222198,473848612799.30103,2023-02-20,2023-02-21,False,False
2023-02-21T00:00:00Z,2023-02-22T00:00:00Z,24840.391604326898,25099.524799999999,24175.383099999999,24426.171900000001,56920857216,474555205020.62903,2023-02-21,2023-02-22,False,False
2023-02-22T00:00:00Z,2023-02-23T00:00:00Z,24453.253700000001,24466.182100000002,23611.2474,24192.980500000001,68682894492.444397,461519695015.20398,2023-02-22,2023-02-23,False,False
2023-02-23T00:00:00Z,2023-02-24T00:00:00Z,24189.619200000001,24582.699504558801,23674.500199999999,23949.102500000001,58942510065.777802,463640412591.97498,2023-02-23,2023-02-24,False,False
2023-02-24T00:00:00Z,2023-02-25T00:00:00Z,23938.323799999998,24105.225699999999,22959.5722093207,23197.7565,52740902471.111099,454127796081.11298,2023-02-24,2023-02-25,False,False
2023-02-25T00:00:00Z,2023-02-26T00:00:00Z,23190.435399999998,23200.508300000001,22828.388599999998,23170.013200000001,43845686168.529602,442894868631.19598,2023-02-25,2023-02-26,False,False
2023-02-26T00:00:00Z,2023-02-27T00:00:00Z,23164.880300000001,23657.080221241598,23068.173500000001,23531.203699999998,30763870151.111099,446966838419.85999,2023-02-26,2023-02-27,False,False
2023-02-27T00:00:00Z,2023-02-28T00:00:00Z,23556.255300000001,23876.824499999999,23174.930167397,23508.2646991617,37836599964.444397,450621818516.83002,2023-02-27,2023-02-28,False,False
2023-02-28T00:00:00Z,2023-03-01T00:00:00Z,23495.2403191946,23579.323499999999,23065.7423787476,23139.076794118901,42623345223.111099,449210196172.25702,2023-02-28,2023-03-01,False,False
2023-03-01T00:00:00Z,2023-03-02T00:00:00Z,23126.8431083904,23867.990000000002,23046.377902676501,23659.400099999999,43583459057.777802,453363447590.94202,2023-03-01,2023-03-02,False,False
2023-03-02T00:00:00Z,2023-03-03T00:00:00Z,23638.982400000001,23739.221799999999,23234.979500000001,23465.268899999999,41566999708.444397,450217267179.297,2023-03-02,2023-03-03,False,False
2023-03-03T00:00:00Z,2023-03-04T00:00:00Z,23466.675500000001,23466.675500000001,22190.8158,22333.766701861499,49445760675.555603,430799147034.73798,2023-03-03,2023-03-04,False,False
2023-03-04T00:00:00Z,2023-03-05T00:00:00Z,22354.893,22397.678199999998,22188.832699999999,22339.038009541899,31121925016.529598,429116877657.14899,2023-03-04,2023-03-05,False,False
2023-03-05T00:00:00Z,2023-03-06T00:00:00Z,22347.0307175831,22609.3867680326,22265.291001863399,22434.993600000002,24779491797.333302,430826732751.93799,2023-03-05,2023-03-06,False,False
2023-03-06T00:00:00Z,2023-03-07T00:00:00Z,22428.658200000002,22584.522700000001,22333.236700000001,22409.494600000002,27238556224,430778434349.01099,2023-03-06,2023-03-07,False,False
2023-03-07T00:00:00Z,2023-03-08T00:00:00Z,22402.420399999999,22501.167061552998,21988.522866352199,22195.0144,35188296874.666702,429737363970.328,2023-03-07,2023-03-08,False,False
2023-03-08T00:00:00Z,2023-03-09T00:00:00Z,22197.658800000001,22277.2811,21660.481200224,21692.944627229201,47170430250.217499,425862967746.37097,2023-03-08,2023-03-09,False,False
2023-03-09T00:00:00Z,2023-03-10T00:00:00Z,21704.001424125501,21802.771420078701,20216.5488,20355.860400000001,45238575974.5784,413719376410.55298,2023-03-09,2023-03-10,False,False
2023-03-10T00:00:00Z,2023-03-11T00:00:00Z,20370.0069,20370.0069,19596.8698,20133.7398235246,71847249598.884995,385553081557.04303,2023-03-10,2023-03-11,False,False
2023-03-11T00:00:00Z,2023-03-12T00:00:00Z,20152.934959766499,20633.263200000001,19806.023300000001,20494.936799999999,65553563733.333298,390472436091.41302,2023-03-11,2023-03-12,False,False
2023-03-12T00:00:00Z,2023-03-13T00:00:00Z,20452.2228,21952.797807966101,20288.516100000001,21952.797807966101,44270891662.222198,397881115415.69299,2023-03-12,2023-03-13,False,False
2023-03-13T00:00:00Z,2023-03-14T00:00:00Z,21996.3538216997,24342.774642887802,21828.1936172235,24063.562446931901,81743296619.789505,443502290103.11102,2023-03-13,2023-03-14,False,False
2023-03-14T00:00:00Z,2023-03-15T00:00:00Z,24110.210200000001,26263.9676,24013.1230246739,24694.695100000001,94466753002.366196,478478193602.10901,2023-03-14,2023-03-15,False,False
2023-03-15T00:00:00Z,2023-03-16T00:00:00Z,24694.4961,25026.987099999998,23970.297205326598,24276.665892428598,97610468465.777802,475086379194.39697,2023-03-15,2023-03-16,False,False
2023-03-16T00:00:00Z,2023-03-17T00:00:00Z,24286.700218188598,25107.067299999999,24182.338800000001,25011.182000000001,92591547937.895493,476135191318.01099,2023-03-16,2023-03-17,False,False
2023-03-17T00:00:00Z,2023-03-18T00:00:00Z,24998.665499999999,27710.016599999999,24899.256799999999,27310.176599999999,84113368149.333298,507748170236.367,2023-03-17,2023-03-18,False,False
2023-03-18T00:00:00Z,2023-03-19T00:00:00Z,27388.766,27635.663100000002,26820.137016312001,26891.627969119301,87183454008.888901,527950364349.39398,2023-03-18,2023-03-19,False,False
2023-03-19T00:00:00Z,2023-03-20T00:00:00Z,26900.870700185798,28330.038133013899,26849.062699999999,27911.812000000002,59951376540.444397,529721115709.37402,2023-03-19,2023-03-20,False,False
2023-03-20T00:00:00Z,2023-03-21T00:00:00Z,27960.516500000002,28431.556700000001,27167.9949701203,27688.073700000001,81159326336,537935367894.13,2023-03-20,2023-03-21,False,False
2023-03-21T00:00:00Z,2023-03-22T00:00:00Z,27723.811600000001,28399.7677,27344.4061,28119.5492106989,75753121152,539483596256.54602,2023-03-21,2023-03-22,False,False
2023-03-22T00:00:00Z,2023-03-23T00:00:00Z,28123.812353957299,28706.641299999999,26718.214,27273.808099999998,62381365930.666702,541375093964.32098,2023-03-22,2023-03-23,False,False
2023-03-23T00:00:00Z,2023-03-24T00:00:00Z,27261.752808661699,28619.4139,27156.7906,28318.2186,59835056099.555603,536320017584.85901,2023-03-23,2023-03-24,False,False
2023-03-24T00:00:00Z,2023-03-25T00:00:00Z,28296.5687,28356.282820890599,27110.453600000001,27415.934094383902,48378495416.888901,540177679625.87299,2023-03-24,2023-03-25,False,False
2023-03-25T00:00:00Z,2023-03-26T00:00:00Z,27450.907021672101,27747.392100000001,27183.6656,27464.6126,42315985685.333298,531265909343.45502,2023-03-25,2023-03-26,False,False
2023-03-26T00:00:00Z,2023-03-27T00:00:00Z,27493.600999999999,28139.207976564201,27430.913700000001,27983.589033995398,27111362645.7323,536640423785.79999,2023-03-26,2023-03-27,False,False
2023-03-27T00:00:00Z,2023-03-28T00:00:00Z,27970.498834865899,28016.6155,26698.4797,27157.570100000001,34642356202.666702,532354929071.12701,2023-03-27,2023-03-28,False,False
2023-03-28T00:00:00Z,2023-03-29T00:00:00Z,27131.207200000001,27446.162400000001,26676.9502984233,27259.220700000002,43061233763.555603,522329667012.41901,2023-03-28,2023-03-29,False,False
2023-03-29T00:00:00Z,2023-03-30T00:00:00Z,27266.6718,28586.001100000001,27252.7029,28370.769199999999,42482154097.777802,542795846137.70801,2023-03-29,2023-03-30,False,False
2023-03-30T00:00:00Z,2023-03-31T00:00:00Z,28348.543699999998,29156.380700000002,27774.748,28031.595199453299,46258179086.222198,548528340131.34302,2023-03-30,2023-03-31,False,False
2023-03-31T00:00:00Z,2023-04-01T00:00:00Z,28028.484127682699,28614.037799999998,27663.0503872265,28467.196629273902,45077223850.666702,545063208146.84497,2023-03-31,2023-04-01,False,False
2023-04-01T00:00:00Z,2023-04-02T00:00:00Z,28467.8828500776,28789.407800000001,28305.246500000001,28464.814017782199,36557108999.111099,549874502571.93298,2023-04-01,2023-04-02,False,False
2023-04-02T00:00:00Z,2023-04-03T00:00:00Z,28452.740206963601,28515.943599999999,27879.054800000002,28188.180100000001,26115369180.444401,546545395523.198,2023-04-02,2023-04-03,False,False
2023-04-03T00:00:00Z,2023-04-04T00:00:00Z,28170.7772,28427.7346,27405.981206255001,27761.458669183001,36019258148.571404,540997156325.64398,2023-04-03,2023-04-04,False,False
2023-04-04T00:00:00Z,2023-04-05T00:00:00Z,27807.768335500099,28405.3989,27695.278300000002,28149.681400000001,41025798293.333298,542770865100.341,2023-04-04,2023-04-05,False,False
2023-04-05T00:00:00Z,2023-04-06T00:00:00Z,28161.737700000001,28681.054700000001,27893.4447,28176.3891,36576587882.666702,548141417557.117,2023-04-05,2023-04-06,False,False
2023-04-06T00:00:00Z,2023-04-07T00:00:00Z,28174.106500000002,28174.106500000002,27763.874299999999,28019.739799999999,35275760576,541545451950.09399,2023-04-06,2023-04-07,False,False
2023-04-07T00:00:00Z,2023-04-08T00:00:00Z,28033.822100000001,28097.962,27814.972063261899,27902.257699999998,28396556743.111099,540130226454.91602,2023-04-07,2023-04-08,False,False
2023-04-08T00:00:00Z,2023-04-09T00:00:00Z,27909.609,28144.546837100101,27859.966,27934.037199999999,23392038627.555599,541206866592.79102,2023-04-08,2023-04-09,False,False
2023-04-09T00:00:00Z,2023-04-10T00:00:00Z,27938.376700000001,28477.6188,27816.613092348802,28321.8616,22993951733.2962,541632589980.021,2023-04-09,2023-04-10,False,False
2023-04-10T00:00:00Z,2023-04-11T00:00:00Z,28323.772173177102,29733.039199999999,28201.638800000001,29609.828399999999,32725716693.333302,553008557610.53894,2023-04-10,2023-04-11,False,False
2023-04-11T00:00:00Z,2023-04-12T00:00:00Z,29661.433300000001,30442.474234506899,29594.4637,30230.073199999999,52751133603.555603,582020706637.13403,2023-04-11,2023-04-12,False,False
2023-04-12T00:00:00Z,2023-04-13T00:00:00Z,30203.781800000001,30430.8475,29765.250100000001,29877.417735909101,44412758279.111099,580001388589.26196,2023-04-12,2023-04-13,False,False
2023-04-13T00:00:00Z,2023-04-14T00:00:00Z,29883.229500000001,30503.851600000002,29859.841700000001,30359.581200000001,42898213070.222198,584313346519.85803,2023-04-13,2023-04-14,False,False
2023-04-14T00:00:00Z,2023-04-15T00:00:00Z,30380.712599999999,30955.868600000002,30031.6626,30478.292399999998,48071259453.546997,591561626361.89001,2023-04-14,2023-04-15,False,False
2023-04-15T00:00:00Z,2023-04-16T00:00:00Z,30467.808300000001,30516.795699999999,30248.082814802201,30297.8311442759,36823809590.2024,587525703000.78894,2023-04-15,2023-04-16,False,False
2023-04-16T00:00:00Z,2023-04-17T00:00:00Z,30295.109926552101,30527.171372719298,30168.225140668001,30304.874580792901,23471438594.093201,586317822144.90796,2023-04-16,2023-04-17,False,False
2023-04-17T00:00:00Z,2023-04-18T00:00:00Z,30307.415070534302,30307.818001912801,29300.469288218301,29413.959999999999,34544991065.914803,574596384111.74597,2023-04-17,2023-04-18,False,False
2023-04-18T00:00:00Z,2023-04-19T00:00:00Z,29449.25,30433.470000000001,29199.07,30366.57,39843195656.017403,579364546927.28796,2023-04-18,2023-04-19,False,False
2023-04-19T00:00:00Z,2023-04-20T00:00:00Z,30380.049999999999,30388.939999999999,28688.75,28804.98,48529605625.7882,572032276461.79895,2023-04-19,2023-04-20,False,False
2023-04-20T00:00:00Z,2023-04-21T00:00:00Z,28809.240000000002,29049.450000000001,28045.060000000001,28267.169999999998,53219109539.055603,554542462364.48596,2023-04-20,2023-04-21,False,False
2023-04-21T00:00:00Z,2023-04-22T00:00:00Z,28240.349999999999,28350.290000000001,27219.200000000001,27274.5,49218915740.326401,540774861123.62201,2023-04-21,2023-04-22,False,False
2023-04-22T00:00:00Z,2023-04-23T00:00:00Z,27262.869999999999,27853.240000000002,27177.259999999998,27820.650000000001,47864133704.0243,530552354252.30902,2023-04-22,2023-04-23,False,False
2023-04-23T00:00:00Z,2023-04-24T00:00:00Z,27818.830000000002,27818.830000000002,27400.169999999998,27588.57,30210186537.381901,533490579365.28497,2023-04-23,2023-04-24,False,False
2023-04-24T00:00:00Z,2023-04-25T00:00:00Z,27589.73,27967.049999999999,27121.799999999999,27529.200000000001,35895796356.704903,531935359800.52399,2023-04-24,2023-04-25,False,False
2023-04-25T00:00:00Z,2023-04-26T00:00:00Z,27521.630000000001,28355.860000000001,27228.110000000001,28326.830000000002,39732646597.854202,532747681271.73999,2023-04-25,2023-04-26,False,False
2023-04-26T00:00:00Z,2023-04-27T00:00:00Z,28297.810000000001,29965.490000000002,27425.669999999998,28376.59,56297075746.6493,558030383101.38904,2023-04-26,2023-04-27,False,False
2023-04-27T00:00:00Z,2023-04-28T00:00:00Z,28415.25,29871.990000000002,28396.490000000002,29467.27,81413627959.418106,564081499107.81201,2023-04-27,2023-04-28,False,False
2023-04-28T00:00:00Z,2023-04-29T00:00:00Z,29472.799999999999,29554.57,28950.849999999999,29327.110000000001,53508501339.6875,567680431946.08704,2023-04-28,2023-04-29,False,False
2023-04-29T00:00:00Z,2023-04-30T00:00:00Z,29308.509999999998,29425.02,29102.869999999999,29216.77,35569645613.9757,566900082127.04504,2023-04-29,2023-04-30,False,False
2023-04-30T00:00:00Z,2023-05-01T00:00:00Z,29230.490000000002,29885.459999999999,29096.959999999999,29310.540000000001,27347809352.965302,567814049973.58301,2023-04-30,2023-05-01,False,False
2023-05-01T00:00:00Z,2023-05-02T00:00:00Z,29190.790000000001,29327.75,27688.459999999999,28084.459999999999,42366560273.996498,550315593958.15295,2023-05-01,2023-05-02,False,False
2023-05-02T00:00:00Z,2023-05-03T00:00:00Z,28067.119999999999,28816.419999999998,27922.169999999998,28639.580000000002,41539767591.933998,546995125891.73297,2023-05-02,2023-05-03,False,False
2023-05-03T00:00:00Z,2023-05-04T00:00:00Z,28669.84,29029.98,28180.200000000001,28998.799999999999,41130373589.544403,551947636833.99304,2023-05-03,2023-05-04,False,False
2023-05-04T00:00:00Z,2023-05-05T00:00:00Z,29022.130000000001,29318.82,28699.189999999999,28820.66,47257826842.826401,561000883445.375,2023-05-04,2023-05-05,False,False
2023-05-05T00:00:00Z,2023-05-06T00:00:00Z,28852.740000000002,29644.950000000001,28841.549999999999,29529.669999999998,43017299152.0382,566599362804.95496,2023-05-05,2023-05-06,False,False
2023-05-06T00:00:00Z,2023-05-07T00:00:00Z,29505.919999999998,29780.049999999999,28448.220000000001,28864.279999999999,40344744907.055603,563616662040.448,2023-05-06,2023-05-07,False,False
2023-05-07T00:00:00Z,2023-05-08T00:00:00Z,28848.169999999998,29083.709999999999,28443.049999999999,28443.049999999999,40216391712.316002,559169784125.94104,2023-05-07,2023-05-08,False,False
2023-05-08T00:00:00Z,2023-05-09T00:00:00Z,28417.98,28618.110000000001,27302.450000000001,27692.990000000002,33614293268.857601,540592726872.51703,2023-05-08,2023-05-09,False,False
2023-05-09T00:00:00Z,2023-05-10T00:00:00Z,27667.259999999998,27793.759999999998,27376.73,27636.66,34969252717.334503,534423621123.21301,2023-05-09,2023-05-10,False,False
2023-05-10T00:00:00Z,2023-05-11T00:00:00Z,27629.959999999999,28286.57,26961.57,27624.540000000001,34700286569.888901,536922863460.41998,2023-05-10,2023-05-11,False,False
2023-05-11T00:00:00Z,2023-05-12T00:00:00Z,27598.799999999999,27598.799999999999,26768.009999999998,27002.279999999999,44668385236.156303,528179365770.90601,2023-05-11,2023-05-12,False,False
2023-05-12T00:00:00Z,2023-05-13T00:00:00Z,26968.599999999999,27040.189999999999,25954.759999999998,26791.959999999999,43744424343.656303,513065364854.396,2023-05-12,2023-05-13,False,False
2023-05-13T00:00:00Z,2023-05-14T00:00:00Z,26795.029999999999,27001.34,26705.349999999999,26789.060000000001,40647617509.479202,519333627756.22198,2023-05-13,2023-05-14,False,False
2023-05-14T00:00:00Z,2023-05-15T00:00:00Z,26785.599999999999,27136.650000000001,26676.470000000001,26906.169999999998,29639040680.7118,520251757413.60797,2023-05-14,2023-05-15,False,False
2023-05-15T00:00:00Z,2023-05-16T00:00:00Z,26917.59,27613.400000000001,26754.32,27192.169999999998,37348844276.964897,529319393415.112,2023-05-15,2023-05-16,False,False
2023-05-16T00:00:00Z,2023-05-17T00:00:00Z,27158.66,27289.16,26891.41,27025.77,40497901164.243103,524366679460.96198,2023-05-16,2023-05-17,False,False
2023-05-17T00:00:00Z,2023-05-18T00:00:00Z,27033.810000000001,27454.75,26595.459999999999,27402.68,37629253644.8507,523260054098.46198,2023-05-17,2023-05-18,False,False
2023-05-18T00:00:00Z,2023-05-19T00:00:00Z,27402.25,27453.439999999999,26486.009999999998,26837.939999999999,41573965977.420097,526110267532.91302,2023-05-18,2023-05-19,False,False
2023-05-19T00:00:00Z,2023-05-20T00:00:00Z,26821.27,27075.810000000001,26697.43,26866.880000000001,41793335947.111099,520525326129.11102,2023-05-19,2023-05-20,False,False
2023-05-20T00:00:00Z,2023-05-21T00:00:00Z,26887.360000000001,27140.860000000001,26830.220000000001,27110.529999999999,30302265352.191002,521718469628.56299,2023-05-20,2023-05-21,False,False
2023-05-21T00:00:00Z,2023-05-22T00:00:00Z,27102.419999999998,27243.279999999999,26692.48,26751.470000000001,27719241989.0243,522698670214.58698,2023-05-21,2023-05-22,False,False
2023-05-22T00:00:00Z,2023-05-23T00:00:00Z,26747.740000000002,27037.830000000002,26550.599999999999,26851.389999999999,34482945419.5625,519486648517.65601,2023-05-22,2023-05-23,False,False
2023-05-23T00:00:00Z,2023-05-24T00:00:00Z,26849.25,27428.93,26818.07,27222.75,40046492709.697899,527654806665.46198,2023-05-23,2023-05-24,False,False
2023-05-24T00:00:00Z,2023-05-25T00:00:00Z,27222.41,27222.41,26114.009999999998,26336.630000000001,40737436097.3125,515778147295.28802,2023-05-24,2023-05-25,False,False
2023-05-25T00:00:00Z,2023-05-26T00:00:00Z,26327.73,26545.209999999999,25963.529999999999,26474.02,44567095438.129799,509747248577.87402,2023-05-25,2023-05-26,False,False
2023-05-26T00:00:00Z,2023-05-27T00:00:00Z,26473.75,26906.52,26346.459999999999,26703.209999999999,38658379622.986,515026078009.43402,2023-05-26,2023-05-27,False,False
2023-05-27T00:00:00Z,2023-05-28T00:00:00Z,26708.84,26856.330000000002,26625.75,26850.790000000001,33362464053.9132,517941877652.00403,2023-05-27,2023-05-28,False,False
2023-05-28T00:00:00Z,2023-05-29T00:00:00Z,26854.220000000001,28152.5,26789.259999999998,28100.310000000001,31845491760.857601,529379895050.01001,2023-05-28,2023-05-29,False,False
2023-05-29T00:00:00Z,2023-05-30T00:00:00Z,28064.959999999999,28414.860000000001,27552.619999999999,27742.369999999999,44846635563.829903,540158837375.50702,2023-05-29,2023-05-30,False,False
2023-05-30T00:00:00Z,2023-05-31T00:00:00Z,27736.419999999998,28029.57,27606.93,27682.799999999999,41474538361.701401,538558937672.88202,2023-05-30,2023-05-31,False,False
2023-05-31T00:00:00Z,2023-06-01T00:00:00Z,27695.259999999998,27801.93,26887.810000000001,27225.77,43491511607.763901,527400576073.58301,2023-05-31,2023-06-01,False,False
2023-06-01T00:00:00Z,2023-06-02T00:00:00Z,27210.400000000001,27318.18,26675.259999999998,26806.98,42554800303.569397,521523344211.10797,2023-06-01,2023-06-02,False,False
2023-06-02T00:00:00Z,2023-06-03T00:00:00Z,26803.740000000002,27282.220000000001,26613.130000000001,27232.849999999999,35087665767.583298,524611917971.90997,2023-06-02,2023-06-03,False,False
2023-06-03T00:00:00Z,2023-06-04T00:00:00Z,27242.630000000001,27312.029999999999,26953.529999999999,27060.799999999999,25349430520.079899,526283389099.22601,2023-06-03,2023-06-04,False,False
2023-06-04T00:00:00Z,2023-06-05T00:00:00Z,27069.259999999998,27384.43,26978.5,27104.41,20025947766.25,526692179664.43799,2023-06-04,2023-06-05,False,False
2023-06-05T00:00:00Z,2023-06-06T00:00:00Z,27118.77,27123.389999999999,25447.669999999998,25730.52,32867575805.4132,512776880755.323,2023-06-05,2023-06-06,False,False
2023-06-06T00:00:00Z,2023-06-07T00:00:00Z,25719.139999999999,27278.060000000001,25438.669999999998,27200.040000000001,65312954000.076401,506196579497.54901,2023-06-06,2023-06-07,False,False
2023-06-07T00:00:00Z,2023-06-08T00:00:00Z,27228.419999999998,27316.849999999999,26141.009999999998,26359.59,53761231440.183998,517443923703.302,2023-06-07,2023-06-08,False,False
2023-06-08T00:00:00Z,2023-06-09T00:00:00Z,26339.389999999999,26762.75,26235.139999999999,26493.459999999999,38032640682.0243,513279976731.427,2023-06-08,2023-06-09,False,False
2023-06-09T00:00:00Z,2023-06-10T00:00:00Z,26498.650000000001,26766.279999999999,26325.91,26489.459999999999,28810046995.993099,514321122382.375,2023-06-09,2023-06-10,False,False
2023-06-10T00:00:00Z,2023-06-11T00:00:00Z,26477.830000000002,26500.5,25491.91,25842.84,35817729266.8955,500979517674.526,2023-06-10,2023-06-11,False,False
2023-06-11T00:00:00Z,2023-06-12T00:00:00Z,25841.23,26147.84,25676.59,25920.860000000001,33005050373.753502,501130360397.70502,2023-06-11,2023-06-12,False,False
2023-06-12T00:00:00Z,2023-06-13T00:00:00Z,25925.52,26081.610000000001,25662.950000000001,25887.59,30185723237.0938,501835679491.854,2023-06-12,2023-06-13,False,False
2023-06-13T00:00:00Z,2023-06-14T00:00:00Z,25905.220000000001,26300.080000000002,25760.040000000001,25910.029999999999,33776625527.253502,504195980266.33002,2023-06-13,2023-06-14,False,False
2023-06-14T00:00:00Z,2023-06-15T00:00:00Z,25937.619999999999,26046.27,24878.779999999999,25119.91,41541284759.718803,500964238263.88898,2023-06-14,2023-06-15,False,False
2023-06-15T00:00:00Z,2023-06-16T00:00:00Z,25129.869999999999,25709.310000000001,24876.669999999998,25585.43,54687742282.465302,487487715623.43799,2023-06-15,2023-06-16,False,False
2023-06-16T00:00:00Z,2023-06-17T00:00:00Z,25577.080000000002,26446.779999999999,25346.709999999999,26342.59,46740197622.607597,500194067544.68799,2023-06-16,2023-06-17,False,False
2023-06-17T00:00:00Z,2023-06-18T00:00:00Z,26323.02,26761.389999999999,26195.360000000001,26520.009999999998,48909874801.031303,513792984872.29498,2023-06-17,2023-06-18,False,False
2023-06-18T00:00:00Z,2023-06-19T00:00:00Z,26516.990000000002,26650.68,26339.43,26339.43,44235157758.614601,514476561479.98999,2023-06-18,2023-06-19,False,False
2023-06-19T00:00:00Z,2023-06-20T00:00:00Z,26341.310000000001,26968.040000000001,26327.580000000002,26781.82,50484604860.829903,514394026109.64203,2023-06-19,2023-06-20,False,False
2023-06-20T00:00:00Z,2023-06-21T00:00:00Z,26842.25,28371.02,26669.029999999999,28371.02,57466425343.5625,527833461097.65997,2023-06-20,2023-06-21,False,False
2023-06-21T00:00:00Z,2023-06-22T00:00:00Z,28300.689999999999,30658.07,28260.919999999998,30059.709999999999,73009173801.902802,568630366016.25305,2023-06-21,2023-06-22,False,False
2023-06-22T00:00:00Z,2023-06-23T00:00:00Z,29993.950000000001,30474.349999999999,29672.52,29903.560000000001,68752955862.892395,584251464014.36096,2023-06-22,2023-06-23,False,False
2023-06-23T00:00:00Z,2023-06-24T00:00:00Z,29887.610000000001,31392.970000000001,29853.889999999999,30605.59,59627137330.020798,588824363402.677,2023-06-23,2023-06-24,False,False
2023-06-24T00:00:00Z,2023-06-25T00:00:00Z,30681.32,30787,30313.990000000002,30540.549999999999,62026836506.9618,594264295560.33301,2023-06-24,2023-06-25,False,False
2023-06-25T00:00:00Z,2023-06-26T00:00:00Z,30527.389999999999,31039.740000000002,30311.240000000002,30457.700000000001,63108148385.736099,594243523906.10095,2023-06-25,2023-06-26,False,False
2023-06-26T00:00:00Z,2023-06-27T00:00:00Z,30462.68,30637.240000000002,30010.619999999999,30273.799999999999,50540549431.420097,587700179912.50696,2023-06-26,2023-06-27,False,False
2023-06-27T00:00:00Z,2023-06-28T00:00:00Z,30265.009999999998,30967.27,30238.02,30709.779999999999,55136086604.7743,592493194819.14197,2023-06-27,2023-06-28,False,False
2023-06-28T00:00:00Z,2023-06-29T00:00:00Z,30692.450000000001,30692.450000000001,29992.580000000002,30084.009999999998,53570321008.222198,588082306247.5,2023-06-28,2023-06-29,False,False
2023-06-29T00:00:00Z,2023-06-30T00:00:00Z,30077.439999999999,30774.939999999999,30077.439999999999,30459.099999999999,50980130909.5382,590214626897.99304,2023-06-29,2023-06-30,False,False
2023-06-30T00:00:00Z,2023-07-01T00:00:00Z,30445.959999999999,31207.959999999999,29868.709999999999,30492.029999999999,62614310900.996498,593544082087.18396,2023-06-30,2023-07-01,False,False
2023-07-01T00:00:00Z,2023-07-02T00:00:00Z,30473.990000000002,30633.950000000001,30337.18,30589.049999999999,60787752400.333298,592434356996.75696,2023-07-01,2023-07-02,False,False
2023-07-02T00:00:00Z,2023-07-03T00:00:00Z,30591.709999999999,30763.310000000001,30263.48,30623.759999999998,40401576623.8507,592961262496.02795,2023-07-02,2023-07-03,False,False
2023-07-03T00:00:00Z,2023-07-04T00:00:00Z,30616.98,31332.23,30581.509999999998,31154.040000000001,48678782073.222198,598522185540.69104,2023-07-03,2023-07-04,False,False
2023-07-04T00:00:00Z,2023-07-05T00:00:00Z,31148.880000000001,31319.970000000001,30679.970000000001,30771.959999999999,47297252077.906303,601651569201.19495,2023-07-04,2023-07-05,False,False
2023-07-05T00:00:00Z,2023-07-06T00:00:00Z,30781.869999999999,30871.369999999999,30223.32,30502.919999999998,40591508671.729202,594090266062.21497,2023-07-05,2023-07-06,False,False
2023-07-06T00:00:00Z,2023-07-07T00:00:00Z,30506.77,31383.970000000001,29949.459999999999,29970.049999999999,51010320012,592491209173.75696,2023-07-06,2023-07-07,False,False
2023-07-07T00:00:00Z,2023-07-08T00:00:00Z,29904.52,30410.860000000001,29826.18,30320.040000000001,56105326561.628502,586171500250.70496,2023-07-07,2023-07-08,False,False
2023-07-08T00:00:00Z,2023-07-09T00:00:00Z,30339.110000000001,30372.48,30056.529999999999,30269.02,37162038664.055603,586871557104.177,2023-07-08,2023-07-09,False,False
2023-07-09T00:00:00Z,2023-07-10T00:00:00Z,30284.66,30388.049999999999,30085.130000000001,30164.490000000002,30981638245.965302,587722263361.63196,2023-07-09,2023-07-10,False,False
2023-07-10T00:00:00Z,2023-07-11T00:00:00Z,30160.66,30974.049999999999,30017.169999999998,30398.099999999999,37039586820.607597,587811665589.79895,2023-07-10,2023-07-11,False,False
2023-07-11T00:00:00Z,2023-07-12T00:00:00Z,30411.580000000002,30744.040000000001,30367.869999999999,30621.560000000001,55082664538.736099,592578723939.26697,2023-07-11,2023-07-12,False,False
2023-07-12T00:00:00Z,2023-07-13T00:00:00Z,30623.869999999999,30854.049999999999,30246.389999999999,30383.849999999999,49193798707.982597,594063600634.03796,2023-07-12,2023-07-13,False,False
2023-07-13T00:00:00Z,2023-07-14T00:00:00Z,30382.029999999999,31706.099999999999,30266.650000000001,31446.299999999999,55140363178.256897,596630194125.06299,2023-07-13,2023-07-14,False,False
2023-07-14T00:00:00Z,2023-07-15T00:00:00Z,31449.98,31524.82,29921.990000000002,30305.650000000001,70743478140.055603,602507765700.448,2023-07-14,2023-07-15,False,False
2023-07-15T00:00:00Z,2023-07-16T00:00:00Z,30312.040000000001,30367.380000000001,30256.049999999999,30275.68,56398543696.145798,588792035601.91699,2023-07-15,2023-07-16,False,False
2023-07-16T00:00:00Z,2023-07-17T00:00:00Z,30284.330000000002,30428.060000000001,30119.990000000002,30221.07,36815642791.170097,588443827219.66699,2023-07-16,2023-07-17,False,False
2023-07-17T00:00:00Z,2023-07-18T00:00:00Z,30231.959999999999,30326.330000000002,29688.98,30158.009999999998,41603914425.364601,586192002159.59705,2023-07-17,2023-07-18,False,False
2023-07-18T00:00:00Z,2023-07-19T00:00:00Z,30137.98,30222.529999999999,29690.009999999998,29845.470000000001,52366327829.5868,581710935371.70801,2023-07-18,2023-07-19,False,False
2023-07-19T00:00:00Z,2023-07-20T00:00:00Z,29859.98,30186.259999999998,29824.369999999999,29932.560000000001,49127238220.729202,582424967836.85095,2023-07-19,2023-07-20,False,False
2023-07-20T00:00:00Z,2023-07-21T00:00:00Z,29912.650000000001,30402.450000000001,29666.009999999998,29796.849999999999,47908295010.871498,582846387482.03796,2023-07-20,2023-07-21,False,False
2023-07-21T00:00:00Z,2023-07-22T00:00:00Z,29800.040000000001,30033.23,29739.299999999999,29907.919999999998,47562439772.253502,580220370567.91699,2023-07-21,2023-07-22,False,False
2023-07-22T00:00:00Z,2023-07-23T00:00:00Z,29928.990000000002,29983.830000000002,29666.389999999999,29747.98,38410865688.972198,580692469493.20801,2023-07-22,2023-07-23,False,False
2023-07-23T00:00:00Z,2023-07-24T00:00:00Z,29789.009999999998,30293.98,29747.48,30060.75,36606729312.604202,581912771928.36499,2023-07-23,2023-07-24,False,False
2023-07-24T00:00:00Z,2023-07-25T00:00:00Z,30083.779999999999,30087.98,28945.599999999999,29186.080000000002,46518560674.520798,571991945821.74304,2023-07-24,2023-07-25,False,False
2023-07-25T00:00:00Z,2023-07-26T00:00:00Z,29176.470000000001,29330.029999999999,29053.27,29242.029999999999,46108542236.486099,567064826055.93799,2023-07-25,2023-07-26,False,False
2023-07-26T00:00:00Z,2023-07-27T00:00:00Z,29228.919999999998,29661.48,29131.02,29349.52,36684978218.6875,569058754420.125,2023-07-26,2023-07-27,False,False
2023-07-27T00:00:00Z,2023-07-28T00:00:00Z,29351.939999999999,29555.75,29100.73,29209.650000000001,40359155098.191002,570512842026.22205,2023-07-27,2023-07-28,False,False
2023-07-28T00:00:00Z,2023-07-29T00:00:00Z,29223.130000000001,29510.07,29126.049999999999,29318.619999999999,40630461680.25,568810710723.02795,2023-07-28,2023-07-29,False,False
2023-07-29T00:00:00Z,2023-07-30T00:00:00Z,29314.139999999999,29397.16,29264.459999999999,29356.220000000001,33505804261.510399,569973319773.72595,2023-07-29,2023-07-30,False,False
2023-07-30T00:00:00Z,2023-07-31T00:00:00Z,29352.919999999998,29442.049999999999,29105.610000000001,29273.900000000001,26527782640.371498,569680592070.23596,2023-07-30,2023-07-31,False,False
2023-07-31T00:00:00Z,2023-08-01T00:00:00Z,29281.110000000001,29496.639999999999,29134.91,29225.93,34473874341.540398,570306936541.39697,2023-07-31,2023-08-01,False,False
2023-08-01T00:00:00Z,2023-08-02T00:00:00Z,29232.209999999999,29629.240000000002,28778.209999999999,29629.240000000002,41476655137.659698,564261661935.771,2023-08-01,2023-08-02,False,False
2023-08-02T00:00:00Z,2023-08-03T00:00:00Z,29728.91,29989.700000000001,29011.990000000002,29151.700000000001,57813137209.885399,572528715893.89905,2023-08-02,2023-08-03,False,False
2023-08-03T00:00:00Z,2023-08-04T00:00:00Z,29186.619999999999,29398.240000000002,29016.200000000001,29198.330000000002,49303661951.760399,567619681978.79895,2023-08-03,2023-08-04,False,False
2023-08-04T00:00:00Z,2023-08-05T00:00:00Z,29193.68,29309.66,28926.040000000001,29113.380000000001,43120949289.0625,567136034604.25696,2023-08-04,2023-08-05,False,False
2023-08-05T00:00:00Z,2023-08-06T00:00:00Z,29113.959999999999,29142.060000000001,28987.389999999999,29074.549999999999,37921384456.9338,565045600022.72803,2023-08-05,2023-08-06,False,False
2023-08-06T00:00:00Z,2023-08-07T00:00:00Z,29072.16,29199.939999999999,28980.119999999999,29086.650000000001,38729991966.558998,565218775537.43799,2023-08-06,2023-08-07,False,False
2023-08-07T00:00:00Z,2023-08-08T00:00:00Z,29036.98,29276.77,28781.799999999999,29206.009999999998,39697415731.340302,565607029590.34399,2023-08-07,2023-08-08,False,False
2023-08-08T00:00:00Z,2023-08-09T00:00:00Z,29211.189999999999,30127.049999999999,29128.810000000001,29766.720000000001,46336322796.319397,572856290820.80896,2023-08-08,2023-08-09,False,False
2023-08-09T00:00:00Z,2023-08-10T00:00:00Z,29770.450000000001,30071.630000000001,29414.98,29596.900000000001,47813268906.892403,577780307177.77795,2023-08-09,2023-08-10,False,False
2023-08-10T00:00:00Z,2023-08-11T00:00:00Z,29582.009999999998,29709.959999999999,29379.580000000002,29455.740000000002,42722831077.6875,573876771112.13904,2023-08-10,2023-08-11,False,False
2023-08-11T00:00:00Z,2023-08-12T00:00:00Z,29460.02,29542.009999999998,29291.040000000001,29426.009999999998,35066540604.267403,571915698208.573,2023-08-11,2023-08-12,False,False
2023-08-12T00:00:00Z,2023-08-13T00:00:00Z,29426.009999999998,29475.290000000001,29353.950000000001,29430.07,30446735213.652802,572021738495.09705,2023-08-12,2023-08-13,False,False
2023-08-13T00:00:00Z,2023-08-14T00:00:00Z,29430.209999999999,29466.509999999998,29281.720000000001,29285.110000000001,30174102462.545101,571529989273.76697,2023-08-13,2023-08-14,False,False
2023-08-14T00:00:00Z,2023-08-15T00:00:00Z,29303.799999999999,29686.029999999999,29162.07,29430.950000000001,38887388743.097198,571833187775.13501,2023-08-14,2023-08-15,False,False
2023-08-15T00:00:00Z,2023-08-16T00:00:00Z,29430.919999999998,29454.279999999999,29121.169999999998,29200.799999999999,43364283059.197899,570578134007.62805,2023-08-15,2023-08-16,False,False
2023-08-16T00:00:00Z,2023-08-17T00:00:00Z,29199.990000000002,29257.43,28736.490000000002,28736.490000000002,39579849070.829903,566341141564.45801,2023-08-16,2023-08-17,False,False
2023-08-17T00:00:00Z,2023-08-18T00:00:00Z,28730.48,28768.439999999999,25458.369999999999,26610.040000000001,48279108356.569397,548383686140.47198,2023-08-17,2023-08-18,False,False
2023-08-18T00:00:00Z,2023-08-19T00:00:00Z,26633.290000000001,26784.23,25721.529999999999,26058.259999999998,70305042457.378494,511539286686.33002,2023-08-18,2023-08-19,False,False
2023-08-19T00:00:00Z,2023-08-20T00:00:00Z,26046.939999999999,26253.259999999998,25814.25,26090.630000000001,47720925652.829903,506054025632.448,2023-08-19,2023-08-20,False,False
2023-08-20T00:00:00Z,2023-08-21T00:00:00Z,26099.959999999999,26267.330000000002,26002.029999999999,26180,36245031610.361099,508436480907.13202,2023-08-20,2023-08-21,False,False
2023-08-21T00:00:00Z,2023-08-22T00:00:00Z,26190.02,26201.860000000001,25879.48,26123.450000000001,38975374893.6493,507355969948.56598,2023-08-21,2023-08-22,False,False
2023-08-22T00:00:00Z,2023-08-23T00:00:00Z,26126.91,26134.049999999999,25593.790000000001,26048.09,42756138356.145798,505723067759.43103,2023-08-22,2023-08-23,False,False
2023-08-23T00:00:00Z,2023-08-24T00:00:00Z,26054.990000000002,26778.009999999998,25805.060000000001,26417.400000000001,49275817829.871498,509420434966.29199,2023-08-23,2023-08-24,False,False
2023-08-24T00:00:00Z,2023-08-25T00:00:00Z,26436.939999999999,26556.639999999999,25964.98,26141.529999999999,48815596296.267403,511715496826.73999,2023-08-24,2023-08-25,False,False
2023-08-25T00:00:00Z,2023-08-26T00:00:00Z,26180.060000000001,26237.919999999998,25833.57,26058.220000000001,34117409477.104198,507043726577.31598,2023-08-25,2023-08-26,False,False
2023-08-26T00:00:00Z,2023-08-27T00:00:00Z,26060.009999999998,26097.73,26000.220000000001,26021.02,28243499438.611099,506836660617.73999,2023-08-26,2023-08-27,False,False
2023-08-27T00:00:00Z,2023-08-28T00:00:00Z,26017.380000000001,26170.029999999999,25977.709999999999,26088.380000000001,21529918739.316002,507375403098.12903,2023-08-27,2023-08-28,False,False
2023-08-28T00:00:00Z,2023-08-29T00:00:00Z,26101.82,26184.91,25898.040000000001,26127.889999999999,27605641627.409698,506732283967.03802,2023-08-28,2023-08-29,False,False
2023-08-29T00:00:00Z,2023-08-30T00:00:00Z,26109.619999999999,28005.419999999998,25923.02,27718.23,40345124416.267403,519784161083.698,2023-08-29,2023-08-30,False,False
2023-08-30T00:00:00Z,2023-08-31T00:00:00Z,27717.790000000001,27740.450000000001,27084.150000000001,27316.23,51363304984.5,532441419168.90997,2023-08-30,2023-08-31,False,False
2023-08-31T00:00:00Z,2023-09-01T00:00:00Z,27300,27442.529999999999,25827.450000000001,25936.450000000001,37305394162.034698,523082089827.26703,2023-08-31,2023-09-01,False,False
2023-09-01T00:00:00Z,2023-09-02T00:00:00Z,25939.290000000001,26131.860000000001,25400.900000000001,25816.57,44378083351.496498,504328420364.896,2023-09-01,2023-09-02,False,False
2023-09-02T00:00:00Z,2023-09-03T00:00:00Z,25807.029999999999,25945.990000000002,25760.02,25856.93,35653785452.951401,502904177190.18799,2023-09-02,2023-09-03,False,False
2023-09-03T00:00:00Z,2023-09-04T00:00:00Z,25869.490000000002,26057.27,25830.07,25980.599999999999,24866987152.246498,504671563347.34399,2023-09-03,2023-09-04,False,False
2023-09-04T00:00:00Z,2023-09-05T00:00:00Z,25971.209999999999,26051.360000000001,25677.709999999999,25824.150000000001,25975859563.715302,504439876869.38501,2023-09-04,2023-09-05,False,False
2023-09-05T00:00:00Z,2023-09-06T00:00:00Z,25826.009999999998,25839.59,25573.330000000002,25788.700000000001,30714818703.131901,501315384711.02802,2023-09-05,2023-09-06,False,False
2023-09-06T00:00:00Z,2023-09-07T00:00:00Z,25787.139999999999,25902.130000000001,25491.639999999999,25771.630000000001,30959639752.486099,501124791110.65601,2023-09-06,2023-09-07,False,False
2023-09-07T00:00:00Z,2023-09-08T00:00:00Z,25763.810000000001,26404.77,25623.990000000002,26200.959999999999,32365378916.371498,503240784747.36499,2023-09-07,2023-09-08,False,False
2023-09-08T00:00:00Z,2023-09-09T00:00:00Z,26250.82,26382.02,25725.470000000001,25910.509999999998,33843759090.170101,506945110609.47198,2023-09-08,2023-09-09,False,False
2023-09-09T00:00:00Z,2023-09-10T00:00:00Z,25910.5,25913.720000000001,25817.18,25893.130000000001,24554544142.305599,504028139318.95801,2023-09-09,2023-09-10,False,False
2023-09-10T00:00:00Z,2023-09-11T00:00:00Z,25901.560000000001,25972.619999999999,25664.189999999999,25841.650000000001,21349405286.805599,503000805783.93103,2023-09-10,2023-09-11,False,False
2023-09-11T00:00:00Z,2023-09-12T00:00:00Z,25841.599999999999,25892.75,25003.540000000001,25143.630000000001,29801839901.322899,496841869705.66699,2023-09-11,2023-09-12,False,False
2023-09-12T00:00:00Z,2023-09-13T00:00:00Z,25163.360000000001,26414.349999999999,25134.82,25854.290000000001,42840517079.958298,504104292061.39899,2023-09-12,2023-09-13,False,False
2023-09-13T00:00:00Z,2023-09-14T00:00:00Z,25840.049999999999,26374.389999999999,25798.880000000001,26222.02,37825897072.177101,508279725840.01703,2023-09-13,2023-09-14,False,False
2023-09-14T00:00:00Z,2023-09-15T00:00:00Z,26222.029999999999,26730.830000000002,26167.490000000002,26528.220000000001,36186355265.611099,515109962336.33301,2023-09-14,2023-09-15,False,False
2023-09-15T00:00:00Z,2023-09-16T00:00:00Z,26519.970000000001,26809.849999999999,26239.049999999999,26627.689999999999,35408599194.729202,516415192023.04199,2023-09-15,2023-09-16,False,False
2023-09-16T00:00:00Z,2023-09-17T00:00:00Z,26599.990000000002,26721.889999999999,26463.279999999999,26553.130000000001,27388016401.916698,517530931980.33698,2023-09-16,2023-09-17,False,False
2023-09-17T00:00:00Z,2023-09-18T00:00:00Z,26568.290000000001,26610.110000000001,26430.049999999999,26531.400000000001,21150829669.135399,516935994451.271,2023-09-17,2023-09-18,False,False
2023-09-18T00:00:00Z,2023-09-19T00:00:00Z,26527.970000000001,27395.709999999999,26414.75,26738.740000000002,27436417976.254398,523339571933.36902,2023-09-18,2023-09-19,False,False
2023-09-19T00:00:00Z,2023-09-20T00:00:00Z,26769.189999999999,27461.080000000002,26676.360000000001,27211.200000000001,35841784789.781303,527080219028.35101,2023-09-19,2023-09-20,False,False
2023-09-20T00:00:00Z,2023-09-21T00:00:00Z,27207.59,27345.790000000001,26841.639999999999,27121.84,35651837898.503502,528617797119.52802,2023-09-20,2023-09-21,False,False
2023-09-21T00:00:00Z,2023-09-22T00:00:00Z,27124.970000000001,27138.299999999999,26417.869999999999,26556.98,34716136791.041702,521954128128.89203,2023-09-21,2023-09-22,False,False
2023-09-22T00:00:00Z,2023-09-23T00:00:00Z,26568.52,26732.630000000001,26497.450000000001,26577.610000000001,32770883855.777802,518699551941.51001,2023-09-22,2023-09-23,False,False
2023-09-23T00:00:00Z,2023-09-24T00:00:00Z,26580.099999999999,26632.75,26524.900000000001,26580.66,27485516874.357601,518045955547.94397,2023-09-23,2023-09-24,False,False
2023-09-24T00:00:00Z,2023-09-25T00:00:00Z,26575.970000000001,26708.73,26238.82,26254.110000000001,20558845366.819401,517708761935.15601,2023-09-24,2023-09-25,False,False
2023-09-25T00:00:00Z,2023-09-26T00:00:00Z,26251.639999999999,26419.98,26029.07,26308.450000000001,29729980167.375,510829342057.54199,2023-09-25,2023-09-26,False,False
2023-09-26T00:00:00Z,2023-09-27T00:00:00Z,26304.75,26386.509999999998,26124.07,26217.380000000001,30801411868.847198,511684910238.28802,2023-09-26,2023-09-27,False,False
2023-09-27T00:00:00Z,2023-09-28T00:00:00Z,26214.889999999999,26808.540000000001,26172.5,26368.040000000001,28486091576.215302,513326391607.78802,2023-09-27,2023-09-28,False,False
2023-09-28T00:00:00Z,2023-09-29T00:00:00Z,26370.330000000002,27234.959999999999,26330.720000000001,27020.310000000001,28973213250.909698,520205740020.18402,2023-09-28,2023-09-29,False,False
2023-09-29T00:00:00Z,2023-09-30T00:00:00Z,27021.389999999999,27229.290000000001,26702.950000000001,26910.689999999999,33574434386.888901,525633916400.99298,2023-09-29,2023-09-30,False,False
2023-09-30T00:00:00Z,2023-10-01T00:00:00Z,26906.990000000002,27080.82,26886.869999999999,26967.110000000001,21798932201.4063,525844162485.25403,2023-09-30,2023-10-01,False,False
2023-10-01T00:00:00Z,2023-10-02T00:00:00Z,26962.529999999999,27993.900000000001,26962.529999999999,27978.099999999999,18834874003.375,529776807474.71503,2023-10-01,2023-10-02,False,False
2023-10-02T00:00:00Z,2023-10-03T00:00:00Z,27991.07,28478.970000000001,27374.23,27609.130000000001,31522159982.003502,546920722977.03497,2023-10-02,2023-10-03,False,False
2023-10-03T00:00:00Z,2023-10-04T00:00:00Z,27497.490000000002,27663.529999999999,27254.73,27419.23,31238180718.986099,536028511381.02802,2023-10-03,2023-10-04,False,False
2023-10-04T00:00:00Z,2023-10-05T00:00:00Z,27427.279999999999,27819.830000000002,27255.349999999999,27778.599999999999,22165383914.423599,536685995898.51703,2023-10-04,2023-10-05,False,False
2023-10-05T00:00:00Z,2023-10-06T00:00:00Z,27785.52,28071.450000000001,27374.369999999999,27422.599999999999,19688560916.878502,539004799814.66998,2023-10-05,2023-10-06,False,False
2023-10-06T00:00:00Z,2023-10-07T00:00:00Z,27409.84,28224.970000000001,27247.639999999999,27933,24229756760.486099,540409148707.06299,2023-10-06,2023-10-07,False,False
2023-10-07T00:00:00Z,2023-10-08T00:00:00Z,27933.779999999999,28013.810000000001,27865,27958.619999999999,26085716212.138901,544805188638.18799,2023-10-07,2023-10-08,False,False
2023-10-08T00:00:00Z,2023-10-09T00:00:00Z,27956.630000000001,28094.990000000002,27737.73,27932.439999999999,16818867481.385401,544600269628.46503,2023-10-08,2023-10-09,False,False
2023-10-09T00:00:00Z,2023-10-10T00:00:00Z,27917.009999999998,27974.950000000001,27299.959999999999,27584.099999999999,23156001098.388901,539897756919.48602,2023-10-09,2023-10-10,False,False
2023-10-10T00:00:00Z,2023-10-11T00:00:00Z,27588.849999999999,27707.75,27302.720000000001,27390.34,25715370675.6493,536966444778.396,2023-10-10,2023-10-11,False,False
2023-10-11T00:00:00Z,2023-10-12T00:00:00Z,27389.130000000001,27467.700000000001,26548.130000000001,26844.459999999999,26211489297.7257,527084957372.60101,2023-10-11,2023-10-12,False,False
2023-10-12T00:00:00Z,2023-10-13T00:00:00Z,26876.310000000001,26928.73,26577.400000000001,26738.450000000001,27178555016.756901,522248626257.85101,2023-10-12,2023-10-13,False,False
2023-10-13T00:00:00Z,2023-10-14T00:00:00Z,26759.66,27055.950000000001,26697.049999999999,26841.720000000001,28991540610.027802,523287271812.12903,2023-10-13,2023-10-14,False,False
2023-10-14T00:00:00Z,2023-10-15T00:00:00Z,26862,26968.049999999999,26807.540000000001,26858.700000000001,29481994960.5382,524553850179.12201,2023-10-14,2023-10-15,False,False
2023-10-15T00:00:00Z,2023-10-16T00:00:00Z,26852.470000000001,27271.369999999999,26823.209999999999,27146.619999999999,20894691266.866199,525681704687.37701,2023-10-15,2023-10-16,False,False
2023-10-16T00:00:00Z,2023-10-17T00:00:00Z,27154.099999999999,29291.740000000002,27124.049999999999,28502.099999999999,46414178107.847198,544604882908.08301,2023-10-16,2023-10-17,False,False
2023-10-17T00:00:00Z,2023-10-18T00:00:00Z,28500.82,28596.459999999999,28117.740000000002,28407.419999999998,75291272170.239594,554009555647.052,2023-10-17,2023-10-18,False,False
2023-10-18T00:00:00Z,2023-10-19T00:00:00Z,28395.919999999998,28794.040000000001,28190.5,28322.73,52104621440.451401,554307620710.20496,2023-10-18,2023-10-19,False,False
2023-10-19T00:00:00Z,2023-10-20T00:00:00Z,28320.02,28865.259999999998,28183.07,28695.970000000001,43605092992.993103,555871255246.15601,2023-10-19,2023-10-20,False,False
2023-10-20T00:00:00Z,2023-10-21T00:00:00Z,28717.810000000001,30023.310000000001,28594.810000000001,29665.02,64765591151.930603,574373641571.78796,2023-10-20,2023-10-21,False,False
2023-10-21T00:00:00Z,2023-10-22T00:00:00Z,29669.080000000002,30205.02,29470.810000000001,29894.16,54234859743.8993,581554496900.23999,2023-10-21,2023-10-22,False,False
2023-10-22T00:00:00Z,2023-10-23T00:00:00Z,29909.779999999999,30162.169999999998,29747.900000000001,29965.009999999998,42841417581.451401,583879900870.27405,2023-10-22,2023-10-23,False,False
2023-10-23T00:00:00Z,2023-10-24T00:00:00Z,29989.040000000001,34063.209999999999,29892.169999999998,32941.459999999999,59300815030.291702,603210099542.85095,2023-10-23,2023-10-24,False,False
2023-10-24T00:00:00Z,2023-10-25T00:00:00Z,33062.93,34986.959999999999,32879.199999999997,33856,173333705633.479,665645055283.76001,2023-10-24,2023-10-25,False,False
2023-10-25T00:00:00Z,2023-10-26T00:00:00Z,33915.209999999999,35096.269999999997,33786,34464.230000000003,121054277086.50301,670279091543.04199,2023-10-25,2023-10-26,False,False
2023-10-26T00:00:00Z,2023-10-27T00:00:00Z,34494.379999999997,34800.639999999999,33770.040000000001,34148.860000000001,86077807428.646896,670335137320.51404,2023-10-26,2023-10-27,False,False
2023-10-27T00:00:00Z,2023-10-28T00:00:00Z,34151.629999999997,34245,33439.18,33910.019999999997,68530016598.566002,663156929975.31995,2023-10-27,2023-10-28,False,False
2023-10-28T00:00:00Z,2023-10-29T00:00:00Z,33892.029999999999,34389.959999999999,33862.690000000002,34088.400000000001,54952706849.6875,665584240907.94495,2023-10-28,2023-10-29,False,False
2023-10-29T00:00:00Z,2023-10-30T00:00:00Z,34082,34716.849999999999,33958.650000000001,34535.580000000002,36770834872.496498,669819697224.20801,2023-10-29,2023-10-30,False,False
2023-10-30T00:00:00Z,2023-10-31T00:00:00Z,34522.349999999999,34826.339999999997,34081.949999999997,34486.769999999997,52507686363.281303,672583464610,2023-10-30,2023-10-31,False,False
2023-10-31T00:00:00Z,2023-11-01T00:00:00Z,34474.739999999998,34664.970000000001,34089.589999999997,34650.029999999999,63716251715.013901,671545109490.72595,2023-10-31,2023-11-01,False,False
2023-11-01T00:00:00Z,2023-11-02T00:00:00Z,34642.970000000001,35517.419999999998,34191.589999999997,35428.260000000002,69941173386.402802,675547794651.44104,2023-11-01,2023-11-02,False,False
2023-11-02T00:00:00Z,2023-11-03T00:00:00Z,35421.419999999998,35882.720000000001,34455.339999999997,34918.050000000003,99037559847.027802,686523360276.58997,2023-11-02,2023-11-03,False,False
2023-11-03T00:00:00Z,2023-11-04T00:00:00Z,34929.220000000001,34929.220000000001,34130.739999999998,34730.029999999999,79432467912.065994,674413528540.34705,2023-11-03,2023-11-04,False,False
2023-11-04T00:00:00Z,2023-11-05T00:00:00Z,34716.800000000003,35208.5,34593.440000000002,35019.68,55955346234.708298,679031841967.50696,2023-11-04,2023-11-05,False,False
2023-11-05T00:00:00Z,2023-11-06T00:00:00Z,35062.059999999998,35311.029999999999,34604.419999999998,35022.440000000002,43093136541.4757,684411278696.20801,2023-11-05,2023-11-06,False,False
2023-11-06T00:00:00Z,2023-11-07T00:00:00Z,35011.910000000003,35276.360000000001,34738.190000000002,35019.43,63144740589.333298,683663175431.04504,2023-11-06,2023-11-07,False,False
2023-11-07T00:00:00Z,2023-11-08T00:00:00Z,35041.660000000003,35853.099999999999,34567.739999999998,35423.239999999998,60331832973.892403,683059571154.03796,2023-11-07,2023-11-08,False,False
2023-11-08T00:00:00Z,2023-11-09T00:00:00Z,35403.489999999998,35899.370000000003,35161.169999999998,35680.290000000001,74213990138.795105,691478402764.66296,2023-11-08,2023-11-09,False,False
2023-11-09T00:00:00Z,2023-11-10T00:00:00Z,35620.889999999999,37896.080000000002,35586.650000000001,36775.230000000003,107959561594.65601,714919296037.54199,2023-11-09,2023-11-10,False,False
2023-11-10T00:00:00Z,2023-11-11T00:00:00Z,36690.239999999998,37445.019999999997,36389.43,37321.139999999999,122320956786.25301,721663544725.99304,2023-11-10,2023-11-11,False,False
2023-11-11T00:00:00Z,2023-11-12T00:00:00Z,37291.120000000003,37396.290000000001,36788.620000000003,37082.169999999998,76722189582.725693,724301433314.93396,2023-11-11,2023-11-12,False,False
2023-11-12T00:00:00Z,2023-11-13T00:00:00Z,37132.82,37206.050000000003,36754.309999999998,37035.029999999999,51910456415.107597,724387347104.62805,2023-11-12,2023-11-13,False,False
2023-11-13T00:00:00Z,2023-11-14T00:00:00Z,37064.080000000002,37337.760000000002,36414.239999999998,36531.68,52369620884.680603,720422316732.677,2023-11-13,2023-11-14,False,False
2023-11-14T00:00:00Z,2023-11-15T00:00:00Z,36466.800000000003,36733.339999999997,35150.029999999999,35540.040000000001,73074282460.795105,707837497107.74304,2023-11-14,2023-11-15,False,False
2023-11-15T00:00:00Z,2023-11-16T00:00:00Z,35551.220000000001,37863.660000000003,35390.379999999997,37863.660000000003,86986645724.878494,708393701396.61804,2023-11-15,2023-11-16,False,False
2023-11-16T00:00:00Z,2023-11-17T00:00:00Z,37857.910000000003,37869.839999999997,35547.050000000003,36223.540000000001,101367468658.62801,721967490104.15601,2023-11-16,2023-11-17,False,False
2023-11-17T00:00:00Z,2023-11-18T00:00:00Z,36166.129999999997,36671.18,35941.809999999998,36514.010000000002,89470470460.944397,710576228450.10803,2023-11-17,2023-11-18,False,False
2023-11-18T00:00:00Z,2023-11-19T00:00:00Z,36621.910000000003,36807.230000000003,36228.169999999998,36559.410000000003,65233267011.322899,713204236065.77795,2023-11-18,2023-11-19,False,False
2023-11-19T00:00:00Z,2023-11-20T00:00:00Z,36566.860000000001,37480.339999999997,36400.010000000002,37388.510000000002,40323738067.767403,716127337160.625,2023-11-19,2023-11-20,False,False
2023-11-20T00:00:00Z,2023-11-21T00:00:00Z,37349.989999999998,37715.449999999997,36907.910000000003,37465.889999999999,60307893596.777802,728822464072.625,2023-11-20,2023-11-21,False,False
2023-11-21T00:00:00Z,2023-11-22T00:00:00Z,37448.809999999998,37602.230000000003,35942.190000000002,35942.190000000002,84297006475.5,725844949530.41699,2023-11-21,2023-11-22,False,False
2023-11-22T00:00:00Z,2023-11-23T00:00:00Z,35769.160000000003,37799.919999999998,35769.160000000003,37448.769999999997,106062673922.056,716625387478.74304,2023-11-22,2023-11-23,False,False
2023-11-23T00:00:00Z,2023-11-24T00:00:00Z,37405.300000000003,37635.029999999999,36912.949999999997,37294.400000000001,81239924209.878494,729535946714.79504,2023-11-23,2023-11-24,False,False
2023-11-24T00:00:00Z,2023-11-25T00:00:00Z,37294.239999999998,38378.839999999997,37262.010000000002,37710.800000000003,63980426347.319397,735907159356.46204,2023-11-24,2023-11-25,False,False
2023-11-25T00:00:00Z,2023-11-26T00:00:00Z,37711.07,37868.050000000003,37598.720000000001,37785.839999999997,69914110442.125,738197810721.73303,2023-11-25,2023-11-26,False,False
2023-11-26T00:00:00Z,2023-11-27T00:00:00Z,37780.68,37814.650000000001,37178.739999999998,37478.110000000001,37752415504.433601,735040010633.15405,2023-11-26,2023-11-27,False,False
2023-11-27T00:00:00Z,2023-11-28T00:00:00Z,37442.959999999999,37547.980000000003,36754.040000000001,37268.830000000002,61565626037.618103,726567202037.302,2023-11-27,2023-11-28,False,False
2023-11-28T00:00:00Z,2023-11-29T00:00:00Z,37241.07,38273.699999999997,36896.169999999998,37776.889999999999,75091400151.027802,731986258444.24304,2023-11-28,2023-11-29,False,False
2023-11-29T00:00:00Z,2023-11-30T00:00:00Z,37832.669999999998,38345.980000000003,37623.010000000002,37808.010000000002,68380861881.715302,742003659759.54504,2023-11-29,2023-11-30,False,False
2023-11-30T00:00:00Z,2023-12-01T00:00:00Z,37854.660000000003,38143.940000000002,37530.889999999999,37715.019999999997,28133746903.427101,738851273635.21204,2023-11-30,2023-12-01,False,False
2023-12-01T00:00:00Z,2023-12-02T00:00:00Z,37712.360000000001,38959.110000000001,37624.650000000001,38658.059999999998,29142859065.623699,751075055658.23303,2023-12-01,2023-12-02,False,False
2023-12-02T00:00:00Z,2023-12-03T00:00:00Z,38682.559999999998,39652.699999999997,38641.629999999997,39460,28359905974.392399,760710072264.68396,2023-12-02,2023-12-03,False,False
2023-12-03T00:00:00Z,2023-12-04T00:00:00Z,39453.730000000003,40108.540000000001,39288.239999999998,39941.07,26254626062.496498,773502630811.28796,2023-12-03,2023-12-04,False,False
2023-12-04T00:00:00Z,2023-12-05T00:00:00Z,39972.220000000001,42386.309999999998,39972.220000000001,41995.800000000003,45201233924.361099,810351304916.45105,2023-12-04,2023-12-05,False,False
2023-12-05T00:00:00Z,2023-12-06T00:00:00Z,41991.559999999998,44413.989999999998,41437.900000000001,44085.68,49528316257.291702,829378490635.44495,2023-12-05,2023-12-06,False,False
2023-12-06T00:00:00Z,2023-12-07T00:00:00Z,44072.290000000001,44269.989999999998,43454,43714.529999999999,58562982566.7882,858287937128.69104,2023-12-06,2023-12-07,False,False
2023-12-07T00:00:00Z,2023-12-08T00:00:00Z,43766.57,44045.949999999997,43011.099999999999,43249.989999999998,41104564561.246498,852057304979.74695,2023-12-07,2023-12-08,False,False
2023-12-08T00:00:00Z,2023-12-09T00:00:00Z,43275.129999999997,44614.010000000002,43129.989999999998,44199.330000000002,39750657917.8125,854131359423.70105,2023-12-08,2023-12-09,False,False
2023-12-09T00:00:00Z,2023-12-10T00:00:00Z,44171.040000000001,44344.360000000001,43629.980000000003,43701.25,34949278292.076401,861249549262.45105,2023-12-09,2023-12-10,False,False
2023-12-10T00:00:00Z,2023-12-11T00:00:00Z,43713.599999999999,44032.989999999998,43610.019999999997,43762.68,25480214581.027802,857357855767.80603,2023-12-10,2023-12-11,False,False
2023-12-11T00:00:00Z,2023-12-12T00:00:00Z,43789.480000000003,43804.419999999998,40375.190000000002,41221.120000000003,43861781609.800003,820450444449.90503,2023-12-11,2023-12-12,False,False
2023-12-12T00:00:00Z,2023-12-13T00:00:00Z,41258.82,42045.959999999999,40700.589999999997,41512.610000000001,49048167063.944397,813012566945.88904,2023-12-12,2023-12-13,False,False
2023-12-13T00:00:00Z,2023-12-14T00:00:00Z,41492.360000000001,43354.300000000003,40693.860000000001,42906.870000000003,37987604126.627197,814451975730.39404,2023-12-13,2023-12-14,False,False
2023-12-14T00:00:00Z,2023-12-15T00:00:00Z,42866.860000000001,43357.599999999999,41938.379999999997,43004.169999999998,42951564227.947899,838439205108.28101,2023-12-14,2023-12-15,False,False
2023-12-15T00:00:00Z,2023-12-16T00:00:00Z,43022.220000000001,43078.690000000002,41742.32,41953.419999999998,38137174910.159698,831255134345.80603,2023-12-15,2023-12-16,False,False
2023-12-16T00:00:00Z,2023-12-17T00:00:00Z,41934.599999999999,42697.900000000001,41725.940000000002,42244.610000000001,29546881906.618099,827593815440.53503,2023-12-16,2023-12-17,False,False
2023-12-17T00:00:00Z,2023-12-18T00:00:00Z,42278.010000000002,42418.389999999999,41298.470000000001,41448.75,24403669115.885399,821166369178.53503,2023-12-17,2023-12-18,False,False
2023-12-18T00:00:00Z,2023-12-19T00:00:00Z,41374.650000000001,42714.970000000001,40660.029999999999,42666.059999999998,33200312603.4618,810384647539.48596,2023-12-18,2023-12-19,False,False
2023-12-19T00:00:00Z,2023-12-20T00:00:00Z,42657.760000000002,43314.730000000003,41846.620000000003,42300.160000000003,40118803131.680603,836098775200.52795,2023-12-19,2023-12-20,False,False
2023-12-20T00:00:00Z,2023-12-21T00:00:00Z,42270.919999999998,44279.959999999999,42225.370000000003,43645.949999999997,36592551109.465302,845177333455.07996,2023-12-20,2023-12-21,False,False
2023-12-21T00:00:00Z,2023-12-22T00:00:00Z,43661.989999999998,44206.010000000002,43296.110000000001,43849.410000000003,41912480831.138901,856025729719.01001,2023-12-21,2023-12-22,False,False
2023-12-22T00:00:00Z,2023-12-23T00:00:00Z,43861.769999999997,44358.589999999997,43429.949999999997,43948.889999999999,35933013764.4618,857466992625.28503,2023-12-22,2023-12-23,False,False
2023-12-23T00:00:00Z,2023-12-24T00:00:00Z,43956.760000000002,43975.779999999999,43351.059999999998,43727.32,26907189863.4618,855127722257.78101,2023-12-23,2023-12-24,False,False
2023-12-24T00:00:00Z,2023-12-25T00:00:00Z,43702.129999999997,43927.879999999997,42850.199999999997,43017.900000000001,20946516344.444401,854044631030.56604,2023-12-24,2023-12-25,False,False
2023-12-25T00:00:00Z,2023-12-26T00:00:00Z,42972.389999999999,43725.610000000001,42764,43613.879999999997,27513077611.388901,848417379933.10803,2023-12-25,2023-12-26,False,False
2023-12-26T00:00:00Z,2023-12-27T00:00:00Z,43576.080000000002,43576.080000000002,41723.239999999998,42519.800000000003,32193618867.555599,836405782385.69495,2023-12-26,2023-12-27,False,False
2023-12-27T00:00:00Z,2023-12-28T00:00:00Z,42508.970000000001,43624.639999999999,42154.050000000003,43384.25,33673429434.857601,838499636801.21497,2023-12-27,2023-12-28,False,False
2023-12-28T00:00:00Z,2023-12-29T00:00:00Z,43435.279999999999,43730.029999999999,42321.07,42592.059999999998,35344996354.704903,840557637464.396,2023-12-28,2023-12-29,False,False
2023-12-29T00:00:00Z,2023-12-30T00:00:00Z,42563.720000000001,43033.779999999999,41683.160000000003,42057.410000000003,35226725843.316002,830554419250.69104,2023-12-29,2023-12-30,False,False
2023-12-30T00:00:00Z,2023-12-31T00:00:00Z,42070.910000000003,42570.010000000002,41539.760000000002,42198.849999999999,34749601493.031303,824737365687.82996,2023-12-30,2023-12-31,False,False
2023-12-31T00:00:00Z,2024-01-01T00:00:00Z,42140.32,42814.169999999998,42000.019999999997,42224.089999999997,25925718093.878502,831325834493.02405,2023-12-31,2024-01-01,False,False
2024-01-01T00:00:00Z,2024-01-02T00:00:00Z,42276.339999999997,44122.029999999999,42227.989999999998,44122.029999999999,25446134905.267399,838250699610.96899,2024-01-01,2024-01-02,False,False
2024-01-02T00:00:00Z,2024-01-03T00:00:00Z,44179.5,45846.209999999999,44179.5,44957.629999999997,46593616092.152802,885906624909.58704,2024-01-02,2024-01-03,False,False
2024-01-03T00:00:00Z,2024-01-04T00:00:00Z,44944.830000000002,45474.949999999997,40931.459999999999,42818.029999999999,99124375067.690994,860210389676.84399,2024-01-03,2024-01-04,False,False
2024-01-04T00:00:00Z,2024-01-05T00:00:00Z,42845.260000000002,44664.550000000003,42635.440000000002,44188.150000000001,163905349005.13199,851366855527.35803,2024-01-04,2024-01-05,False,False
2024-01-05T00:00:00Z,2024-01-06T00:00:00Z,44168.029999999999,44229.510000000002,43142.739999999998,44112.110000000001,142446432011.052,857139251515.88196,2024-01-05,2024-01-06,False,False
2024-01-06T00:00:00Z,2024-01-07T00:00:00Z,44145.120000000003,44180.029999999999,43454.050000000003,43941.779999999999,116258879408.924,858402098110.84705,2024-01-06,2024-01-07,False,False
2024-01-07T00:00:00Z,2024-01-08T00:00:00Z,43966.93,44442.830000000002,43625.900000000001,43850.459999999999,96328651324.826401,863400987919.22205,2024-01-07,2024-01-08,False,False
2024-01-08T00:00:00Z,2024-01-09T00:00:00Z,43923.68,47200.029999999999,43260.510000000002,46900.010000000002,122271995738,878477896044.71497,2024-01-08,2024-01-09,False,False
2024-01-09T00:00:00Z,2024-01-10T00:00:00Z,46951.07,47842.370000000003,45412.610000000001,46082.080000000002,111771707928.257,913768700835.18799,2024-01-09,2024-01-10,False,False
2024-01-10T00:00:00Z,2024-01-11T00:00:00Z,46106.949999999997,47629.980000000003,44632.419999999998,46564.209999999999,62473093954.777802,897575436530.23596,2024-01-10,2024-01-11,False,False
2024-01-11T00:00:00Z,2024-01-12T00:00:00Z,46639.459999999999,48853.769999999997,45699.32,46356.959999999999,86342160205.333298,912540670422.38501,2024-01-11,2024-01-12,False,False
2024-01-12T00:00:00Z,2024-01-13T00:00:00Z,46342.019999999997,46416.330000000002,41903.919999999998,42896.050000000003,64928724108.979202,883712208328.146,2024-01-12,2024-01-13,False,False
2024-01-13T00:00:00Z,2024-01-14T00:00:00Z,42797.5,43250.080000000002,42463.07,42840.019999999997,59386885600.347198,840023043894.78101,2024-01-13,2024-01-14,False,False
2024-01-14T00:00:00Z,2024-01-15T00:00:00Z,42847.959999999999,43054.18,41737.900000000001,41737.900000000001,25534697690.2188,838079464709.91699,2024-01-14,2024-01-15,False,False
2024-01-15T00:00:00Z,2024-01-16T00:00:00Z,41746.550000000003,43369.82,41746.550000000003,42611.43,33261581208.305599,835207392070.86804,2024-01-15,2024-01-16,False,False
2024-01-16T00:00:00Z,2024-01-17T00:00:00Z,42523.93,43525.029999999999,42090.040000000001,43137.199999999997,35476803078.4618,841661192051.854,2024-01-16,2024-01-17,False,False
2024-01-17T00:00:00Z,2024-01-18T00:00:00Z,43137.989999999998,43188,42259.959999999999,42764.709999999999,37465467149.121498,837594185391.53101,2024-01-17,2024-01-18,False,False
2024-01-18T00:00:00Z,2024-01-19T00:00:00Z,42777.870000000003,42916.989999999998,40751.169999999998,41296.919999999998,33298896660.055599,828414705555.56995,2024-01-18,2024-01-19,False,False
2024-01-19T00:00:00Z,2024-01-20T00:00:00Z,41316.120000000003,42186.010000000002,40336.029999999999,41627.160000000003,43162587574.992996,809637385960.16003,2024-01-19,2024-01-20,False,False
2024-01-20T00:00:00Z,2024-01-21T00:00:00Z,41659.07,41857.379999999997,41467.970000000001,41668.989999999998,34880561427.4757,815917942586.98596,2024-01-20,2024-01-21,False,False
2024-01-21T00:00:00Z,2024-01-22T00:00:00Z,41696.07,41864.330000000002,41530.029999999999,41549.910000000003,17460482792.767399,817357400243.89905,2024-01-21,2024-01-22,False,False
2024-01-22T00:00:00Z,2024-01-23T00:00:00Z,41580.349999999999,41685.730000000003,39516.980000000003,39516.980000000003,28953952802.552101,798793726218.20801,2024-01-22,2024-01-23,False,False
2024-01-23T00:00:00Z,2024-01-24T00:00:00Z,39567.959999999999,40166.68,38604.830000000002,39873.769999999997,47245661174.881897,773227103228.26697,2024-01-23,2024-01-24,False,False
2024-01-24T00:00:00Z,2024-01-25T00:00:00Z,39904.059999999998,40538.010000000002,39571.639999999999,40145.830000000002,41582556190.395798,782819018315.97595,2024-01-24,2024-01-25,False,False
2024-01-25T00:00:00Z,2024-01-26T00:00:00Z,40085.18,40278.07,39579.43,39929.160000000003,30611272945.243099,783529941656.01001,2024-01-25,2024-01-26,False,False
2024-01-26T00:00:00Z,2024-01-27T00:00:00Z,39961.099999999999,42205.190000000002,39829.360000000001,41866.099999999999,32727132166.552101,802733300472.93103,2024-01-26,2024-01-27,False,False
2024-01-27T00:00:00Z,2024-01-28T00:00:00Z,41814,42190.010000000002,41473.93,42112.699999999997,33456456024.329899,820242705824.46204,2024-01-27,2024-01-28,False,False
2024-01-28T00:00:00Z,2024-01-29T00:00:00Z,42098.019999999997,42834.18,41696.43,42018.699999999997,23994200912.2813,828469290959.95496,2024-01-28,2024-01-29,False,False
2024-01-29T00:00:00Z,2024-01-30T00:00:00Z,42031.019999999997,43283.580000000002,41847.339999999997,43269.410000000003,27591401455.6563,832917377571.71204,2024-01-29,2024-01-30,False,False
2024-01-30T00:00:00Z,2024-01-31T00:00:00Z,43302.730000000003,43791.129999999997,42811.980000000003,42915.559999999998,35745948974.371498,851479185369.36096,2024-01-30,2024-01-31,False,False
2024-01-31T00:00:00Z,2024-02-01T00:00:00Z,42945.400000000001,43741.809999999998,42287.980000000003,42611.239999999998,36387883734.604202,841845565656.91003,2024-01-31,2024-02-01,False,False
2024-02-01T00:00:00Z,2024-02-02T00:00:00Z,42587.199999999997,43239.639999999999,41932.019999999997,43069.449999999997,39191696926.069397,832833554971.96899,2024-02-01,2024-02-02,False,False
2024-02-02T00:00:00Z,2024-02-03T00:00:00Z,43082.940000000002,43424.419999999998,42629.75,43189.150000000001,33012863715.566002,844822065348.72595,2024-02-02,2024-02-03,False,False
2024-02-03T00:00:00Z,2024-02-04T00:00:00Z,43185.790000000001,43355.959999999999,42925.879999999997,42970.669999999998,26212803849.489601,845608019938.07996,2024-02-03,2024-02-04,False,False
2024-02-04T00:00:00Z,2024-02-05T00:00:00Z,43006.660000000003,43107.980000000003,42228.040000000001,42609.980000000003,21504822984.777802,841321775010.31604,2024-02-04,2024-02-05,False,False
2024-02-05T00:00:00Z,2024-02-06T00:00:00Z,42582.940000000002,43494.230000000003,42286.040000000001,42713.660000000003,27475772366.9618,839543655852.05603,2024-02-05,2024-02-06,False,False
2024-02-06T00:00:00Z,2024-02-07T00:00:00Z,42708.709999999999,43360.57,42578.660000000003,43105.150000000001,29890974499.013901,842823370827.79895,2024-02-06,2024-02-07,False,False
2024-02-07T00:00:00Z,2024-02-08T00:00:00Z,43096.019999999997,44334.080000000002,42795.209999999999,44328.040000000001,27981396003.079899,849011742925.90601,2024-02-07,2024-02-08,False,False
2024-02-08T00:00:00Z,2024-02-09T00:00:00Z,44345.870000000003,45550.040000000001,44345.870000000003,45315.989999999998,38857280496.847198,880901927478.84399,2024-02-08,2024-02-09,False,False
2024-02-09T00:00:00Z,2024-02-10T00:00:00Z,45288.660000000003,48076.089999999997,45252.449999999997,47093.93,47445816052.1493,917625452532.66296,2024-02-09,2024-02-10,False,False
2024-02-10T00:00:00Z,2024-02-11T00:00:00Z,47122.110000000001,48080.160000000003,46879.57,47760.230000000003,45283385490.222198,929109405398.5,2024-02-10,2024-02-11,False,False
2024-02-11T00:00:00Z,2024-02-12T00:00:00Z,47751.139999999999,48534.610000000001,47608.529999999999,48269.68,30911023232.652802,944665729688.23303,2024-02-11,2024-02-12,False,False
2024-02-12T00:00:00Z,2024-02-13T00:00:00Z,48297.370000000003,50255.980000000003,47745.029999999999,50017.360000000001,38777494088.965302,957112042990.74304,2024-02-12,2024-02-13,False,False
2024-02-13T00:00:00Z,2024-02-14T00:00:00Z,49917.25,50204.940000000002,48449.959999999999,49741.980000000003,53115326968.2743,973839645174.21899,2024-02-13,2024-02-14,False,False
2024-02-14T00:00:00Z,2024-02-15T00:00:00Z,49699.589999999997,51945.989999999998,49324.019999999997,51819.739999999998,51748211301.513901,997549034115.479,2024-02-14,2024-02-15,False,False
2024-02-15T00:00:00Z,2024-02-16T00:00:00Z,51783.919999999998,52771.029999999999,51325.970000000001,51888.330000000002,53084197642.982597,1021838077939.88,2024-02-15,2024-02-16,False,False
2024-02-16T00:00:00Z,2024-02-17T00:00:00Z,51880.019999999997,52467.940000000002,51629.900000000001,52121.959999999999,47646573465.986099,1021079205021.53,2024-02-16,2024-02-17,False,False
2024-02-17T00:00:00Z,2024-02-18T00:00:00Z,52124.139999999999,52149.080000000002,50630.029999999999,51673.989999999998,35178091490.833298,1013205165333.8101,2024-02-17,2024-02-18,False,False
2024-02-18T00:00:00Z,2024-02-19T00:00:00Z,51642.610000000001,52338.43,51214.730000000003,52119.059999999998,31540616364.510399,1015642862477.64,2024-02-18,2024-02-19,False,False
2024-02-19T00:00:00Z,2024-02-20T00:00:00Z,52126.889999999999,52476.910000000003,51735.449999999997,51739.370000000003,32201907719.760399,1023293740356.05,2024-02-19,2024-02-20,False,False
2024-02-20T00:00:00Z,2024-02-21T00:00:00Z,51774.730000000003,52887.959999999999,50803.550000000003,52278.150000000001,44183700165.340302,1018468225252.39,2024-02-20,2024-02-21,False,False
2024-02-21T00:00:00Z,2024-02-22T00:00:00Z,52258.800000000003,52341.699999999997,50772.849999999999,51833,52153948766.128502,1010598273347.45,2024-02-21,2024-02-22,False,False
2024-02-22T00:00:00Z,2024-02-23T00:00:00Z,51849.389999999999,52026.559999999998,50947.82,51339.489999999998,46651103476.9757,1012679602852.48,2024-02-22,2024-02-23,False,False
2024-02-23T00:00:00Z,2024-02-24T00:00:00Z,51288.379999999997,51501.550000000003,50660.190000000002,50830.040000000001,39680259961.607597,1003273465076.26,2024-02-23,2024-02-24,False,False
2024-02-24T00:00:00Z,2024-02-25T00:00:00Z,50744.120000000003,51664.32,50590.040000000001,51549.099999999999,32742452148.9688,1004394826459.79,2024-02-24,2024-02-25,False,False
2024-02-25T00:00:00Z,2024-02-26T00:00:00Z,51568.160000000003,51932.93,51340.029999999999,51743.970000000001,26223098130.645802,1013990612709.75,2024-02-25,2024-02-26,False,False
2024-02-26T00:00:00Z,2024-02-27T00:00:00Z,51721.050000000003,54899.989999999998,50934.629999999997,54454.910000000003,36653055557.656303,1027224515607.58,2024-02-26,2024-02-27,False,False
2024-02-27T00:00:00Z,2024-02-28T00:00:00Z,54476.519999999997,57501.139999999999,54463.730000000003,57029.239999999998,81134638355.524307,1108929904071.7,2024-02-27,2024-02-28,False,False
2024-02-28T00:00:00Z,2024-02-29T00:00:00Z,57037.370000000003,63699.029999999999,56731.110000000001,62497.279999999999,96554866216.253494,1164199401855.02,2024-02-28,2024-02-29,False,False
2024-02-29T00:00:00Z,2024-03-01T00:00:00Z,62432.07,63470.480000000003,60559.339999999997,61256.010000000002,144705189244.5,1219220160267.04,2024-02-29,2024-03-01,False,False
2024-03-01T00:00:00Z,2024-03-02T00:00:00Z,61153.199999999997,62936,60791.790000000001,62481.07,86080951475.559006,1214897930968.27,2024-03-01,2024-03-02,False,False
2024-03-02T00:00:00Z,2024-03-03T00:00:00Z,62381.059999999998,62381.059999999998,61675.410000000003,62004.019999999997,56200041952.972198,1217268482817.1299,2024-03-02,2024-03-03,False,False
2024-03-03T00:00:00Z,2024-03-04T00:00:00Z,61987.330000000002,63182.519999999997,61424.099999999999,63099.989999999998,39229163265.527802,1221662652840.6899,2024-03-03,2024-03-04,False,False
2024-03-04T00:00:00Z,2024-03-05T00:00:00Z,63130.260000000002,68363.169999999998,62812.07,68208.360000000001,71996842646.857605,1283001116073.3501,2024-03-04,2024-03-05,False,False
2024-03-05T00:00:00Z,2024-03-06T00:00:00Z,68245.949999999997,68887.740000000005,61397.720000000001,63971.07,119040375749.31799,1300163898134.3799,2024-03-05,2024-03-06,False,False
2024-03-06T00:00:00Z,2024-03-07T00:00:00Z,63765.18,67573.330000000002,62793.169999999998,66137.130000000005,148672936177.77802,1294415376146.1001,2024-03-06,2024-03-07,False,False
2024-03-07T00:00:00Z,2024-03-08T00:00:00Z,66075.979999999996,67854.610000000001,65688.089999999997,66903.820000000007,83067313501.038193,1311958696591.8899,2024-03-07,2024-03-08,False,False
2024-03-08T00:00:00Z,2024-03-09T00:00:00Z,66823.179999999993,69451.149999999994,66398.029999999999,68202.869999999995,71079775498.715302,1329387120348.6499,2024-03-08,2024-03-09,False,False
2024-03-09T00:00:00Z,2024-03-10T00:00:00Z,68124.119999999995,68641.970000000001,67899.970000000001,68513.589999999997,74958968163.579895,1341229215174.1299,2024-03-09,2024-03-10,False,False
2024-03-10T00:00:00Z,2024-03-11T00:00:00Z,68313.270000000004,69857.990000000005,68231.149999999994,68949.740000000005,45808616696.3368,1361100511600.5601,2024-03-10,2024-03-11,False,False
2024-03-11T00:00:00Z,2024-03-12T00:00:00Z,68959.190000000002,72708.039999999994,67777.970000000001,72094.440000000002,79078213966.753494,1394226484218.3501,2024-03-11,2024-03-12,False,False
2024-03-12T00:00:00Z,2024-03-13T00:00:00Z,72085.080000000002,72493.289999999994,69356.889999999999,71473.860000000001,89227745554.756897,1408081228656.03,2024-03-12,2024-03-13,False,False
2024-03-13T00:00:00Z,2024-03-14T00:00:00Z,71462.210000000006,73607.759999999995,71333.360000000001,73087.949999999997,91851042512.402802,1428409527164.5,2024-03-13,2024-03-14,False,False
2024-03-14T00:00:00Z,2024-03-15T00:00:00Z,73082.350000000006,73628.429999999993,68699.979999999996,71432.389999999999,75391048865.6875,1418509576121.8,2024-03-14,2024-03-15,False,False
2024-03-15T00:00:00Z,2024-03-16T00:00:00Z,71388.990000000005,72305.130000000005,65867.110000000001,69532.179999999993,124794270434.017,1348218188268.74,2024-03-15,2024-03-16,False,False
2024-03-16T00:00:00Z,2024-03-17T00:00:00Z,69491.059999999998,69931.270000000004,65249.769999999997,65286.519999999997,92160775812.010406,1341199301691.53,2024-03-16,2024-03-17,False,False
2024-03-17T00:00:00Z,2024-03-18T00:00:00Z,65340,68870.990000000005,64949.860000000001,68650.080000000002,84216901410.826401,1318249336155.1699,2024-03-17,2024-03-18,False,False
2024-03-18T00:00:00Z,2024-03-19T00:00:00Z,68393.460000000006,68920.039999999994,66689.990000000005,67711.550000000003,70655312794.545105,1331937204803.4299,2024-03-18,2024-03-19,False,False
2024-03-19T00:00:00Z,2024-03-20T00:00:00Z,67610,68096.050000000003,61624.959999999999,61981.150000000001,102045256284.41,1265347298387.3101,2024-03-19,2024-03-20,False,False
2024-03-20T00:00:00Z,2024-03-21T00:00:00Z,61972.040000000001,67982.179999999993,60941.739999999998,67854.020000000004,115391694995.104,1255313190184.02,2024-03-20,2024-03-21,False,False
2024-03-21T00:00:00Z,2024-03-22T00:00:00Z,67842.990000000005,68091.759999999995,64650.400000000001,65476.169999999998,95877864553.052094,1310305920103.3101,2024-03-21,2024-03-22,False,False
2024-03-22T00:00:00Z,2024-03-23T00:00:00Z,65499.910000000003,66630,62572.559999999998,63567.629999999997,70832261570.223007,1270966990859.47,2024-03-22,2024-03-23,False,False
2024-03-23T00:00:00Z,2024-03-24T00:00:00Z,63799.980000000003,65980.039999999994,63119.940000000002,64238.029999999999,64367437851.295097,1269320125025.6201,2024-03-23,2024-03-24,False,False
2024-03-24T00:00:00Z,2024-03-25T00:00:00Z,64004.050000000003,67577.970000000001,63800.190000000002,67246.830000000002,45004303016.263901,1282172693165.51,2024-03-24,2024-03-25,False,False
2024-03-25T00:00:00Z,2024-03-26T00:00:00Z,67190.839999999997,70929.949999999997,66463.940000000002,69901.990000000005,59754058610.107597,1343202487556.71,2024-03-25,2024-03-26,False,False
2024-03-26T00:00:00Z,2024-03-27T00:00:00Z,69890.039999999994,71489.410000000003,69468.559999999998,70059.970000000001,73539340915.590302,1383033138560.8899,2024-03-26,2024-03-27,False,False
2024-03-27T00:00:00Z,2024-03-28T00:00:00Z,70007.729999999996,71645.990000000005,68515.979999999996,69529.850000000006,66048307394.066002,1372145083235.2,2024-03-27,2024-03-28,False,False
2024-03-28T00:00:00Z,2024-03-29T00:00:00Z,69470.039999999994,71529.960000000006,69000.369999999995,70702.740000000005,67541826095.724701,1384792377598.97,2024-03-28,2024-03-29,False,False
2024-03-29T00:00:00Z,2024-03-30T00:00:00Z,70777.960000000006,70893.949999999997,69130.050000000003,69850.520000000004,51437435661.073196,1377218213267.6201,2024-03-29,2024-03-30,False,False
2024-03-30T00:00:00Z,2024-03-31T00:00:00Z,69850.559999999998,70255.820000000007,69560.020000000004,69674.779999999999,39660445250.3125,1375961187450.75,2024-03-30,2024-03-31,False,False
2024-03-31T00:00:00Z,2024-04-01T00:00:00Z,69585.100000000006,71345.729999999996,69585.100000000006,71216.979999999996,33677901684.583302,1385235018798.52,2024-03-31,2024-04-01,False,False
2024-04-01T00:00:00Z,2024-04-02T00:00:00Z,71286.779999999999,71286.779999999999,68246.029999999999,69731.259999999995,48160176927.625,1370941645025.8201,2024-04-01,2024-04-02,False,False
2024-04-02T00:00:00Z,2024-04-03T00:00:00Z,69660.009999999995,69660.009999999995,64706.050000000003,65448.349999999999,76064873523.093796,1305031837940.3101,2024-04-02,2024-04-03,False,False
2024-04-03T00:00:00Z,2024-04-04T00:00:00Z,65441.290000000001,66778.899999999994,64792.980000000003,66074.160000000003,72688212424.208298,1298722536237.28,2024-04-03,2024-04-04,False,False
2024-04-04T00:00:00Z,2024-04-05T00:00:00Z,65963.320000000007,69060,65139.940000000002,68461.229999999996,54141942846.192299,1316195162429.9099,2024-04-04,2024-04-05,False,False
2024-04-05T00:00:00Z,2024-04-06T00:00:00Z,68487.850000000006,68613.190000000002,66099.339999999997,67928.770000000004,65461159217.253502,1327799451346.3799,2024-04-05,2024-04-06,False,False
2024-04-06T00:00:00Z,2024-04-07T00:00:00Z,67820.600000000006,69566.350000000006,67492.520000000004,68904.860000000001,48123401317.819397,1338695853172.1799,2024-04-06,2024-04-07,False,False
2024-04-07T00:00:00Z,2024-04-08T00:00:00Z,68884.309999999998,70242.039999999994,68850.360000000001,69388.740000000005,38671272310.635399,1365387978509.7,2024-04-07,2024-04-08,False,False
2024-04-08T00:00:00Z,2024-04-09T00:00:00Z,69360.360000000001,72724.199999999997,69169.740000000005,71631.770000000004,53132608634.298599,1398781579162.8101,2024-04-08,2024-04-09,False,False
2024-04-09T00:00:00Z,2024-04-10T00:00:00Z,71631.940000000002,71714.419999999998,68442.770000000004,69198.220000000001,132212729053.50301,1380512011414.8999,2024-04-09,2024-04-10,False,False
2024-04-10T00:00:00Z,2024-04-11T00:00:00Z,69156,71078.169999999998,67590.149999999994,70513.600000000006,158873955437.314,1361467139057.45,2024-04-10,2024-04-11,False,False
2024-04-11T00:00:00Z,2024-04-12T00:00:00Z,70631.080000000002,71247.809999999998,69587.990000000005,70112.050000000003,163547750232.02802,1386276753963.96,2024-04-11,2024-04-12,False,False
2024-04-12T00:00:00Z,2024-04-13T00:00:00Z,70006.210000000006,71173.449999999997,66012.759999999995,67208.210000000006,156492733608.79901,1367900621427.1599,2024-04-12,2024-04-13,False,False
2024-04-13T00:00:00Z,2024-04-14T00:00:00Z,67129,67890.080000000002,61480,64255.940000000002,170831383575.806,1309324455975.3899,2024-04-13,2024-04-14,False,False
2024-04-14T00:00:00Z,2024-04-15T00:00:00Z,63919.559999999998,65737.759999999995,62168.379999999997,65582.949999999997,193384733405.927,1263072156804.96,2024-04-14,2024-04-15,False,False
2024-04-15T00:00:00Z,2024-04-16T00:00:00Z,65666.899999999994,66716.610000000001,62664.830000000002,63496.910000000003,167288178450.465,1278786268963.27,2024-04-15,2024-04-16,False,False
2024-04-16T00:00:00Z,2024-04-17T00:00:00Z,63408.019999999997,64279.610000000001,61721.75,63679.779999999999,164862168464.25699,1239636852612.27,2024-04-16,2024-04-17,False,False
2024-04-17T00:00:00Z,2024-04-18T00:00:00Z,63793.379999999997,64409.610000000001,60035.040000000001,61309.970000000001,159271475773.60101,1230701435686.1101,2024-04-17,2024-04-18,False,False
2024-04-18T00:00:00Z,2024-04-19T00:00:00Z,61277.349999999999,64049.910000000003,60896,63418,162264150662.43301,1228207510554.3701,2024-04-18,2024-04-19,False,False
2024-04-19T00:00:00Z,2024-04-20T00:00:00Z,63459.730000000003,65384.599999999999,59734.419999999998,63965.949999999997,179591776267.13599,1254700142550.6101,2024-04-19,2024-04-20,False,False
2024-04-20T00:00:00Z,2024-04-21T00:00:00Z,63818.040000000001,65351.330000000002,63321.190000000002,64857.989999999998,153799823273.22601,1263699404439.04,2024-04-20,2024-04-21,False,False
2024-04-21T00:00:00Z,2024-04-22T00:00:00Z,64940.620000000003,65638.740000000005,64302.470000000001,64896.870000000003,132646330534.83299,1278729530557.1599,2024-04-21,2024-04-22,False,False
2024-04-22T00:00:00Z,2024-04-23T00:00:00Z,64937.940000000002,67180.029999999999,64598,66818.889999999999,140020711835.51001,1299629613965.49,2024-04-22,2024-04-23,False,False
2024-04-23T00:00:00Z,2024-04-24T00:00:00Z,66822.199999999997,67174.020000000004,65884.149999999994,66386.610000000001,140913944149.04901,1308600456410.0701,2024-04-23,2024-04-24,False,False
2024-04-24T00:00:00Z,2024-04-25T00:00:00Z,66414.009999999995,67070.399999999994,63742.730000000003,64291.07,138491370322.29901,1294534621910.04,2024-04-24,2024-04-25,False,False
2024-04-25T00:00:00Z,2024-04-26T00:00:00Z,64289.599999999999,65083.980000000003,62956.040000000001,64495.269999999997,149157965211.65601,1264226386138,2024-04-25,2024-04-26,False,False
2024-04-26T00:00:00Z,2024-04-27T00:00:00Z,64486.529999999999,64732.290000000001,63397.370000000003,63806.230000000003,144552429807.04501,1263022328913.3899,2024-04-26,2024-04-27,False,False
2024-04-27T00:00:00Z,2024-04-28T00:00:00Z,63770.010000000002,63891.080000000002,62593.309999999998,63483.129999999997,131524789158.243,1242332333140.72,2024-04-27,2024-04-28,False,False
2024-04-28T00:00:00Z,2024-04-29T00:00:00Z,63461.989999999998,64300.029999999999,62875.279999999999,63059.25,123978125785.53799,1254074099518.53,2024-04-28,2024-04-29,False,False
2024-04-29T00:00:00Z,2024-04-30T00:00:00Z,63109.650000000001,64070.040000000001,61835.949999999997,63817.970000000001,128855842856.743,1235771728615.5601,2024-04-29,2024-04-30,False,False
2024-04-30T00:00:00Z,2024-05-01T00:00:00Z,63822.080000000002,64654.019999999997,59265.110000000001,60761.949999999997,143219209457.944,1217317330212.3301,2024-04-30,2024-05-01,False,False
2024-05-01T00:00:00Z,2024-05-02T00:00:00Z,60669.839999999997,60762.080000000002,56721.019999999997,58266.040000000001,159023293590.83301,1148765177507.25,2024-05-01,2024-05-02,False,False
2024-05-02T00:00:00Z,2024-05-03T00:00:00Z,58365.010000000002,59545.209999999999,57003.300000000003,59134.5,131432823893.604,1149458619445.3899,2024-05-02,2024-05-03,False,False
2024-05-03T00:00:00Z,2024-05-04T00:00:00Z,59112.480000000003,63176.019999999997,58837.010000000002,62799.970000000001,104745197131.868,1193855616696.53,2024-05-03,2024-05-04,False,False
2024-05-04T00:00:00Z,2024-05-05T00:00:00Z,62870.120000000003,64469.809999999998,62642.669999999998,63880.040000000001,105858800461.71899,1249046843976.9099,2024-05-04,2024-05-05,False,False
2024-05-05T00:00:00Z,2024-05-06T00:00:00Z,63893.949999999997,64479.400000000001,63010.779999999999,64040.050000000003,89483521887.885406,1255450583253.3799,2024-05-05,2024-05-06,False,False
2024-05-06T00:00:00Z,2024-05-07T00:00:00Z,64011.980000000003,65424.769999999997,62970.139999999999,63197.190000000002,95229564647.930603,1258601500066.3101,2024-05-06,2024-05-07,False,False
2024-05-07T00:00:00Z,2024-05-08T00:00:00Z,63165.139999999999,64322.230000000003,62292.050000000003,62380.43,102284339989.33701,1250305184237.8999,2024-05-07,2024-05-08,False,False
2024-05-08T00:00:00Z,2024-05-09T00:00:00Z,62312.120000000003,62947.970000000001,60957.209999999999,61220.050000000003,96231033741.690994,1226437181090.79,2024-05-08,2024-05-09,False,False
2024-05-09T00:00:00Z,2024-05-10T00:00:00Z,61203.589999999997,63349.870000000003,60746.019999999997,63110.010000000002,96371791598.559006,1216539898240.8301,2024-05-09,2024-05-10,False,False
2024-05-10T00:00:00Z,2024-05-11T00:00:00Z,63074.050000000003,63463.949999999997,60318.779999999999,60887.949999999997,99784445417.815994,1223188375479.9099,2024-05-10,2024-05-11,False,False
2024-05-11T00:00:00Z,2024-05-12T00:00:00Z,60800.029999999999,61391.959999999999,60560.029999999999,60784.239999999998,93416078524.913193,1199916424353.45,2024-05-11,2024-05-12,False,False
2024-05-12T00:00:00Z,2024-05-13T00:00:00Z,60816.040000000001,61763.989999999998,60689.410000000003,61549.959999999999,76159301784.857605,1204681757746.96,2024-05-12,2024-05-13,False,False
2024-05-13T00:00:00Z,2024-05-14T00:00:00Z,61444.489999999998,63332.959999999999,60786.910000000003,62917.18,90675951502.604202,1227777899897.6299,2024-05-13,2024-05-14,False,False
2024-05-14T00:00:00Z,2024-05-15T00:00:00Z,62940.099999999999,63053.019999999997,61157.620000000003,61602.220000000001,96890384586.059006,1220229790815.8301,2024-05-14,2024-05-15,False,False
2024-05-15T00:00:00Z,2024-05-16T00:00:00Z,61577.480000000003,66390,61404.32,66247.619999999995,100366232949.295,1251896075834.8601,2024-05-15,2024-05-16,False,False
2024-05-16T00:00:00Z,2024-05-17T00:00:00Z,66206.5,66598.220000000001,64665.080000000002,65249.970000000001,115681520609.198,1295913178703.0901,2024-05-16,2024-05-17,False,False
2024-05-17T00:00:00Z,2024-05-18T00:00:00Z,65234.32,67399.940000000002,65156.230000000003,67004.039999999994,102634356864.295,1305116155080.96,2024-05-17,2024-05-18,False,False
2024-05-18T00:00:00Z,2024-05-19T00:00:00Z,67030.029999999999,67376.410000000003,66640.009999999995,66914.580000000002,93829825867.833298,1318748541912.8201,2024-05-18,2024-05-19,False,False
2024-05-19T00:00:00Z,2024-05-20T00:00:00Z,66915.160000000003,67598.309999999998,66005.330000000002,66347.050000000003,84425742668.579895,1317076250481.6101,2024-05-19,2024-05-20,False,False
2024-05-20T00:00:00Z,2024-05-21T00:00:00Z,66278.220000000001,71456.550000000003,66139.619999999995,71418.169999999998,97673519611.454895,1332036657324.7,2024-05-20,2024-05-21,False,False
2024-05-21T00:00:00Z,2024-05-22T00:00:00Z,71413.259999999995,71739.139999999999,69266.380000000005,70104.399999999994,140382014974.79199,1391426237434.47,2024-05-21,2024-05-22,False,False
2024-05-22T00:00:00Z,2024-05-23T00:00:00Z,70145.509999999995,70599.970000000001,69048.600000000006,69224.990000000005,116115129934.34399,1375990340801.01,2024-05-22,2024-05-23,False,False
2024-05-23T00:00:00Z,2024-05-24T00:00:00Z,69166.589999999997,70036.029999999999,66671.210000000006,67923.970000000001,111358739714.12199,1355143547460.99,2024-05-23,2024-05-24,False,False
2024-05-24T00:00:00Z,2024-05-25T00:00:00Z,67989.949999999997,69184.600000000006,66714.029999999999,68534.949999999997,118732856369.608,1338591265664.1399,2024-05-24,2024-05-25,False,False
2024-05-25T00:00:00Z,2024-05-26T00:00:00Z,68549.979999999996,69544.360000000001,68529.539999999994,69264.990000000005,98349462378.770798,1359001925515.48,2024-05-25,2024-05-26,False,False
2024-05-26T00:00:00Z,2024-05-27T00:00:00Z,69284.479999999996,69464.029999999999,68313.960000000006,68552.600000000006,88617970999.774307,1359122396532.99,2024-05-26,2024-05-27,False,False
2024-05-27T00:00:00Z,2024-05-28T00:00:00Z,68513.990000000005,70660.820000000007,68271.149999999994,69446.220000000001,94366758873.815994,1362623722399.28,2024-05-27,2024-05-28,False,False
2024-05-28T00:00:00Z,2024-05-29T00:00:00Z,69377.710000000006,69469.690000000002,67284.990000000005,68397.440000000002,104610415892.733,1345253913901.3101,2024-05-28,2024-05-29,False,False
2024-05-29T00:00:00Z,2024-05-30T00:00:00Z,68398.419999999998,68917.380000000005,67172.009999999995,67665.529999999999,100941705870.146,1339429081861.6499,2024-05-29,2024-05-30,False,False
2024-05-30T00:00:00Z,2024-05-31T00:00:00Z,67575.279999999999,69472.550000000003,67191.520000000004,68375.979999999996,99654420792.420105,1343777230166.5801,2024-05-30,2024-05-31,False,False
2024-05-31T00:00:00Z,2024-06-01T00:00:00Z,68352.119999999995,68894.350000000006,66741.309999999998,67576.210000000006,99878780775.003494,1340010675163.26,2024-05-31,2024-06-01,False,False
2024-06-01T00:00:00Z,2024-06-02T00:00:00Z,67545.589999999997,67865.070000000007,67467.770000000004,67747.949999999997,92032958380.854202,1333965874339.8799,2024-06-01,2024-06-02,False,False
2024-06-02T00:00:00Z,2024-06-03T00:00:00Z,67766.880000000005,68429.330000000002,67399.940000000002,67781.470000000001,81799035674.694397,1336549079510.6499,2024-06-02,2024-06-03,False,False
2024-06-03T00:00:00Z,2024-06-04T00:00:00Z,67779.940000000002,70212.929999999993,67634.050000000003,68808.699999999997,97398272823.329895,1358888276436.8899,2024-06-03,2024-06-04,False,False
2024-06-04T00:00:00Z,2024-06-05T00:00:00Z,68809.869999999995,71020.039999999994,68633.190000000002,70599,104654845182.983,1371599959992.6399,2024-06-04,2024-06-05,False,False
2024-06-05T00:00:00Z,2024-06-06T00:00:00Z,70537.850000000006,71696.850000000006,70443.460000000006,71131.929999999993,111311224610.052,1399930475342.6001,2024-06-05,2024-06-06,False,False
2024-06-06T00:00:00Z,2024-06-07T00:00:00Z,71087.059999999998,71603.240000000005,70330.649999999994,70783.100000000006,102877542640.21899,1399125828326.3601,2024-06-06,2024-06-07,False,False
2024-06-07T00:00:00Z,2024-06-08T00:00:00Z,70799.080000000002,71968.029999999999,68728.210000000006,69375.800000000003,106092074580.181,1392124871309.0801,2024-06-07,2024-06-08,False,False
2024-06-08T00:00:00Z,2024-06-09T00:00:00Z,69355.619999999995,69582.229999999996,69224.589999999997,69316.649999999994,103610754573.20799,1367427987313.8799,2024-06-08,2024-06-09,False,False
2024-06-09T00:00:00Z,2024-06-10T00:00:00Z,69310.520000000004,69850.119999999995,69169.970000000001,69657.339999999997,83310044389.576401,1368597583239.22,2024-06-09,2024-06-10,False,False
2024-06-10T00:00:00Z,2024-06-11T00:00:00Z,69648.179999999993,70160,69258.75,69519.270000000004,87451861112.739594,1371123086722.4099,2024-06-10,2024-06-11,False,False
2024-06-11T00:00:00Z,2024-06-12T00:00:00Z,69540.149999999994,69580.240000000005,66193.559999999998,67345.039999999994,104796038194.819,1330334787420.3301,2024-06-11,2024-06-12,False,False
2024-06-12T00:00:00Z,2024-06-13T00:00:00Z,67314.240000000005,69980.039999999994,66960.380000000005,68270.220000000001,107347892439.035,1343572403474.8101,2024-06-12,2024-06-13,False,False
2024-06-13T00:00:00Z,2024-06-14T00:00:00Z,68263.949999999997,68393.589999999997,66436.080000000002,66771.550000000003,111573193221.80901,1327430504493.6799,2024-06-13,2024-06-14,False,False
2024-06-14T00:00:00Z,2024-06-15T00:00:00Z,66772.990000000005,67343.119999999995,65117.839999999997,66052.460000000006,98995504258.579895,1310523862820.8301,2024-06-14,2024-06-15,False,False
2024-06-15T00:00:00Z,2024-06-16T00:00:00Z,65992.059999999998,66441.350000000006,65916,66198.059999999998,91215626049.645798,1304545675023.7,2024-06-15,2024-06-16,False,False
2024-06-16T00:00:00Z,2024-06-17T00:00:00Z,66228.190000000002,66964.660000000003,66064.029999999999,66661.050000000003,76461375993.263901,1309077955189.54,2024-06-16,2024-06-17,False,False
2024-06-17T00:00:00Z,2024-06-18T00:00:00Z,66679.369999999995,67247.970000000001,65199.989999999998,66491.139999999999,86664744891.263901,1304635534157.8201,2024-06-17,2024-06-18,False,False
2024-06-18T00:00:00Z,2024-06-19T00:00:00Z,66487.619999999995,66514.580000000002,64154.040000000001,65098.919999999998,105436105675.87801,1284844245291.1101,2024-06-18,2024-06-19,False,False
2024-06-19T00:00:00Z,2024-06-20T00:00:00Z,65175.32,65631.970000000001,64693.190000000002,64950.059999999998,99459975582,1283763970740.77,2024-06-19,2024-06-20,False,False
2024-06-20T00:00:00Z,2024-06-21T00:00:00Z,64974.379999999997,66411.960000000006,64595.099999999999,64881.080000000002,86987051058.930603,1286536885825.6799,2024-06-20,2024-06-21,False,False
2024-06-21T00:00:00Z,2024-06-22T00:00:00Z,64870,65055.949999999997,63472,64097.290000000001,91064047001.402802,1265161643968.49,2024-06-21,2024-06-22,False,False
2024-06-22T00:00:00Z,2024-06-23T00:00:00Z,64131.089999999997,64505.959999999999,63980.010000000002,64272.800000000003,81694907535.118103,1266799825790.1699,2024-06-22,2024-06-23,False,False
2024-06-23T00:00:00Z,2024-06-24T00:00:00Z,64261.949999999997,64521.029999999999,63290.43,63290.43,68549855803.180603,1265330566688.6001,2024-06-23,2024-06-24,False,False
2024-06-24T00:00:00Z,2024-06-25T00:00:00Z,63197.970000000001,63316.010000000002,58946.239999999998,60382.809999999998,88214365730.364594,1211219588927.02,2024-06-24,2024-06-25,False,False
2024-06-25T00:00:00Z,2024-06-26T00:00:00Z,60297.209999999999,62231.160000000003,60272.580000000002,61789.980000000003,105012900610.222,1208344232787.24,2024-06-25,2024-06-26,False,False
2024-06-26T00:00:00Z,2024-06-27T00:00:00Z,61804.760000000002,62357.580000000002,60761.239999999998,60761.239999999998,101705522290.09,1210569518914.98,2024-06-26,2024-06-27,False,False
2024-06-27T00:00:00Z,2024-06-28T00:00:00Z,60854.019999999997,62338.43,60666.190000000002,61646.050000000003,121597828546.94099,1208359521976.1201,2024-06-27,2024-06-28,False,False
2024-06-28T00:00:00Z,2024-06-29T00:00:00Z,61617.139999999999,62200.290000000001,60080,60427.860000000001,86177794784.1875,1206091521629.9199,2024-06-28,2024-06-29,False,False
2024-06-29T00:00:00Z,2024-06-30T00:00:00Z,60427.809999999998,61210,60426.019999999997,60964.169999999998,81524470017.982605,1200637863094.98,2024-06-29,2024-06-30,False,False
2024-06-30T00:00:00Z,2024-07-01T00:00:00Z,60986.669999999998,62990.099999999999,60660.769999999997,62849.529999999999,72644110248.8125,1212487409355.96,2024-06-30,2024-07-01,False,False
2024-07-01T00:00:00Z,2024-07-02T00:00:00Z,62771.970000000001,63844.239999999998,62597.620000000003,62889.919999999998,86017960841.930603,1244171964434.75,2024-07-01,2024-07-02,False,False
2024-07-02T00:00:00Z,2024-07-03T00:00:00Z,62906,63243.07,61816.25,62127.949999999997,83918670305.986099,1232201860247.7,2024-07-02,2024-07-03,False,False
2024-07-03T00:00:00Z,2024-07-04T00:00:00Z,62127.989999999998,62285.900000000001,59521.019999999997,60294.75,87751477173.180603,1194737097555.5801,2024-07-03,2024-07-04,False,False
2024-07-04T00:00:00Z,2024-07-05T00:00:00Z,60208.620000000003,60465.720000000001,56809.43,57142,101841641575.29201,1149061223527.99,2024-07-04,2024-07-05,False,False
2024-07-05T00:00:00Z,2024-07-06T00:00:00Z,57043.900000000001,57434.940000000002,53761.07,56691.339999999997,122554076854.67,1098277236760.1801,2024-07-05,2024-07-06,False,False
2024-07-06T00:00:00Z,2024-07-07T00:00:00Z,56628.730000000003,58398.110000000001,56050.980000000003,58232.989999999998,98029265844.131897,1123846909922.1201,2024-07-06,2024-07-07,False,False
2024-07-07T00:00:00Z,2024-07-08T00:00:00Z,58230.160000000003,58374.360000000001,55818,55878.379999999997,79631334264.541702,1129871085015.97,2024-07-07,2024-07-08,False,False
2024-07-08T00:00:00Z,2024-07-09T00:00:00Z,55857.809999999998,57909.970000000001,54411.120000000003,56681.809999999998,99609702443.840302,1107722436798.6299,2024-07-08,2024-07-09,False,False
2024-07-09T00:00:00Z,2024-07-10T00:00:00Z,56646.669999999998,58127.910000000003,56409.449999999997,57995.989999999998,100398238221.78,1131385741143.21,2024-07-09,2024-07-10,False,False
2024-07-10T00:00:00Z,2024-07-11T00:00:00Z,57923.75,59317.949999999997,57193.269999999997,57719.470000000001,91848128823.292694,1144695234001.5801,2024-07-10,2024-07-11,False,False
2024-07-11T00:00:00Z,2024-07-12T00:00:00Z,57619.190000000002,59282.809999999998,57174.190000000002,57381.959999999999,91437938548.909103,1140514775974.2,2024-07-11,2024-07-12,False,False
2024-07-12T00:00:00Z,2024-07-13T00:00:00Z,57299.220000000001,58519.959999999999,56607.980000000003,57899.959999999999,93418137284.682907,1132233813938.1799,2024-07-12,2024-07-13,False,False
2024-07-13T00:00:00Z,2024-07-14T00:00:00Z,57858.959999999999,59687.989999999998,57774.089999999997,59174.190000000002,83611257769.954697,1150584338265.24,2024-07-13,2024-07-14,False,False
2024-07-14T00:00:00Z,2024-07-15T00:00:00Z,59318.589999999997,61330.029999999999,59316.480000000003,60946.019999999997,85066289307.216003,1182438189362.1599,2024-07-14,2024-07-15,False,False
2024-07-15T00:00:00Z,2024-07-16T00:00:00Z,60876.220000000001,64819.370000000003,60680.220000000001,64819.370000000003,100145806081.739,1239361200720.1499,2024-07-15,2024-07-16,False,False
2024-07-16T00:00:00Z,2024-07-17T00:00:00Z,64868.029999999999,65264.809999999998,62529.989999999998,65119.099999999999,116542026597.436,1264281625543.79,2024-07-16,2024-07-17,False,False
2024-07-17T00:00:00Z,2024-07-18T00:00:00Z,65076.010000000002,66022.580000000002,63951.489999999998,64120.470000000001,113492292607.62399,1281066999117.71,2024-07-17,2024-07-18,False,False
2024-07-18T00:00:00Z,2024-07-19T00:00:00Z,64159.970000000001,65088.949999999997,63253.120000000003,63966.129999999997,99977799879.212494,1267402485535.27,2024-07-18,2024-07-19,False,False
2024-07-19T00:00:00Z,2024-07-20T00:00:00Z,63910.040000000001,67348.039999999994,63311.260000000002,66648.029999999999,101639252770.35201,1281855582543.6101,2024-07-19,2024-07-20,False,False
2024-07-20T00:00:00Z,2024-07-21T00:00:00Z,66699.539999999994,67536.339999999997,66263.199999999997,67182.449999999997,104553506285.972,1315702759692.4299,2024-07-20,2024-07-21,False,False
2024-07-21T00:00:00Z,2024-07-22T00:00:00Z,67102,68286.029999999999,66038.960000000006,68071.990000000005,89676444049.209106,1323676303507.99,2024-07-21,2024-07-22,False,False
2024-07-22T00:00:00Z,2024-07-23T00:00:00Z,68178.020000000004,68428.050000000003,66617.589999999997,67587.970000000001,112174263548.25999,1331303541991.1001,2024-07-22,2024-07-23,False,False
2024-07-23T00:00:00Z,2024-07-24T00:00:00Z,67537.990000000005,67693.990000000005,65528.370000000003,65914.550000000003,115158262082.334,1312242825607.23,2024-07-23,2024-07-24,False,False
2024-07-24T00:00:00Z,2024-07-25T00:00:00Z,65989.990000000005,67054,65249.959999999999,65412.029999999999,107162775416.826,1302064513046.3999,2024-07-24,2024-07-25,False,False
2024-07-25T00:00:00Z,2024-07-26T00:00:00Z,65453.959999999999,66042.029999999999,63509.019999999997,65750.020000000004,111090252492.927,1272973411029.4099,2024-07-25,2024-07-26,False,False
2024-07-26T00:00:00Z,2024-07-27T00:00:00Z,65828.009999999995,68200.039999999994,65828.009999999995,67914.020000000004,113089301630.394,1325517976260.47,2024-07-26,2024-07-27,False,False
2024-07-27T00:00:00Z,2024-07-28T00:00:00Z,67865.970000000001,69386.009999999995,66800.050000000003,68045.979999999996,102398740886.439,1345115962771.8701,2024-07-27,2024-07-28,False,False
2024-07-28T00:00:00Z,2024-07-29T00:00:00Z,67699.970000000001,68270.690000000002,67070.300000000003,68234.910000000003,115846507993.948,1336333065159.3201,2024-07-28,2024-07-29,False,False
2024-07-29T00:00:00Z,2024-07-30T00:00:00Z,68190.009999999995,69947.979999999996,66694.080000000002,66810.029999999999,101383758813.213,1351833884687.99,2024-07-29,2024-07-30,False,False
2024-07-30T00:00:00Z,2024-07-31T00:00:00Z,66743.690000000002,66988.029999999999,65500.989999999998,66244.029999999999,114280185390.739,1308166869764.3501,2024-07-30,2024-07-31,False,False
2024-07-31T00:00:00Z,2024-08-01T00:00:00Z,66095.880000000005,66779.949999999997,64565.989999999998,64665.980000000003,104724657195.787,1300436793721.6399,2024-07-31,2024-08-01,False,False
2024-08-01T00:00:00Z,2024-08-02T00:00:00Z,64690.059999999998,65535.989999999998,62356.120000000003,65409.830000000002,115915313679.64101,1265476494606.26,2024-08-01,2024-08-02,False,False
2024-08-02T00:00:00Z,2024-08-03T00:00:00Z,65470.029999999999,65526.010000000002,61377.989999999998,61487.050000000003,126678255697.578,1259657978581.77,2024-08-02,2024-08-03,False,False
2024-08-03T00:00:00Z,2024-08-04T00:00:00Z,61551.849999999999,62193.699999999997,59959.550000000003,60760.029999999999,127508490963.48801,1209847165746.96,2024-08-03,2024-08-04,False,False
2024-08-04T00:00:00Z,2024-08-05T00:00:00Z,60721.480000000003,61077.989999999998,57382,58074.849999999999,92944193833.379807,1183777771669.8101,2024-08-04,2024-08-05,False,False
2024-08-05T00:00:00Z,2024-08-06T00:00:00Z,58282.019999999997,58282.019999999997,49435.769999999997,54006,212195781011.711,1054109105825.61,2024-08-05,2024-08-06,False,False
2024-08-06T00:00:00Z,2024-08-07T00:00:00Z,54153.989999999998,56949.510000000002,54153.989999999998,55982.040000000001,180069767679.23999,1102277924946.6399,2024-08-06,2024-08-07,False,False
2024-08-07T00:00:00Z,2024-08-08T00:00:00Z,55931.959999999999,57657.970000000001,54669.949999999997,55024.110000000001,115542644837.35201,1111517429412.98,2024-08-07,2024-08-08,False,False
2024-08-08T00:00:00Z,2024-08-09T00:00:00Z,55208.089999999997,62442.190000000002,54745.980000000003,61837.93,115082738098.83299,1148277529608.95,2024-08-08,2024-08-09,False,False
2024-08-09T00:00:00Z,2024-08-10T00:00:00Z,61642.589999999997,61642.589999999997,59699.989999999998,60848.510000000002,119380537562.53999,1198052371289.96,2024-08-09,2024-08-10,False,False
2024-08-10T00:00:00Z,2024-08-11T00:00:00Z,60707.540000000001,61178.660000000003,60262.050000000003,60875.980000000003,95154408736.787506,1198423963883.9299,2024-08-10,2024-08-11,False,False
2024-08-11T00:00:00Z,2024-08-12T00:00:00Z,60958.029999999999,61554.949999999997,58439.57,58819.989999999998,79394741807.1185,1192444538961.54,2024-08-11,2024-08-12,False,False
2024-08-12T00:00:00Z,2024-08-13T00:00:00Z,58804.019999999997,60469.669999999998,57916.989999999998,59342.019999999997,100105883667.672,1164230078281.8301,2024-08-12,2024-08-13,False,False
2024-08-13T00:00:00Z,2024-08-14T00:00:00Z,59455.980000000003,61507.57,58526.980000000003,60565.010000000002,103696068413.571,1178381779554.0901,2024-08-13,2024-08-14,False,False
2024-08-14T00:00:00Z,2024-08-15T00:00:00Z,60460.830000000002,61459.949999999997,58577.959999999999,58730.93,100245718135.209,1186804832893.1699,2024-08-14,2024-08-15,False,False
2024-08-15T00:00:00Z,2024-08-16T00:00:00Z,58731.419999999998,59808.540000000001,56658.809999999998,57600,103561753070.774,1152323874600.45,2024-08-15,2024-08-16,False,False
2024-08-16T00:00:00Z,2024-08-17T00:00:00Z,57523.110000000001,59806.419999999998,57168.519999999997,58902.099999999999,106395319154.498,1153353002063.1499,2024-08-16,2024-08-17,False,False
2024-08-17T00:00:00Z,2024-08-18T00:00:00Z,58902.940000000002,59669.970000000001,58855.660000000003,59420.029999999999,88140111621.742203,1169880838222.3799,2024-08-17,2024-08-18,False,False
2024-08-18T00:00:00Z,2024-08-19T00:00:00Z,59479.040000000001,60212.279999999999,58525.949999999997,58525.949999999997,80655928562.986099,1177542188593.51,2024-08-18,2024-08-19,False,False
2024-08-19T00:00:00Z,2024-08-20T00:00:00Z,58320.019999999997,59562.709999999999,57928.860000000001,59562.709999999999,93178855472.108002,1157509291689.1101,2024-08-19,2024-08-20,False,False
2024-08-20T00:00:00Z,2024-08-21T00:00:00Z,59448,61315.959999999999,58705.68,59056.010000000002,103619917438.06599,1185948542857.01,2024-08-20,2024-08-21,False,False
2024-08-21T00:00:00Z,2024-08-22T00:00:00Z,59114.410000000003,61813.190000000002,58907.089999999997,61109.989999999998,109456682134.216,1180932346414.1201,2024-08-21,2024-08-22,False,False
2024-08-22T00:00:00Z,2024-08-23T00:00:00Z,61167.480000000003,61379.440000000002,59953.139999999999,60386.019999999997,109925654743.132,1197426375299.6001,2024-08-22,2024-08-23,False,False
2024-08-23T00:00:00Z,2024-08-24T00:00:00Z,60392.089999999997,64851.370000000003,60392.089999999997,63979.970000000001,109681143161.26601,1218888710712.5601,2024-08-23,2024-08-24,False,False
2024-08-24T00:00:00Z,2024-08-25T00:00:00Z,64090.690000000002,64416.959999999999,63625.970000000001,64107.980000000003,125881577994.09399,1264412172950.71,2024-08-24,2024-08-25,False,False
2024-08-25T00:00:00Z,2024-08-26T00:00:00Z,64184.989999999998,64837.150000000001,63792.949999999997,64279.029999999999,94619490854.937302,1265316086913.1799,2024-08-25,2024-08-26,False,False
2024-08-26T00:00:00Z,2024-08-27T00:00:00Z,64347.029999999999,64374.010000000002,62866.040000000001,62866.040000000001,101203762857.35201,1256706917886.48,2024-08-26,2024-08-27,False,False
2024-08-27T00:00:00Z,2024-08-28T00:00:00Z,62828.599999999999,63189.690000000002,58564.029999999999,59503.050000000003,109127583964.411,1227021403141.03,2024-08-27,2024-08-28,False,False
2024-08-28T00:00:00Z,2024-08-29T00:00:00Z,59320.040000000001,60162,57933.029999999999,59034.650000000001,125193171751.83299,1170041472108.02,2024-08-28,2024-08-29,False,False
2024-08-29T00:00:00Z,2024-08-30T00:00:00Z,59076.949999999997,61106.970000000001,58821.980000000003,59348.980000000003,110310423675.44901,1178040523912.0701,2024-08-29,2024-08-30,False,False
2024-08-30T00:00:00Z,2024-08-31T00:00:00Z,59295.050000000003,59763.019999999997,57944,59158,106977637878.672,1166363249388.6799,2024-08-30,2024-08-31,False,False
2024-08-31T00:00:00Z,2024-09-01T00:00:00Z,59115.459999999999,59382.989999999998,58800.050000000003,58965.980000000003,102719941863.683,1166833451801.52,2024-08-31,2024-09-01,False,False
2024-09-01T00:00:00Z,2024-09-02T00:00:00Z,58972.959999999999,59038.160000000003,57268.970000000001,57341.080000000002,99808533702.470398,1149971682521.6799,2024-09-01,2024-09-02,False,False
2024-09-02T00:00:00Z,2024-09-03T00:00:00Z,57333.379999999997,59350.720000000001,57297.959999999999,59127.620000000003,111999098228.254,1149670462101.47,2024-09-02,2024-09-03,False,False
2024-09-03T00:00:00Z,2024-09-04T00:00:00Z,59105.910000000003,59764,57544.010000000002,57544.010000000002,110839951228.43201,1157513796045.6599,2024-09-03,2024-09-04,False,False
2024-09-04T00:00:00Z,2024-09-05T00:00:00Z,57644.029999999999,58489.959999999999,55737.910000000003,57984.050000000003,119214510126.474,1129078127994.1101,2024-09-04,2024-09-05,False,False
2024-09-05T00:00:00Z,2024-09-06T00:00:00Z,58006.559999999998,58284.980000000003,55835,56170.040000000001,115814349011.132,1121929134241.6101,2024-09-05,2024-09-06,False,False
2024-09-06T00:00:00Z,2024-09-07T00:00:00Z,56209.169999999998,56896.300000000003,52738,53922.68,120787253459.052,1091996852510.76,2024-09-06,2024-09-07,False,False
2024-09-07T00:00:00Z,2024-09-08T00:00:00Z,53976.040000000001,54810.029999999999,53767.279999999999,54188.32,121445897017.69299,1071141347783.9301,2024-09-07,2024-09-08,False,False
2024-09-08T00:00:00Z,2024-09-09T00:00:00Z,54116.160000000003,55228.470000000001,53694.230000000003,54823.959999999999,77973295408.602798,1073878187187.48,2024-09-08,2024-09-09,False,False
2024-09-09T00:00:00Z,2024-09-10T00:00:00Z,54777.010000000002,57869.989999999998,54624.949999999997,57031.980000000003,95723896724.912292,1099907178125.3601,2024-09-09,2024-09-10,False,False
2024-09-10T00:00:00Z,2024-09-11T00:00:00Z,56964.019999999997,57984.809999999998,56487.580000000002,57627.989999999998,103703769724.73199,1128119592931.97,2024-09-10,2024-09-11,False,False
2024-09-11T00:00:00Z,2024-09-12T00:00:00Z,57600.010000000002,57960.580000000002,55588.989999999998,57364.019999999997,108220528609.446,1124141546458.1201,2024-09-11,2024-09-12,False,False
2024-09-12T00:00:00Z,2024-09-13T00:00:00Z,57371.989999999998,58514.550000000003,57371.989999999998,58116.050000000003,112051169145.185,1146172572942.6299,2024-09-12,2024-09-13,False,False
2024-09-13T00:00:00Z,2024-09-14T00:00:00Z,58153.970000000001,60593.910000000003,57688.82,60575.470000000001,101420595997.812,1159355964877.5901,2024-09-13,2024-09-14,False,False
2024-09-14T00:00:00Z,2024-09-15T00:00:00Z,60560.040000000001,60590.099999999999,59530.839999999997,59987.93,100482054719.06599,1185546465172,2024-09-14,2024-09-15,False,False
2024-09-15T00:00:00Z,2024-09-16T00:00:00Z,59999.980000000003,60375.639999999999,58855.949999999997,59198.110000000001,77829620369.191605,1184977871771.24,2024-09-15,2024-09-16,False,False
2024-09-16T00:00:00Z,2024-09-17T00:00:00Z,59191.959999999999,59191.959999999999,57549.779999999999,58229.199999999997,94703021874.564499,1152253111991.21,2024-09-16,2024-09-17,False,False
2024-09-17T00:00:00Z,2024-09-18T00:00:00Z,58267.940000000002,61259.989999999998,57620,60303.5,101668766635.317,1172633447284.5701,2024-09-17,2024-09-18,False,False
2024-09-18T00:00:00Z,2024-09-19T00:00:00Z,60313.980000000003,61449.139999999999,59216.010000000002,61449.139999999999,110043990808.47,1188172297080.9099,2024-09-18,2024-09-19,False,False
2024-09-19T00:00:00Z,2024-09-20T00:00:00Z,61831.959999999999,63819.919999999998,61592,62953.980000000003,127035448554.815,1237744694233.04,2024-09-19,2024-09-20,False,False
2024-09-20T00:00:00Z,2024-09-21T00:00:00Z,62935.879999999997,64053.959999999999,62400.040000000001,63102.029999999999,115934019619.80099,1248769660324.1499,2024-09-20,2024-09-21,False,False
2024-09-21T00:00:00Z,2024-09-22T00:00:00Z,63112.900000000001,63519.410000000003,62823.980000000003,63389.919999999998,94051059382.045303,1246516946650.5801,2024-09-21,2024-09-22,False,False
2024-09-22T00:00:00Z,2024-09-23T00:00:00Z,63359.989999999998,63868.07,62476.040000000001,63575.970000000001,84841750994.445999,1243803840310.3601,2024-09-22,2024-09-23,False,False
2024-09-23T00:00:00Z,2024-09-24T00:00:00Z,63467.949999999997,64644.959999999999,62842.019999999997,63332.690000000002,107862272444.62,1255023646422.6899,2024-09-23,2024-09-24,False,False
2024-09-24T00:00:00Z,2024-09-25T00:00:00Z,63346.699999999997,64587.129999999997,62752.040000000001,64335.620000000003,103073420384.87801,1254924424630.1899,2024-09-24,2024-09-25,False,False
2024-09-25T00:00:00Z,2024-09-26T00:00:00Z,64208.019999999997,64669.949999999997,62957.269999999997,63165.610000000001,103767866644.80099,1259728792995.54,2024-09-25,2024-09-26,False,False
2024-09-26T00:00:00Z,2024-09-27T00:00:00Z,63140.629999999997,65616.039999999994,62792.050000000003,65142.080000000002,103723189296.06599,1270017035677.3101,2024-09-26,2024-09-27,False,False
2024-09-27T00:00:00Z,2024-09-28T00:00:00Z,65107.959999999999,66380.990000000005,64850.010000000002,65762.470000000001,114291841891.129,1296411223739.25,2024-09-27,2024-09-28,False,False
2024-09-28T00:00:00Z,2024-09-29T00:00:00Z,65816.869999999995,66190.199999999997,65436.709999999999,65923.990000000005,93228914145.223007,1299293128680.71,2024-09-28,2024-09-29,False,False
2024-09-29T00:00:00Z,2024-09-30T00:00:00Z,65860.600000000006,66052,65438,65668.25,77961286117.226501,1298644977839.3899,2024-09-29,2024-09-30,False,False
2024-09-30T00:00:00Z,2024-10-01T00:00:00Z,65540,65554.020000000004,63022.019999999997,63290,96312396819.738693,1265376298243.4099,2024-09-30,2024-10-01,False,False
2024-10-01T00:00:00Z,2024-10-02T00:00:00Z,63344,64125.970000000001,60395.959999999999,60888.040000000001,109318142902.61,1242375814515.03,2024-10-01,2024-10-02,False,False
2024-10-02T00:00:00Z,2024-10-03T00:00:00Z,60816.010000000002,62227.260000000002,60005.980000000003,60670.029999999999,120577794899.03799,1211075380344.1001,2024-10-02,2024-10-03,False,False
2024-10-03T00:00:00Z,2024-10-04T00:00:00Z,60546.489999999998,61464.040000000001,60077.989999999998,60776.010000000002,115063546329.836,1201370102458.98,2024-10-03,2024-10-04,False,False
2024-10-04T00:00:00Z,2024-10-05T00:00:00Z,60788.370000000003,62445.330000000002,60488.639999999999,62110.019999999997,107180024237.33099,1216589697085.4099,2024-10-04,2024-10-05,False,False
2024-10-05T00:00:00Z,2024-10-06T00:00:00Z,62198.050000000003,62331.349999999999,61723.389999999999,62084,90303823443.846695,1226360450088.78,2024-10-05,2024-10-06,False,False
2024-10-06T00:00:00Z,2024-10-07T00:00:00Z,62000.059999999998,62915.019999999997,61839.919999999998,62823.43,73632122102.432098,1230673337023.3601,2024-10-06,2024-10-07,False,False
2024-10-07T00:00:00Z,2024-10-08T00:00:00Z,62845.989999999998,64436.040000000001,62213.980000000003,62300.75,96095290446.229996,1252777002071.78,2024-10-07,2024-10-08,False,False
2024-10-08T00:00:00Z,2024-10-09T00:00:00Z,62319.440000000002,63130.040000000001,61912.010000000002,62215.970000000001,107240146136.86099,1233787868452.8501,2024-10-08,2024-10-09,False,False
2024-10-09T00:00:00Z,2024-10-10T00:00:00Z,62130.050000000003,62530.419999999998,60439.870000000003,60647.989999999998,93092147716.198593,1222680467455.6899,2024-10-09,2024-10-10,False,False
2024-10-10T00:00:00Z,2024-10-11T00:00:00Z,60603.900000000001,61300.019999999997,59017,60260.019999999997,93419872142.501694,1197203364464.99,2024-10-10,2024-10-11,False,False
2024-10-11T00:00:00Z,2024-10-12T00:00:00Z,60290.300000000003,63270.589999999997,60113.199999999997,62410.610000000001,97531320750.4077,1215919033598.9099,2024-10-11,2024-10-12,False,False
2024-10-12T00:00:00Z,2024-10-13T00:00:00Z,62575.790000000001,63440.440000000002,62499.989999999998,63216.040000000001,95040455893.512207,1243769524960.3899,2024-10-12,2024-10-13,False,False
2024-10-13T00:00:00Z,2024-10-14T00:00:00Z,63279.910000000003,63279.910000000003,62055.980000000003,62806.339999999997,79286610370.275299,1239946538823.5901,2024-10-13,2024-10-14,False,False
2024-10-14T00:00:00Z,2024-10-15T00:00:00Z,62827.650000000001,66419.869999999995,62484.150000000001,66085.970000000001,99886309610.808395,1280877236512.72,2024-10-14,2024-10-15,False,False
2024-10-15T00:00:00Z,2024-10-16T00:00:00Z,66091.690000000002,67759.990000000005,64989.970000000001,66984.039999999994,116765204875.634,1306322769726.01,2024-10-15,2024-10-16,False,False
2024-10-16T00:00:00Z,2024-10-17T00:00:00Z,67045.130000000005,68274.259999999995,66793.330000000002,67657.429999999993,85047855179.662003,1334134211358.1399,2024-10-16,2024-10-17,False,False
2024-10-17T00:00:00Z,2024-10-18T00:00:00Z,67701.139999999999,67923.929999999993,66803.610000000001,67363.669999999998,51428967058.6063,1329511317965.1899,2024-10-17,2024-10-18,False,False
2024-10-18T00:00:00Z,2024-10-19T00:00:00Z,67399.860000000001,68963.990000000005,67194.059999999998,68465.289999999994,54278095716.083603,1346659620373.54,2024-10-18,2024-10-19,False,False
2024-10-19T00:00:00Z,2024-10-20T00:00:00Z,68471.679999999993,68639.990000000005,68042.039999999994,68394.039999999994,39854632469.9338,1349788419169.2,2024-10-19,2024-10-20,False,False
2024-10-20T00:00:00Z,2024-10-21T00:00:00Z,68393.940000000002,69315.860000000001,68114.029999999999,68987.759999999995,21401472337.9338,1353184866928.47,2024-10-20,2024-10-21,False,False
2024-10-21T00:00:00Z,2024-10-22T00:00:00Z,68997.529999999999,69414.080000000002,66865.979999999996,67440.039999999994,45600677049.554001,1347458269493.77,2024-10-21,2024-10-22,False,False
2024-10-22T00:00:00Z,2024-10-23T00:00:00Z,67386.240000000005,67781.789999999994,66698,67393.990000000005,55116769379.069702,1331080919999.5,2024-10-22,2024-10-23,False,False
2024-10-23T00:00:00Z,2024-10-24T00:00:00Z,67405.320000000007,67405.320000000007,65269.970000000001,66745.539999999994,46287674514.191597,1316702466145.3601,2024-10-23,2024-10-24,False,False
2024-10-24T00:00:00Z,2024-10-25T00:00:00Z,66649.970000000001,68704.490000000005,66550.029999999999,68234.050000000003,50123672098.264801,1334846995284.0801,2024-10-24,2024-10-25,False,False
2024-10-25T00:00:00Z,2024-10-26T00:00:00Z,68233.690000000002,68680.880000000005,65750.970000000001,66637.800000000003,47280935128.599297,1336900585749.3601,2024-10-25,2024-10-26,False,False
2024-10-26T00:00:00Z,2024-10-27T00:00:00Z,66651.970000000001,67363.210000000006,66542.029999999999,67102.009999999995,55642452451.094101,1324427980567.78,2024-10-26,2024-10-27,False,False
2024-10-27T00:00:00Z,2024-10-28T00:00:00Z,67082.639999999999,68300.389999999999,66857.059999999998,68029.339999999997,24371770053.993,1333083441990.8899,2024-10-27,2024-10-28,False,False
2024-10-28T00:00:00Z,2024-10-29T00:00:00Z,68033.020000000004,70130.800000000003,67651.100000000006,69892.449999999997,37114871114.240402,1357158014032.24,2024-10-28,2024-10-29,False,False
2024-10-29T00:00:00Z,2024-10-30T00:00:00Z,69868.020000000004,73534.899999999994,69787.869999999995,72782.820000000007,69264084198.317093,1415305246139.3,2024-10-29,2024-10-30,False,False
2024-10-30T00:00:00Z,2024-10-31T00:00:00Z,72679.979999999996,72865.929999999993,71511.029999999999,72359.860000000001,71130395353.425095,1427716315596.78,2024-10-30,2024-10-31,False,False
2024-10-31T00:00:00Z,2024-11-01T00:00:00Z,72368.050000000003,72625.190000000002,69788.839999999997,70340.009999999995,53854409839.365898,1413995664371.28,2024-10-31,2024-11-01,False,False
2024-11-01T00:00:00Z,2024-11-02T00:00:00Z,70346.899999999994,71520.589999999997,68866.029999999999,69531.960000000006,64764647003.574898,1378466264018.6201,2024-11-01,2024-11-02,False,False
2024-11-02T00:00:00Z,2024-11-03T00:00:00Z,69608,69896.029999999999,69086.029999999999,69319.960000000006,50326627050.188202,1374269743730.8401,2024-11-02,2024-11-03,False,False
2024-11-03T00:00:00Z,2024-11-04T00:00:00Z,69316,69373.639999999999,67593.720000000001,68832.860000000001,36194109863.878098,1353973920610.3501,2024-11-03,2024-11-04,False,False
2024-11-04T00:00:00Z,2024-11-05T00:00:00Z,68670.679999999993,69346.279999999999,66948.020000000004,67792.919999999998,48962107476.498299,1353435808921.1599,2024-11-04,2024-11-05,False,False
2024-11-05T00:00:00Z,2024-11-06T00:00:00Z,67853.770000000004,70435.690000000002,67481.949999999997,69348.539999999994,59336565216.839699,1363731448501.3999,2024-11-05,2024-11-06,False,False
2024-11-06T00:00:00Z,2024-11-07T00:00:00Z,69521.940000000002,76097.949999999997,69439.380000000005,75567.570000000007,137250861477.045,1465110205211.3,2024-11-06,2024-11-07,False,False
2024-11-07T00:00:00Z,2024-11-08T00:00:00Z,75597.009999999995,76751.960000000006,74433.970000000001,75919.309999999998,103484517640.69299,1489649632652.0901,2024-11-07,2024-11-08,False,False
2024-11-08T00:00:00Z,2024-11-09T00:00:00Z,75927.949999999997,77115.589999999997,75638.039999999994,76544.779999999999,74504748582.487793,1504924618188.0801,2024-11-08,2024-11-09,False,False
2024-11-09T00:00:00Z,2024-11-10T00:00:00Z,76424.820000000007,76893.949999999997,75838,76615.990000000005,57291171255.585403,1509901429967.55,2024-11-09,2024-11-10,False,False
2024-11-10T00:00:00Z,2024-11-11T00:00:00Z,76539.970000000001,81233.279999999999,76539.970000000001,80409.970000000001,71609202780.149796,1563829624114.97,2024-11-10,2024-11-11,False,False
2024-11-11T00:00:00Z,2024-11-12T00:00:00Z,80486.910000000003,89424.410000000003,80381.970000000001,88627.979999999996,115609444240.77699,1642993507212.53,2024-11-11,2024-11-12,False,False
2024-11-12T00:00:00Z,2024-11-13T00:00:00Z,88213.990000000005,89800.229999999996,85175.970000000001,88164.770000000004,200970767179.90201,1738592782126.8301,2024-11-12,2024-11-13,False,False
2024-11-13T00:00:00Z,2024-11-14T00:00:00Z,88144.009999999995,93243.919999999998,86204.369999999995,90300.020000000004,160918008013.686,1759012763467.8501,2024-11-13,2024-11-14,False,False
2024-11-14T00:00:00Z,2024-11-15T00:00:00Z,90224.199999999997,91637.550000000003,86938.850000000006,87347.449999999997,153146346263.78699,1773909794872.78,2024-11-14,2024-11-15,False,False
2024-11-15T00:00:00Z,2024-11-16T00:00:00Z,87681.910000000003,91741.720000000001,87140.649999999994,90949.940000000002,115603162996.739,1763628734293.22,2024-11-15,2024-11-16,False,False
2024-11-16T00:00:00Z,2024-11-17T00:00:00Z,91135.389999999999,91735.960000000006,90131.550000000003,90543.669999999998,87437209941.794403,1801356084789.4199,2024-11-16,2024-11-17,False,False
2024-11-17T00:00:00Z,2024-11-18T00:00:00Z,90642.339999999997,91447.990000000005,88768.660000000003,89763.589999999997,59020288900.411201,1787375905097.3601,2024-11-17,2024-11-18,False,False
2024-11-18T00:00:00Z,2024-11-19T00:00:00Z,89782.529999999999,92532,89453.110000000001,90549.339999999997,78257155574.174194,1799245714803.5601,2024-11-18,2024-11-19,False,False
2024-11-19T00:00:00Z,2024-11-20T00:00:00Z,90406.059999999998,93836.940000000002,90406.059999999998,92119.470000000001,103897079169.33099,1818536542335.75,2024-11-19,2024-11-20,False,False
2024-11-20T00:00:00Z,2024-11-21T00:00:00Z,92212.039999999994,94819.960000000006,91505.990000000005,94174.710000000006,104283260657.965,1845779458933.1599,2024-11-20,2024-11-21,False,False
2024-11-21T00:00:00Z,2024-11-22T00:00:00Z,94267.410000000003,98789.880000000005,94111.910000000003,98425.929999999993,124061794774.17101,1920870646501.51,2024-11-21,2024-11-22,False,False
2024-11-22T00:00:00Z,2024-11-23T00:00:00Z,98311.380000000005,99498.520000000004,97252,98851.490000000005,120715743965.815,1952242799854.8,2024-11-22,2024-11-23,False,False
2024-11-23T00:00:00Z,2024-11-24T00:00:00Z,98788.339999999997,98874.929999999993,97191.990000000005,97628.020000000004,83162177003.700394,1944474660716.5801,2024-11-23,2024-11-24,False,False
2024-11-24T00:00:00Z,2024-11-25T00:00:00Z,97693.539999999994,98515.160000000003,95759.990000000005,97867.460000000006,59912158588,1927720657888.8999,2024-11-24,2024-11-25,False,False
2024-11-25T00:00:00Z,2024-11-26T00:00:00Z,97736.050000000003,98746.639999999999,92896.179999999993,93079.669999999998,81967757600.003494,1914571548708,2024-11-25,2024-11-26,False,False
2024-11-26T00:00:00Z,2024-11-27T00:00:00Z,93064.009999999995,94915.389999999999,90860.029999999999,91993.220000000001,130295482809.854,1842938063042.6101,2024-11-26,2024-11-27,False,False
2024-11-27T00:00:00Z,2024-11-28T00:00:00Z,91826.509999999995,97208.229999999996,91808,95899.860000000001,105995810362.98599,1864500796914.04,2024-11-27,2024-11-28,False,False
2024-11-28T00:00:00Z,2024-11-29T00:00:00Z,95850.020000000004,96560.020000000004,94688,95632.029999999999,91367563526.648102,1887668008967.45,2024-11-28,2024-11-29,False,False
2024-11-29T00:00:00Z,2024-11-30T00:00:00Z,95627.240000000005,98564.619999999995,95432.020000000004,97383.699999999997,73540702253.372803,1915376254328.6001,2024-11-29,2024-11-30,False,False
2024-11-30T00:00:00Z,2024-12-01T00:00:00Z,97317.529999999999,97329.919999999998,96137.479999999996,96436.009999999995,75686925475.529602,1913487930004.8899,2024-11-30,2024-12-01,False,False
2024-12-01T00:00:00Z,2024-12-02T00:00:00Z,96505.880000000005,97767.639999999999,95776.259999999995,97236.300000000003,53606873251.679398,1916922956139.9099,2024-12-01,2024-12-02,False,False
2024-12-02T00:00:00Z,2024-12-03T00:00:00Z,97183.979999999996,98051.179999999993,94625.380000000005,95807.600000000006,85292808199.567993,1901101405235.6699,2024-12-02,2024-12-03,False,False
2024-12-03T00:00:00Z,2024-12-04T00:00:00Z,95836.050000000003,96238.100000000006,93618.440000000002,95970.929999999993,106465586145.65199,1890160822157.02,2024-12-03,2024-12-04,False,False
2024-12-04T00:00:00Z,2024-12-05T00:00:00Z,95903.259999999995,98975.080000000002,94814.649999999994,98730.990000000005,105283404459.627,1908424124261.8201,2024-12-04,2024-12-05,False,False
2024-12-05T00:00:00Z,2024-12-06T00:00:00Z,98519.929999999993,103484,93912.020000000004,97013.919999999998,184824248794.09399,2000657732351.0801,2024-12-05,2024-12-06,False,False
2024-12-06T00:00:00Z,2024-12-07T00:00:00Z,96580.039999999994,101861,96520.479999999996,99798.479999999996,188013492242.11899,1957049343779.04,2024-12-06,2024-12-07,False,False
2024-12-07T00:00:00Z,2024-12-08T00:00:00Z,99820.380000000005,100428,99055.929999999993,99699.990000000005,113320436919.22,1972842731971.01,2024-12-07,2024-12-08,False,False
2024-12-08T00:00:00Z,2024-12-09T00:00:00Z,99907.979999999996,101215,98843.960000000006,101215,66927756250.630699,1975119878167.8201,2024-12-08,2024-12-09,False,False
2024-12-09T00:00:00Z,2024-12-10T00:00:00Z,100968,100968,94947.979999999996,97422.429999999993,106531591106.007,1949270156774.8401,2024-12-09,2024-12-10,False,False
2024-12-10T00:00:00Z,2024-12-11T00:00:00Z,97052.539999999994,98128.020000000004,94371.100000000006,96628.009999999995,166373033665.11801,1916908391045.05,2024-12-10,2024-12-11,False,False
2024-12-11T00:00:00Z,2024-12-12T00:00:00Z,96716.029999999999,101825,95777.210000000006,101074,137792236580.89899,1955907945691.6899,2024-12-11,2024-12-12,False,False
2024-12-12T00:00:00Z,2024-12-13T00:00:00Z,101062,102497,99422.229999999996,100041,119055118107,1994228389410.8601,2024-12-12,2024-12-13,False,False
2024-12-13T00:00:00Z,2024-12-14T00:00:00Z,100068,101818,99295.320000000007,101371,109866813029.547,1988906701538.27,2024-12-13,2024-12-14,False,False
2024-12-14T00:00:00Z,2024-12-15T00:00:00Z,101401,102589,100706,101364,90624467771.466904,2009150944519.6101,2024-12-14,2024-12-15,False,False
2024-12-15T00:00:00Z,2024-12-16T00:00:00Z,101478,104921,101316,104621,74032778621.992996,2029652386963.8999,2024-12-15,2024-12-16,False,False
2024-12-16T00:00:00Z,2024-12-17T00:00:00Z,104608,107768,103425,106010,117242854002.951,2084952957360.5901,2024-12-16,2024-12-17,False,False
2024-12-17T00:00:00Z,2024-12-18T00:00:00Z,105999,108239,105549,106052,124224918390.467,2112523563111.8101,2024-12-17,2024-12-18,False,False
2024-12-18T00:00:00Z,2024-12-19T00:00:00Z,106053,106444,100172,100368,122105965620.286,2057582532859.8999,2024-12-18,2024-12-19,False,False
2024-12-19T00:00:00Z,2024-12-20T00:00:00Z,100573,102672,96026.570000000007,97874.660000000003,128536950315.763,1985173434398.6899,2024-12-19,2024-12-20,False,False
2024-12-20T00:00:00Z,2024-12-21T00:00:00Z,97611.970000000001,98200.449999999997,92450,97691.360000000001,139703232932.27499,1909058168447.5901,2024-12-20,2024-12-21,False,False
2024-12-21T00:00:00Z,2024-12-22T00:00:00Z,97696.080000000002,99490.360000000001,96639.149999999994,97253.029999999999,103445426511.101,1933881968477.8501,2024-12-21,2024-12-22,False,False
2024-12-22T00:00:00Z,2024-12-23T00:00:00Z,97178.720000000001,97408.039999999994,94288.039999999994,95136.869999999995,60172030056.139397,1906302613170.8401,2024-12-22,2024-12-23,False,False
2024-12-23T00:00:00Z,2024-12-24T00:00:00Z,95181.300000000003,96433.710000000006,92587.990000000005,94748.020000000004,74389445085.735199,1876386494838.1599,2024-12-23,2024-12-24,False,False
2024-12-24T00:00:00Z,2024-12-25T00:00:00Z,94736.639999999999,99280.009999999995,93712.179999999993,98805.899999999994,76323175683.212494,1899057311855.5801,2024-12-24,2024-12-25,False,False
2024-12-25T00:00:00Z,2024-12-26T00:00:00Z,98612.369999999995,99436,97676.75,99436,62036161613.876801,1949704818370.47,2024-12-25,2024-12-26,False,False
2024-12-26T00:00:00Z,2024-12-27T00:00:00Z,99792,99940.029999999999,95249.509999999995,95830.419999999998,58620968526.585403,1915420141811.5901,2024-12-26,2024-12-27,False,False
2024-12-27T00:00:00Z,2024-12-28T00:00:00Z,95848.070000000007,97199.960000000006,93527.75,94452.570000000007,66231541525.759598,1892533809243.1399,2024-12-27,2024-12-28,False,False
2024-12-28T00:00:00Z,2024-12-29T00:00:00Z,94394.880000000005,95394.070000000007,94098.119999999995,95204.070000000007,54047947732.662003,1875425836828.8201,2024-12-28,2024-12-29,False,False
2024-12-29T00:00:00Z,2024-12-30T00:00:00Z,95233.869999999995,95272.029999999999,93069.720000000001,93659.559999999998,35660027972.345001,1872836839162.9399,2024-12-29,2024-12-30,False,False
2024-12-30T00:00:00Z,2024-12-31T00:00:00Z,93610.589999999997,94951.179999999993,91603.059999999998,92811.029999999999,58331914971.832802,1850687915427.8701,2024-12-30,2024-12-31,False,False
2024-12-31T00:00:00Z,2025-01-01T00:00:00Z,92728.070000000007,96016.009999999995,92161.960000000006,93647.009999999995,75351850923.655106,1856486204953.78,2024-12-31,2025-01-01,False,False
2025-01-01T00:00:00Z,2025-01-02T00:00:00Z,93650.830000000002,95074.460000000006,93070.570000000007,94610.139999999999,51859876687.916397,1860687393383.27,2025-01-01,2025-01-02,False,False
2025-01-02T00:00:00Z,2025-01-03T00:00:00Z,94474.309999999998,97820.940000000002,94459.990000000005,96949.179999999993,52199445640.069702,1907089349114.53,2025-01-02,2025-01-03,False,False
2025-01-03T00:00:00Z,2025-01-04T00:00:00Z,96981.539999999994,98944.630000000005,96123.559999999998,98126.639999999999,58117695882.721298,1926076511509.8999,2025-01-03,2025-01-04,False,False
2025-01-04T00:00:00Z,2025-01-05T00:00:00Z,98209.880000000005,98727.990000000005,97560.779999999999,98259.429999999993,47085373030.804901,1941545303077.22,2025-01-04,2025-01-05,False,False
2025-01-05T00:00:00Z,2025-01-06T00:00:00Z,98216.110000000001,98757.559999999998,97339.160000000003,98394.570000000007,33142539323.965199,1942558010009.6299,2025-01-05,2025-01-06,False,False
2025-01-06T00:00:00Z,2025-01-07T00:00:00Z,98457.509999999995,102440,97983.220000000001,102222,53401942771.3881,1984108911405.21,2025-01-06,2025-01-07,False,False
2025-01-07T00:00:00Z,2025-01-08T00:00:00Z,102109,102444,96206.190000000002,96916.639999999999,72033067738.867599,1978855407463.71,2025-01-07,2025-01-08,False,False
2025-01-08T00:00:00Z,2025-01-09T00:00:00Z,96712,97268.669999999998,92991.309999999998,95059.960000000006,85737267513.487793,1891194933246.04,2025-01-08,2025-01-09,False,False
2025-01-09T00:00:00Z,2025-01-10T00:00:00Z,94962.470000000001,95340.899999999994,91245.710000000006,92406.110000000001,85716154823.756104,1851270937380.6499,2025-01-09,2025-01-10,False,False
2025-01-10T00:00:00Z,2025-01-11T00:00:00Z,92592.399999999994,95738.270000000004,92418.350000000006,94749.979999999996,84405720218.445999,1866359318259.1699,2025-01-10,2025-01-11,False,False
2025-01-11T00:00:00Z,2025-01-12T00:00:00Z,94705.809999999998,95009.179999999993,93900.149999999994,94595.970000000001,60600829825.087097,1869739138503.3401,2025-01-11,2025-01-12,False,False
2025-01-12T00:00:00Z,2025-01-13T00:00:00Z,94635.039999999994,95314.070000000007,93804.149999999994,94489.929999999993,26704832659.024399,1872700186059.3899,2025-01-12,2025-01-13,False,False
2025-01-13T00:00:00Z,2025-01-14T00:00:00Z,94583.860000000001,95759.979999999996,90000.020000000004,94474.289999999994,60704225079.4216,1843035365618.5701,2025-01-13,2025-01-14,False,False
2025-01-14T00:00:00Z,2025-01-15T00:00:00Z,94523.940000000002,97316.059999999998,94354.800000000003,96624.149999999994,89162525730.665497,1899683295814.72,2025-01-14,2025-01-15,False,False
2025-01-15T00:00:00Z,2025-01-16T00:00:00Z,96506.979999999996,100638,96506.979999999996,100280,70069304045.505203,1942834773949.3501,2025-01-15,2025-01-16,False,False
2025-01-16T00:00:00Z,2025-01-17T00:00:00Z,100491,100616,97514.910000000003,100050,74992466216.372803,1971703690414.04,2025-01-16,2025-01-17,False,False
2025-01-17T00:00:00Z,2025-01-18T00:00:00Z,100045,105828,100044,104119,80029703797.128906,2036603783703.03,2025-01-17,2025-01-18,False,False
2025-01-18T00:00:00Z,2025-01-19T00:00:00Z,104227,104959,102360,104415,79851654021.581894,2056406022697.46,2025-01-18,2025-01-19,False,False
2025-01-19T00:00:00Z,2025-01-20T00:00:00Z,104401,106354,99673.270000000004,101378,71704147685.811798,2074454879075.4399,2025-01-19,2025-01-20,False,False
2025-01-20T00:00:00Z,2025-01-21T00:00:00Z,100825,109079,99832.979999999996,101926,148057020106.46701,2073876283580.3301,2025-01-20,2025-01-21,False,False
2025-01-21T00:00:00Z,2025-01-22T00:00:00Z,101743,107133,100480,106198,139085618268.77399,2058710070902.3,2025-01-21,2025-01-22,False,False
2025-01-22T00:00:00Z,2025-01-23T00:00:00Z,106011,106189,103417,103720,87286860083.742203,2078211862894.29,2025-01-22,2025-01-23,False,False
2025-01-23T00:00:00Z,2025-01-24T00:00:00Z,103723,106461,101276,104039,88297171088.606293,2045675220954.8799,2025-01-23,2025-01-24,False,False
2025-01-24T00:00:00Z,2025-01-25T00:00:00Z,103849,106948,102800,104811,115078130761.188,2081402267735.8501,2025-01-24,2025-01-25,False,False
2025-01-25T00:00:00Z,2025-01-26T00:00:00Z,104775,105232,104145,104816,52193881184.1045,2074620118168.54,2025-01-25,2025-01-26,False,False
2025-01-26T00:00:00Z,2025-01-27T00:00:00Z,104772,105393,102623,102623,28989514906.487801,2076926468772.1299,2025-01-26,2025-01-27,False,False
2025-01-27T00:00:00Z,2025-01-28T00:00:00Z,102875,103225,97785.259999999995,101986,77302679559.202103,1989535139826.0701,2025-01-27,2025-01-28,False,False
2025-01-28T00:00:00Z,2025-01-29T00:00:00Z,102543,103556,100333,101344,81875109431.445999,2028605776021.78,2025-01-28,2025-01-29,False,False
2025-01-29T00:00:00Z,2025-01-30T00:00:00Z,101389,104646,101376,103705,56703543830.986099,2031386072112.6499,2025-01-29,2025-01-30,False,False
2025-01-30T00:00:00Z,2025-01-31T00:00:00Z,103543,106208,103396,104793,75054210025.515701,2082326892923.21,2025-01-30,2025-01-31,False,False
2025-01-31T00:00:00Z,2025-02-01T00:00:00Z,104840,105807,101632,102391,76033677211.550507,2061170283945.47,2025-01-31,2025-02-01,False,False
2025-02-01T00:00:00Z,2025-02-02T00:00:00Z,102318,102760,100288,100649,53430949036.512199,2020755402343.0701,2025-02-01,2025-02-02,False,False
2025-02-02T00:00:00Z,2025-02-03T00:00:00Z,100604,101386,96763.020000000004,97584.889999999999,53761921059.804901,1963730284765.22,2025-02-02,2025-02-03,False,False
2025-02-03T00:00:00Z,2025-02-04T00:00:00Z,97418.199999999997,102289,92692.130000000005,101371,130618314576.784,1917963058416.8799,2025-02-03,2025-02-04,False,False
2025-02-04T00:00:00Z,2025-02-05T00:00:00Z,101443,101613,96332.979999999996,98027.990000000005,101079670880.77699,1967339128697.9199,2025-02-04,2025-02-05,False,False
2025-02-05T00:00:00Z,2025-02-06T00:00:00Z,97979.889999999999,98876.149999999994,96296.479999999996,96594.389999999999,81517859048.121994,1936883763799.7,2025-02-05,2025-02-06,False,False
2025-02-06T00:00:00Z,2025-02-07T00:00:00Z,96806.369999999995,99108.309999999998,95885.570000000007,96586.850000000006,60696114350.752602,1931608477135.98,2025-02-06,2025-02-07,False,False
2025-02-07T00:00:00Z,2025-02-08T00:00:00Z,96755.940000000002,100023,95661.119999999995,96503.929999999993,67990905956.731697,1928083793909.22,2025-02-07,2025-02-08,False,False
2025-02-08T00:00:00Z,2025-02-09T00:00:00Z,96447.899999999994,96847.820000000007,95717.839999999997,96544.970000000001,62373810394.243896,1908201665424.3701,2025-02-08,2025-02-09,False,False
2025-02-09T00:00:00Z,2025-02-10T00:00:00Z,96442.539999999994,97278.039999999994,94807.910000000003,96515.220000000001,32116590763.278702,1912714801489.0601,2025-02-09,2025-02-10,False,False
2025-02-10T00:00:00Z,2025-02-11T00:00:00Z,96782.880000000005,98215.75,95499.979999999996,97372.050000000003,53325970816.783997,1925993184810.27,2025-02-10,2025-02-11,False,False
2025-02-11T00:00:00Z,2025-02-12T00:00:00Z,97467.690000000002,98424.330000000002,94926.490000000005,95783.600000000006,46753246914.397202,1925449737443.76,2025-02-11,2025-02-12,False,False
2025-02-12T00:00:00Z,2025-02-13T00:00:00Z,95885.710000000006,98044.110000000001,94336.270000000004,97799.929999999993,58173352163.365898,1907453414925.05,2025-02-12,2025-02-13,False,False
2025-02-13T00:00:00Z,2025-02-14T00:00:00Z,97692.800000000003,98062.169999999998,95360.039999999994,96551.639999999999,63136043802.055801,1910325646084.8201,2025-02-13,2025-02-14,False,False
2025-02-14T00:00:00Z,2025-02-15T00:00:00Z,96634.169999999998,98629.059999999998,96322.619999999995,97483.360000000001,48799409930.808403,1923503926457.9199,2025-02-14,2025-02-15,False,False
2025-02-15T00:00:00Z,2025-02-16T00:00:00Z,97441.960000000006,97964.820000000007,97286.160000000003,97551.710000000006,43880503845.8293,1933527836923.8301,2025-02-15,2025-02-16,False,False
2025-02-16T00:00:00Z,2025-02-17T00:00:00Z,97608.910000000003,97702.410000000003,96126.979999999996,96126.979999999996,24935455179.877998,1925797865419.8999,2025-02-16,2025-02-17,False,False
2025-02-17T00:00:00Z,2025-02-18T00:00:00Z,96158.199999999997,96928.960000000006,95233.089999999997,95811.350000000006,35606804164.090599,1903929147306.72,2025-02-17,2025-02-18,False,False
2025-02-18T00:00:00Z,2025-02-19T00:00:00Z,95872.110000000001,96639.699999999997,93494.190000000002,95532.970000000001,46646393397.853699,1890961780614.72,2025-02-18,2025-02-19,False,False
2025-02-19T00:00:00Z,2025-02-20T00:00:00Z,95611.050000000003,96824.869999999995,95041.740000000005,96559.300000000003,57227125160.449501,1901422869029.98,2025-02-19,2025-02-20,False,False
2025-02-20T00:00:00Z,2025-02-21T00:00:00Z,96655.169999999998,98684.869999999995,96496.279999999999,98386.990000000005,46556523351.6446,1931015802953.6899,2025-02-20,2025-02-21,False,False
2025-02-21T00:00:00Z,2025-02-22T00:00:00Z,98405.089999999997,99433.960000000006,95005.589999999997,96161.179999999993,55048598577.076698,1937089206914.21,2025-02-21,2025-02-22,False,False
2025-02-22T00:00:00Z,2025-02-23T00:00:00Z,96007.970000000001,96874.020000000004,95804.039999999994,96551.039999999994,62605448425.714302,1911875378462.3201,2025-02-22,2025-02-23,False,False
2025-02-23T00:00:00Z,2025-02-24T00:00:00Z,96525.929999999993,96649.990000000005,95261.669999999998,96247.990000000005,28491898334.811798,1903376303185.5801,2025-02-23,2025-02-24,False,False
2025-02-24T00:00:00Z,2025-02-25T00:00:00Z,96247.369999999995,96496.490000000005,91453.660000000003,91453.660000000003,42915703251.609802,1884412293752.23,2025-02-24,2025-02-25,False,False
2025-02-25T00:00:00Z,2025-02-26T00:00:00Z,91725.789999999994,92516.399999999994,86329.960000000006,88797.339999999997,103570253695.43201,1771178337014.8301,2025-02-25,2025-02-26,False,False
2025-02-26T00:00:00Z,2025-02-27T00:00:00Z,88600.080000000002,89398.460000000006,82402.479999999996,84000,99646076735.108002,1730505919717.1101,2025-02-26,2025-02-27,False,False
2025-02-27T00:00:00Z,2025-02-28T00:00:00Z,84352.25,87020.639999999999,82853.949999999997,84813.779999999999,100592101371.188,1689394103519.3601,2025-02-27,2025-02-28,False,False
2025-02-28T00:00:00Z,2025-03-01T00:00:00Z,84874.360000000001,84888.199999999997,78534.470000000001,84501.009999999995,114808770267.345,1624974944099.3101,2025-02-28,2025-03-01,False,False
2025-03-01T00:00:00Z,2025-03-02T00:00:00Z,84307.460000000006,86541.419999999998,83867.880000000005,86006.059999999998,82169791727.766602,1686655018938.96,2025-03-01,2025-03-02,False,False
2025-03-02T00:00:00Z,2025-03-03T00:00:00Z,86055.009999999995,94808.020000000004,85107.399999999994,94233.809999999998,54036914312.341499,1751024149322.3201,2025-03-02,2025-03-03,False,False
2025-03-03T00:00:00Z,2025-03-04T00:00:00Z,93956.009999999995,93956.009999999995,85353.300000000003,86286.029999999999,109083137930.82201,1800579423466.4399,2025-03-03,2025-03-04,False,False
2025-03-04T00:00:00Z,2025-03-05T00:00:00Z,86086.020000000004,88848.479999999996,81942.809999999998,87322.119999999995,107614421820.401,1678926609763.71,2025-03-04,2025-03-05,False,False
2025-03-05T00:00:00Z,2025-03-06T00:00:00Z,87062.039999999994,90855.970000000001,86429.910000000003,90614.419999999998,90614579558.487793,1757706315377.23,2025-03-05,2025-03-06,False,False
2025-03-06T00:00:00Z,2025-03-07T00:00:00Z,90680.380000000005,92738.039999999994,88101.889999999999,90056.860000000001,77139096015.503494,1793579350158.51,2025-03-06,2025-03-07,False,False
2025-03-07T00:00:00Z,2025-03-08T00:00:00Z,90117.990000000005,90938.710000000006,85051.679999999993,86832.990000000005,97762631402.494797,1746105339032.8999,2025-03-07,2025-03-08,False,False
2025-03-08T00:00:00Z,2025-03-09T00:00:00Z,86715.979999999996,86866.210000000006,85265.529999999999,86159.899999999994,72159444573.933807,1709870247214.3101,2025-03-08,2025-03-09,False,False
2025-03-09T00:00:00Z,2025-03-10T00:00:00Z,86164.449999999997,86449.410000000003,80213.410000000003,80771.679999999993,34642707910.613197,1673321126853.4299,2025-03-09,2025-03-10,False,False
2025-03-10T00:00:00Z,2025-03-11T00:00:00Z,81277.029999999999,83767.509999999995,77523.990000000005,78794.690000000002,73877158367.665497,1606216749264.52,2025-03-10,2025-03-11,False,False
2025-03-11T00:00:00Z,2025-03-12T00:00:00Z,78951.25,83390.389999999999,76794.339999999997,82840.240000000005,89456436399.135895,1607287578220.8601,2025-03-11,2025-03-12,False,False
2025-03-12T00:00:00Z,2025-03-13T00:00:00Z,82799.949999999997,84070.350000000006,80915.880000000005,83887.279999999999,76918860094.909393,1637675141128.0701,2025-03-12,2025-03-13,False,False
2025-03-13T00:00:00Z,2025-03-14T00:00:00Z,83827.619999999995,84187.970000000001,79995.679999999993,81146.119999999995,61086516899.390198,1632602135516.2,2025-03-13,2025-03-14,False,False
2025-03-14T00:00:00Z,2025-03-15T00:00:00Z,80991.380000000005,85126.589999999997,80866.259999999995,83957.610000000001,56526744237.568001,1649042021849.3799,2025-03-14,2025-03-15,False,False
2025-03-15T00:00:00Z,2025-03-16T00:00:00Z,84063.169999999998,84652.220000000001,83675.089999999997,84368.360000000001,46550538210.571404,1670909585731.3701,2025-03-15,2025-03-16,False,False
2025-03-16T00:00:00Z,2025-03-17T00:00:00Z,84346.050000000003,84739.839999999997,82065.509999999995,82576.960000000006,31567641071.923302,1657871852100.8501,2025-03-16,2025-03-17,False,False
2025-03-17T00:00:00Z,2025-03-18T00:00:00Z,82643.229999999996,84663.789999999994,82643.229999999996,84067.570000000007,47257506664.226501,1657349084338.1299,2025-03-17,2025-03-18,False,False
2025-03-18T00:00:00Z,2025-03-19T00:00:00Z,83919.259999999995,83949.089999999997,81221.470000000001,82799.029999999999,96487660396.658493,1637257935310.46,2025-03-18,2025-03-19,False,False
2025-03-19T00:00:00Z,2025-03-20T00:00:00Z,82658.809999999998,86891.949999999997,82611.589999999997,86793.699999999997,78132906441.672501,1666735074297.4399,2025-03-19,2025-03-20,False,False
2025-03-20T00:00:00Z,2025-03-21T00:00:00Z,87309.289999999994,87410.589999999997,83765.740000000005,84304.830000000002,62868771995.125397,1691193356249.71,2025-03-20,2025-03-21,False,False
2025-03-21T00:00:00Z,2025-03-22T00:00:00Z,84335.639999999999,84789.600000000006,83364.809999999998,84050.179999999993,70499840455.275299,1669094291927.6599,2025-03-21,2025-03-22,False,False
2025-03-22T00:00:00Z,2025-03-23T00:00:00Z,84074.520000000004,84528.350000000006,83742.100000000006,83798.130000000005,92973716555.330994,1669817632499.8,2025-03-22,2025-03-23,False,False
2025-03-23T00:00:00Z,2025-03-24T00:00:00Z,83833.25,85804.350000000006,83833.25,85750.020000000004,65768043880.174202,1679311077904.3501,2025-03-23,2025-03-24,False,False
2025-03-24T00:00:00Z,2025-03-25T00:00:00Z,85967.419999999998,88654.160000000003,85568.550000000003,87365.979999999996,92018925791.756104,1732703257782.78,2025-03-24,2025-03-25,False,False
2025-03-25T00:00:00Z,2025-03-26T00:00:00Z,87345.149999999994,88448.529999999999,86349.979999999996,87483.059999999998,56119416636.4077,1731916339831.7,2025-03-25,2025-03-26,False,False
2025-03-26T00:00:00Z,2025-03-27T00:00:00Z,87333.610000000001,88245.259999999995,85937.460000000006,86945.410000000003,47668895554.223,1731789281821.98,2025-03-26,2025-03-27,False,False
2025-03-27T00:00:00Z,2025-03-28T00:00:00Z,86943.660000000003,87706.660000000003,85938.039999999994,87233.759999999995,45790132375.125397,1729988949434.1799,2025-03-27,2025-03-28,False,False
2025-03-28T00:00:00Z,2025-03-29T00:00:00Z,87134.990000000005,87487.479999999996,83664.960000000006,84428.009999999995,50686956680.822304,1689251677527.3,2025-03-28,2025-03-29,False,False
2025-03-29T00:00:00Z,2025-03-30T00:00:00Z,84364.839999999997,84573.509999999995,81771.860000000001,82659.110000000001,42848927373.230003,1649214876303.6799,2025-03-29,2025-03-30,False,False
2025-03-30T00:00:00Z,2025-03-31T00:00:00Z,82655.669999999998,83524.979999999996,81650.449999999997,82345.820000000007,31733338256.850201,1643757273158.95,2025-03-30,2025-03-31,False,False
2025-03-31T00:00:00Z,2025-04-01T00:00:00Z,82393.710000000006,83750,81365.020000000004,82541.289999999994,38919650975.466904,1633849331577.0701,2025-03-31,2025-04-01,False,False
2025-04-01T00:00:00Z,2025-04-02T00:00:00Z,82612.639999999999,85417.940000000002,82470.009999999995,85216.809999999998,47683970204.780502,1667079854423.46,2025-04-01,2025-04-02,False,False
2025-04-02T00:00:00Z,2025-04-03T00:00:00Z,85170.679999999993,87898.009999999995,82487.399999999994,82548.309999999998,52376111578.414597,1688190001005.2,2025-04-02,2025-04-03,False,False
2025-04-03T00:00:00Z,2025-04-04T00:00:00Z,82259.029999999999,83781.699999999997,81307.75,83199.949999999997,77668432600.055801,1643472264746.05,2025-04-03,2025-04-04,False,False
2025-04-04T00:00:00Z,2025-04-05T00:00:00Z,83259.080000000002,84676.270000000004,81767.529999999999,83879.860000000001,62632262272.247398,1654910625336.7,2025-04-04,2025-04-05,False,False
2025-04-05T00:00:00Z,2025-04-06T00:00:00Z,83769.119999999995,84219.699999999997,82384.970000000001,83582.029999999999,54248864825.992996,1654109742457.3999,2025-04-05,2025-04-06,False,False
2025-04-06T00:00:00Z,2025-04-07T00:00:00Z,83533.449999999997,83704.759999999995,77296.389999999999,78310.339999999997,29747694061.909401,1626851505050.8501,2025-04-06,2025-04-07,False,False
2025-04-07T00:00:00Z,2025-04-08T00:00:00Z,77958.020000000004,80226.149999999994,74530.039999999994,79261.190000000002,101964447739.57201,1544464239033.29,2025-04-07,2025-04-08,False,False
2025-04-08T00:00:00Z,2025-04-09T00:00:00Z,79265.029999999999,80757.990000000005,76352.029999999999,76379.960000000006,95111641621.428604,1562372791770.1001,2025-04-08,2025-04-09,False,False
2025-04-09T00:00:00Z,2025-04-10T00:00:00Z,76067.550000000003,83476.479999999996,74670.300000000003,82619.880000000005,89266414295.574905,1556205608697.8201,2025-04-09,2025-04-10,False,False
2025-04-10T00:00:00Z,2025-04-11T00:00:00Z,82617.979999999996,82617.979999999996,78750.380000000005,79609.669999999998,94987109013.121994,1608320178162.25,2025-04-10,2025-04-11,False,False
2025-04-11T00:00:00Z,2025-04-12T00:00:00Z,79575.970000000001,84102.660000000003,79006.600000000006,83520.029999999999,68172551563.090599,1628880458512.5801,2025-04-11,2025-04-12,False,False
2025-04-12T00:00:00Z,2025-04-13T00:00:00Z,83359.289999999994,85786.190000000002,82810.940000000002,85288.460000000006,69354362438.216003,1670075109950.1699,2025-04-12,2025-04-13,False,False
2025-04-13T00:00:00Z,2025-04-14T00:00:00Z,85285.139999999999,85780.080000000002,83171.600000000006,83693.100000000006,60526622123.9617,1676455094379.0701,2025-04-13,2025-04-14,False,False
2025-04-14T00:00:00Z,2025-04-15T00:00:00Z,83779.100000000006,85756,83773.399999999994,84495.070000000007,70255422114.090607,1680958424657.8799,2025-04-14,2025-04-15,False,False
2025-04-15T00:00:00Z,2025-04-16T00:00:00Z,84521.75,86413.410000000003,83632.779999999999,83677.649999999994,57960999450.003502,1687913843445.48,2025-04-15,2025-04-16,False,False
2025-04-16T00:00:00Z,2025-04-17T00:00:00Z,83652.139999999999,85332.949999999997,83163.100000000006,84051.960000000006,45342365089.334503,1667600790769.74,2025-04-16,2025-04-17,False,False
2025-04-17T00:00:00Z,2025-04-18T00:00:00Z,84081.070000000007,85426.940000000002,83814.619999999995,84931.220000000001,43303482367.146301,1678993522204.3201,2025-04-17,2025-04-18,False,False
2025-04-18T00:00:00Z,2025-04-19T00:00:00Z,84892.789999999994,85109.279999999999,84344.029999999999,84464.639999999999,30940394080.191601,1679968878910.5701,2025-04-18,2025-04-19,False,False
2025-04-19T00:00:00Z,2025-04-20T00:00:00Z,84484.979999999996,85510.039999999994,84368.600000000006,85127.559999999998,22003243113.909401,1689659242621.3501,2025-04-19,2025-04-20,False,False
2025-04-20T00:00:00Z,2025-04-21T00:00:00Z,85059.770000000004,85320.149999999994,84018.529999999999,85095.419999999998,23639652101.369301,1683010284160.1599,2025-04-20,2025-04-21,False,False
2025-04-21T00:00:00Z,2025-04-22T00:00:00Z,85190.580000000002,88358.479999999996,85190.580000000002,87525.710000000006,46101744164.783997,1733086941755.3101,2025-04-21,2025-04-22,False,False
2025-04-22T00:00:00Z,2025-04-23T00:00:00Z,87556.880000000005,93729.039999999994,87306.039999999994,93375.160000000003,61394088008.167198,1780730400337.75,2025-04-22,2025-04-23,False,False
2025-04-23T00:00:00Z,2025-04-24T00:00:00Z,93642.389999999999,94383.809999999998,92155.5,93565.020000000004,79929153065.024399,1856407285385.8701,2025-04-23,2025-04-24,False,False
2025-04-24T00:00:00Z,2025-04-25T00:00:00Z,93577.440000000002,93989,91685.589999999997,93823.229999999996,59781596981.839699,1846190642756.77,2025-04-24,2025-04-25,False,False
2025-04-25T00:00:00Z,2025-04-26T00:00:00Z,93867.960000000006,95538.410000000003,92992.339999999997,94718.460000000006,57823015672.087097,1871335641432.8701,2025-04-25,2025-04-26,False,False
2025-04-26T00:00:00Z,2025-04-27T00:00:00Z,94769.970000000001,95159.979999999996,93958.350000000006,94622.600000000006,45320444896.177696,1875608936554.96,2025-04-26,2025-04-27,False,False
2025-04-27T00:00:00Z,2025-04-28T00:00:00Z,94608.660000000003,95118.880000000005,93699.990000000005,93762.210000000006,33903052084.1847,1869133400014.0601,2025-04-27,2025-04-28,False,False
2025-04-28T00:00:00Z,2025-04-29T00:00:00Z,93675.970000000001,95512.839999999997,92873.970000000001,95045.979999999996,47019637241.456398,1873289878196.03,2025-04-28,2025-04-29,False,False
2025-04-29T00:00:00Z,2025-04-30T00:00:00Z,94953.949999999997,95440.020000000004,93816.449999999997,94294.559999999998,53275148518.080101,1883311540612.01,2025-04-29,2025-04-30,False,False
2025-04-30T00:00:00Z,2025-05-01T00:00:00Z,94156.190000000002,95176.710000000006,93091.660000000003,94217.389999999999,51110036351.797897,1876366450656.8999,2025-04-30,2025-05-01,False,False
2025-05-01T00:00:00Z,2025-05-02T00:00:00Z,94238.059999999998,97408.729999999996,94238.059999999998,96452.410000000003,73100608322.055801,1903317418808.97,2025-05-01,2025-05-02,False,False
2025-05-02T00:00:00Z,2025-05-03T00:00:00Z,96531.919999999998,97754.320000000007,96351.869999999995,96834.720000000001,59617739654.3554,1925679416505.8701,2025-05-02,2025-05-03,False,False
2025-05-03T00:00:00Z,2025-05-04T00:00:00Z,96893.869999999995,96893.869999999995,95855.949999999997,95896.300000000003,39272722871.386803,1912513105363.99,2025-05-03,2025-05-04,False,False
2025-05-04T00:00:00Z,2025-05-05T00:00:00Z,95904.740000000005,96283.300000000003,94183.300000000003,94316.570000000007,30006728722.616699,1898465444222.99,2025-05-04,2025-05-05,False,False
2025-05-05T00:00:00Z,2025-05-06T00:00:00Z,94264.550000000003,95188.979999999996,93602.929999999993,94732.440000000002,40484381113.5784,1874518241879.49,2025-05-05,2025-05-06,False,False
2025-05-06T00:00:00Z,2025-05-07T00:00:00Z,94700.570000000007,96887.860000000001,93436.779999999999,96824.399999999994,41226240722.867599,1877543394650.8799,2025-05-06,2025-05-07,False,False
2025-05-07T00:00:00Z,2025-05-08T00:00:00Z,96758.759999999995,97582.479999999996,95830.940000000002,97032.320000000007,66944324988.317101,1923189617345.3201,2025-05-07,2025-05-08,False,False
2025-05-08T00:00:00Z,2025-05-09T00:00:00Z,97072.600000000006,103730,96917.589999999997,103079,113472456034.06599,1986875297727.24,2025-05-08,2025-05-09,False,False
2025-05-09T00:00:00Z,2025-05-10T00:00:00Z,103186,104124,102366,102976,147151393226.82599,2045886900373.4399,2025-05-09,2025-05-10,False,False
2025-05-10T00:00:00Z,2025-05-11T00:00:00Z,103078,104945,102866,104739,60326425793.585403,2054613460307.21,2025-05-10,2025-05-11,False,False
2025-05-11T00:00:00Z,2025-05-12T00:00:00Z,104866,104866,103389,103960,58238322698.372803,2068980187960.29,2025-05-11,2025-05-12,False,False
2025-05-12T00:00:00Z,2025-05-13T00:00:00Z,104193,105579,100844,102860,64739179229.299698,2057075900300.3601,2025-05-12,2025-05-13,False,False
2025-05-13T00:00:00Z,2025-05-14T00:00:00Z,102613,104947,101596,104227,69898356203.435593,2052736799029.3201,2025-05-13,2025-05-14,False,False
2025-05-14T00:00:00Z,2025-05-15T00:00:00Z,104015,104242,102769,103582,56588030391.696899,2057960732232.3899,2025-05-14,2025-05-15,False,False
2025-05-15T00:00:00Z,2025-05-16T00:00:00Z,103551,104095,101547,103715,50581733563.738701,2042516183007.75,2025-05-15,2025-05-16,False,False
2025-05-16T00:00:00Z,2025-05-17T00:00:00Z,103822,104448,103143,103458,58092167346.916397,2062440077581.72,2025-05-16,2025-05-17,False,False
2025-05-17T00:00:00Z,2025-05-18T00:00:00Z,103470,103670,102697,103181,43871702797.665497,2049397659223.24,2025-05-17,2025-05-18,False,False
2025-05-18T00:00:00Z,2025-05-19T00:00:00Z,103206,106394,103140,106394,39944096121.114998,2068898867601.6399,2025-05-18,2025-05-19,False,False
2025-05-19T00:00:00Z,2025-05-20T00:00:00Z,106570,106850,102170,105600,97659528667.989594,2069179881195.3701,2025-05-19,2025-05-20,False,False
2025-05-20T00:00:00Z,2025-05-21T00:00:00Z,105679,107252,104236,106669,65882025302.930298,2100420296993.8401,2025-05-20,2025-05-21,False,False
2025-05-21T00:00:00Z,2025-05-22T00:00:00Z,106905,109940,106104,109625,75066735086.243896,2134080105752.7,2025-05-21,2025-05-22,False,False
2025-05-22T00:00:00Z,2025-05-23T00:00:00Z,109833,111924,109346,111666,110978858812.261,2205136289657.6099,2025-05-22,2025-05-23,False,False
2025-05-23T00:00:00Z,2025-05-24T00:00:00Z,111525,111746,107020,107190,73702308030.557495,2183414885295.95,2025-05-23,2025-05-24,False,False
2025-05-24T00:00:00Z,2025-05-25T00:00:00Z,106905,109409,106905,107781,70585183306.714294,2155167747265.3,2025-05-24,2025-05-25,False,False
2025-05-25T00:00:00Z,2025-05-26T00:00:00Z,107943,109166,106700,108862,49701895673.574898,2138614664567.75,2025-05-25,2025-05-26,False,False
2025-05-26T00:00:00Z,2025-05-27T00:00:00Z,108935,110266,108806,109409,58086118230.108002,2176677665770.77,2025-05-26,2025-05-27,False,False
2025-05-27T00:00:00Z,2025-05-28T00:00:00Z,109352,110662,107966,108957,60988928308.449501,2174662570692.1699,2025-05-27,2025-05-28,False,False
2025-05-28T00:00:00Z,2025-05-29T00:00:00Z,108870,109205,106923,107773,56853679003.724701,2151436024711.95,2025-05-28,2025-05-29,False,False
2025-05-29T00:00:00Z,2025-05-30T00:00:00Z,107620,108887,105485,105689,57796066879.599297,2135019741164.55,2025-05-29,2025-05-30,False,False
2025-05-30T00:00:00Z,2025-05-31T00:00:00Z,105696,106275,103739,104015,66352202697.8955,2092326965847.5,2025-05-30,2025-05-31,False,False
2025-05-31T00:00:00Z,2025-06-01T00:00:00Z,104041,104900,103195,104703,52475030430.445999,2068239089342.6399,2025-05-31,2025-06-01,False,False
2025-06-01T00:00:00Z,2025-06-02T00:00:00Z,104537,105814,103795,105631,32056311613.919899,2078458788468.1201,2025-06-01,2025-06-02,False,False
2025-06-02T00:00:00Z,2025-06-03T00:00:00Z,105628,105909,103770,105843,41036672276.686401,2082367304548.1299,2025-06-02,2025-06-03,False,False
2025-06-03T00:00:00Z,2025-06-04T00:00:00Z,105782,106709,104900,105433,48502426329.773499,2100128462537.3701,2025-06-03,2025-06-04,False,False
2025-06-04T00:00:00Z,2025-06-05T00:00:00Z,105440,105953,104362,104731,45847119171.982597,2091567365418.24,2025-06-04,2025-06-05,False,False
2025-06-05T00:00:00Z,2025-06-06T00:00:00Z,104763,105885,100465,101594,46550352400.696899,2066879437555.1599,2025-06-05,2025-06-06,False,False
2025-06-06T00:00:00Z,2025-06-07T00:00:00Z,101442,105206,101322,104302,71765837767.160294,2059799830505.5701,2025-06-06,2025-06-07,False,False
2025-06-07T00:00:00Z,2025-06-08T00:00:00Z,104267,105943,104007,105603,42502836344.885002,2090884425894.6201,2025-06-07,2025-06-08,False,False
2025-06-08T00:00:00Z,2025-06-09T00:00:00Z,105512,106431,105001,105661,29825149295.658501,2101778399467.8899,2025-06-08,2025-06-09,False,False
2025-06-09T00:00:00Z,2025-06-10T00:00:00Z,105725,110347,105345,110193,41728015432.7631,2130933122113.3101,2025-06-09,2025-06-10,False,False
2025-06-10T00:00:00Z,2025-06-11T00:00:00Z,110185,110308,108460,110229,61595592778.8955,2175212283538.3899,2025-06-10,2025-06-11,False,False
2025-06-11T00:00:00Z,2025-06-12T00:00:00Z,110237,110329,108160,108682,50648708670.132401,2174061588020.02,2025-06-11,2025-06-12,False,False
2025-06-12T00:00:00Z,2025-06-13T00:00:00Z,108590,108756,105765,105868,50839129285.233498,2136142471012.1799,2025-06-12,2025-06-13,False,False
2025-06-13T00:00:00Z,2025-06-14T00:00:00Z,104938,106074,102951,106005,75605593353.438995,2083101019212.54,2025-06-13,2025-06-14,False,False
2025-06-14T00:00:00Z,2025-06-15T00:00:00Z,106020,106020,104384,105430,45347336959.501701,2089083258292.6799,2025-06-14,2025-06-15,False,False
2025-06-15T00:00:00Z,2025-06-16T00:00:00Z,105364,106065,104546,105498,28514944725.261299,2094271277770.04,2025-06-15,2025-06-16,False,False
2025-06-16T00:00:00Z,2025-06-17T00:00:00Z,105600,108784,105103,106936,39261478515.191597,2128645118801.3899,2025-06-16,2025-06-17,False,False
2025-06-17T00:00:00Z,2025-06-18T00:00:00Z,106593,107653,103554,104637,58097218434.083603,2101705926815.3301,2025-06-17,2025-06-18,False,False
2025-06-18T00:00:00Z,2025-06-19T00:00:00Z,104583,105535,103674,104708,55599543167.484299,2081873736500.3501,2025-06-18,2025-06-19,False,False
2025-06-19T00:00:00Z,2025-06-20T00:00:00Z,104849,105194,103960,104670,43098086127.783997,2080443516699.9199,2025-06-19,2025-06-20,False,False
2025-06-20T00:00:00Z,2025-06-21T00:00:00Z,104583,106437,102463,103284,38074191348.034798,2079106647501.1001,2025-06-20,2025-06-21,False,False
2025-06-21T00:00:00Z,2025-06-22T00:00:00Z,103252,103994,101150,101572,43364642681.6446,2052534193668.8601,2025-06-21,2025-06-22,False,False
2025-06-22T00:00:00Z,2025-06-23T00:00:00Z,102538,103160,98422.570000000007,100827,55296120690.641098,2013850602562.0601,2025-06-22,2025-06-23,False,False
2025-06-23T00:00:00Z,2025-06-24T00:00:00Z,100724,105970,99996.039999999994,105509,70590435541.902405,2029261305291.22,2025-06-23,2025-06-24,False,False
2025-06-24T00:00:00Z,2025-06-25T00:00:00Z,105387,106217,104698,106000,73785073586.379807,2095290197819.29,2025-06-24,2025-06-25,False,False
2025-06-25T00:00:00Z,2025-06-26T00:00:00Z,106040,108061,105860,107251,47844755720.282204,2126669743522.1399,2025-06-25,2025-06-26,False,False
2025-06-26T00:00:00Z,2025-06-27T00:00:00Z,107380,108245,106772,106943,46556468340.825798,2136491182892.54,2025-06-26,2025-06-27,False,False
2025-06-27T00:00:00Z,2025-06-28T00:00:00Z,106991,107622,106429,107054,40888587027.937302,2128720298740.21,2025-06-27,2025-06-28,False,False
2025-06-28T00:00:00Z,2025-06-29T00:00:00Z,106967,107490,106811,107304,30974932919.968601,2133014283523.95,2025-06-28,2025-06-29,False,False
2025-06-29T00:00:00Z,2025-06-30T00:00:00Z,107285,108440,107190,108389,20404786412.686401,2140729376428.48,2025-06-29,2025-06-30,False,False
2025-06-30T00:00:00Z,2025-07-01T00:00:00Z,108283,108760,106766,107071,35853591942.581902,2142867911801.72,2025-06-30,2025-07-01,False,False
2025-07-01T00:00:00Z,2025-07-02T00:00:00Z,107123,107492,105352,105594,40767271764.724701,2117410189982.22,2025-07-01,2025-07-02,False,False
2025-07-02T00:00:00Z,2025-07-03T00:00:00Z,105700,109682,105392,108847,49331382941.992996,2142436263341.8999,2025-07-02,2025-07-03,False,False
2025-07-03T00:00:00Z,2025-07-04T00:00:00Z,108974,110443,108561,109580,59640164758.397202,2176269493513.9199,2025-07-03,2025-07-04,False,False
2025-07-04T00:00:00Z,2025-07-05T00:00:00Z,109618,109737,107274,108023,45491863018.599297,2158317661288.6799,2025-07-04,2025-07-05,False,False
